ETSAKXX,211,44.89
ETSAXXA,106,22.55
EXSAKXA,81,17.23
EXSAKTX,77,16.38
XTSAKXA,76,16.17
ETXAKXA,75,15.96
ETSXKXA,75,15.96
ETSAXTX,75,15.96
AKXAXNV,71,15.11
ETSAXXS,70,14.89
ETSAXEX,70,14.89
ETSALXX,65,13.83
ETSAXXG,64,13.62
ETSAXDX,62,13.19
EXSAKXN,58,12.34
EXSAKEX,53,11.28
XTSAKTX,51,10.85
ETXAKTX,51,10.85
ETSXKTX,51,10.85
ETSAXXN,47,10
XTSAKXN,46,9.79
EXSAKXG,45,9.57
EXSAKXS,45,9.57
ETSAXNX,44,9.36
AXXATNV,43,9.15
XTSAKEX,43,9.15
XTSAKXS,42,8.94
EXSAKDX,42,8.94
ETXAKEX,42,8.94
ETSXKEX,42,8.94
XXEASAK,41,8.72
EASAKXX,41,8.72
ETXAKXS,41,8.72
ETSXKXS,41,8.72
ETXAKXN,40,8.51
ETSXKXN,40,8.51
FXEASAX,39,8.3
FXEASXK,38,8.09
EXSAKNX,38,8.09
ETXAKXG,38,8.09
FXXASAK,37,7.87
FXEXSAK,37,7.87
FXEAXAK,37,7.87
EXSAXTG,37,7.87
EXSAXTA,36,7.66
XTSAKXG,36,7.66
ETSXKXG,36,7.66
AXTAXNV,35,7.45
XTSAKNX,35,7.45
ETXAKNX,34,7.23
ETSXKNX,34,7.23
XXSAKTA,33,7.02
EXXAKTA,33,7.02
EXSXKTA,33,7.02
AKTAXNX,33,7.02
XTSAKDX,32,6.81
ETXAKDX,32,6.81
ETSXKDX,32,6.81
XKTAXNV,32,6.81
AKTXXNV,32,6.81
AKTAXXV,32,6.81
ETXAKAX,32,6.81
AKXATNX,31,6.6
XTSAXTA,31,6.6
ETXAXTA,31,6.6
ETSXXTA,31,6.6
ETSAXAX,31,6.6
XTSAXNA,31,6.6
XTSAKAX,30,6.38
EXSAKAX,30,6.38
ETSXKAX,30,6.38
XTSAXEA,30,6.38
EXSAXEA,30,6.38
ETXAXEA,30,6.38
ETSXXEA,30,6.38
EXSAXNA,30,6.38
ETXAXNA,30,6.38
ETSXXNA,30,6.38
XKXATNV,29,6.17
AKXXTNV,29,6.17
AKXATXV,29,6.17
XTXAKTA,29,6.17
XTSXKTA,29,6.17
ETXXKTA,29,6.17
SAKAXXN,29,6.17
XTSALXS,29,6.17
EXSALXS,29,6.17
ETXALXS,29,6.17
ETSXLXS,29,6.17
XXSAKNA,29,6.17
XTXAKNA,29,6.17
XTSXKNA,29,6.17
AKNAXNX,29,6.17
XTSAXTG,28,5.96
ETXAXTG,28,5.96
ETSXXTG,28,5.96
EXXAKNA,28,5.96
EXSXKNA,28,5.96
ETXXKNA,28,5.96
XTSAXDS,27,5.74
EXSAXDS,27,5.74
ETXAXDS,27,5.74
ETSXXDS,27,5.74
XXSAKTG,26,5.53
EASAXTX,26,5.53
XTSALDX,26,5.53
EXSALDX,26,5.53
ETXALDX,26,5.53
ETSXLDX,26,5.53
AXEAXNV,25,5.32
XTSALEX,25,5.32
EXSALEX,25,5.32
ETXALEX,25,5.32
ETSXLEX,25,5.32
AXNAXNV,25,5.32
XASAKTX,24,5.11
EAXAKTX,24,5.11
EASXKTX,24,5.11
XKNAXNV,23,4.89
AKNXXNV,23,4.89
AKNAXXV,23,4.89
XXNATNV,22,4.68
AXNXTNV,22,4.68
AXNATXV,22,4.68
AXNATNX,22,4.68
EXSAXEN,21,4.47
XTSALXA,21,4.47
EXSALXA,21,4.47
ETXALXA,21,4.47
ETSXLXA,21,4.47
XXSALDS,20,4.26
XTXALDS,20,4.26
XTSXLDS,20,4.26
EXXALDS,20,4.26
EXSXLDS,20,4.26
ETXXLDS,20,4.26
XKNXTNV,20,4.26
XKNATXV,20,4.26
XKNATNX,20,4.26
AKNXTXV,20,4.26
AKNXTNX,20,4.26
AKNATXX,20,4.26
AKXAINX,19,4.04
XXSAKEN,19,4.04
EXXAKEN,19,4.04
EXSXKEN,19,4.04
EXXAKTG,18,3.83
EXSXKTG,18,3.83
EXSAXES,18,3.83
EXSAKXD,18,3.83
ALXAXNV,18,3.83
EXSAKSX,17,3.62
ETSAXSX,17,3.62
XTSAXES,17,3.62
ETXAXES,17,3.62
ETSXXES,17,3.62
XXSALEA,17,3.62
XTXALEA,17,3.62
XTSXLEA,17,3.62
EXXALEA,17,3.62
EXSXLEA,17,3.62
ETXXLEA,17,3.62
ALEAXNX,17,3.62
XASAKXN,17,3.62
EAXAKXN,17,3.62
EASXKXN,17,3.62
EASAXXN,17,3.62
AXXAINV,16,3.4
XTXAKAG,16,3.4
EXXAKAG,16,3.4
ETXXKAG,16,3.4
ETXAXAG,16,3.4
XAKAGXN,16,3.4
XXSAKSS,15,3.19
EXXAKSS,15,3.19
EXSXKSS,15,3.19
EXSAXSS,15,3.19
EXSAXDA,15,3.19
XTSAXAN,15,3.19
EXSAXAN,15,3.19
ETXAXAN,15,3.19
ETSXXAN,15,3.19
XAKAXIN,15,3.19
SXKAXIN,15,3.19
SAXAXIN,15,3.19
SAKXXIN,15,3.19
SAKAXIX,15,3.19
ALXATNX,15,3.19
XXSAKDN,15,3.19
EXXAKDN,15,3.19
EXSXKDN,15,3.19
EXSAXDN,15,3.19
SXKAGXN,15,3.19
XTSAKSX,14,2.98
ETXAKSX,14,2.98
ETSXKSX,14,2.98
XXSAKAN,14,2.98
XTXAKAN,14,2.98
XTSXKAN,14,2.98
EXXAKAN,14,2.98
EXSXKAN,14,2.98
ETXXKAN,14,2.98
XXKANIN,14,2.98
XAXANIN,14,2.98
XAKXNIN,14,2.98
XAKANXN,14,2.98
XAKANIX,14,2.98
SXXANIN,14,2.98
SXKXNIN,14,2.98
SXKANXN,14,2.98
SXKANIX,14,2.98
SAXXNIN,14,2.98
SAXANXN,14,2.98
SAXANIX,14,2.98
SAKXNXN,14,2.98
SAKXNIX,14,2.98
SAKANXX,14,2.98
XLEAXNV,14,2.98
ALEXXNV,14,2.98
ALEAXXV,14,2.98
XXSAKAG,14,2.98
XTSXKAG,14,2.98
XTSAXAG,14,2.98
EXSXKAG,14,2.98
EXSAXAG,14,2.98
ETSXXAG,14,2.98
SAXAGXN,14,2.98
SAKXGXN,14,2.98
SAKAGXX,14,2.98
XTXAKSS,13,2.77
XTSXKSS,13,2.77
XTSAXSS,13,2.77
ETXXKSS,13,2.77
ETXAXSS,13,2.77
ETSXXSS,13,2.77
XTSAXDA,13,2.77
ETXAXDA,13,2.77
ETSXXDA,13,2.77
AXDAXNV,13,2.77
EXSAAXG,13,2.77
XTSALXG,13,2.77
EXSALXG,13,2.77
XLXATNV,13,2.77
ALXXTNV,13,2.77
ALXATXV,13,2.77
XKXAINV,12,2.55
AKXXINV,12,2.55
AKXAIXV,12,2.55
ETXALXG,12,2.55
ETSXLXG,12,2.55
XTSAXEN,12,2.55
ETXAXEN,12,2.55
ETSXXEN,12,2.55
AXEATNX,12,2.55
XTSAKXD,12,2.55
XXSAKES,12,2.55
EXXAKES,12,2.55
EXSXKES,12,2.55
XFXASAK,12,2.55
XFEXSAK,12,2.55
XFEAXAK,12,2.55
XFEASXK,12,2.55
XFEASAX,12,2.55
XIXASAK,12,2.55
XIEXSAK,12,2.55
XIEAXAK,12,2.55
XIEASXK,12,2.55
XIEASAX,12,2.55
AXDATNX,11,2.34
XXEAINV,11,2.34
AXEXINV,11,2.34
AXEAIXV,11,2.34
AXEAINX,11,2.34
AXXASNV,11,2.34
EXSAXTN,11,2.34
ETXAKXD,11,2.34
ETSXKXD,11,2.34
ETSAXXD,11,2.34
XLEATNX,11,2.34
ALEXTNX,11,2.34
ALEATXX,11,2.34
XTXAKES,11,2.34
XTSXKES,11,2.34
ETXXKES,11,2.34
XXKAGYN,11,2.34
FLEASXX,10,2.13
XTSAAXG,10,2.13
ETXAAXG,10,2.13
ETSXAXG,10,2.13
ETSAAXX,10,2.13
TSAAXGX,10,2.13
XXSAKEA,10,2.13
XTXAKEA,10,2.13
XTSXKEA,10,2.13
EXXAKEA,10,2.13
EXSXKEA,10,2.13
ETXXKEA,10,2.13
XKEXINV,10,2.13
XKEAXNV,10,2.13
XKEAIXV,10,2.13
XKEAINX,10,2.13
AKEXXNV,10,2.13
AKEXIXV,10,2.13
AKEXINX,10,2.13
AKEAXXV,10,2.13
AKEAXNX,10,2.13
AKEAIXX,10,2.13
XXSALTG,10,2.13
XTXALTG,10,2.13
XTSXLTG,10,2.13
XTSALTX,10,2.13
EXXALTG,10,2.13
EXSXLTG,10,2.13
EXSALTX,10,2.13
ETXXLTG,10,2.13
ETXALTX,10,2.13
ETSXLTX,10,2.13
XTXAKEN,10,2.13
XTSXKEN,10,2.13
ETXXKEN,10,2.13
XXTAMNV,10,2.13
XKXAMNV,10,2.13
XKTXMNV,10,2.13
XKTAMXV,10,2.13
XKTAMNX,10,2.13
AXXAMNV,10,2.13
AXTXMNV,10,2.13
AXTAMXV,10,2.13
AXTAMNX,10,2.13
AKXXMNV,10,2.13
AKXAMXV,10,2.13
AKXAMNX,10,2.13
AKTXMXV,10,2.13
AKTXMNX,10,2.13
AKTAMXX,10,2.13
XKXASNV,10,2.13
AKXXSNV,10,2.13
AKXASXV,10,2.13
AKXASNX,10,2.13
XTXAKTG,10,2.13
XTSXKTG,10,2.13
ETXXKTG,10,2.13
FFXXSAK,10,2.13
FFXAXAK,10,2.13
FFXASXK,10,2.13
FFXASAX,10,2.13
FFEXXAK,10,2.13
FFEXSXK,10,2.13
FFEXSAX,10,2.13
FFEAXXK,10,2.13
FFEAXAX,10,2.13
FFEASXX,10,2.13
FIXXSAK,10,2.13
FIXAXAK,10,2.13
FIXASXK,10,2.13
FIXASAX,10,2.13
FIEXXAK,10,2.13
FIEXSXK,10,2.13
FIEXSAX,10,2.13
FIEAXXK,10,2.13
FIEAXAX,10,2.13
FIEASXX,10,2.13
AKXAXNI,10,2.13
XAXAGYN,10,2.13
XAKXGYN,10,2.13
XAKAXYN,10,2.13
XAKAGYX,10,2.13
XLEASXK,9,1.91
XLEASAX,9,1.91
FLXASXK,9,1.91
FLXASAX,9,1.91
FLEXSXK,9,1.91
FLEXSAX,9,1.91
FLEAXXK,9,1.91
FLEAXAX,9,1.91
EASAXXG,9,1.91
XXDATNV,9,1.91
AXDXTNV,9,1.91
AXDATXV,9,1.91
XFXAIAK,9,1.91
XXTASNV,9,1.91
XKTXSNV,9,1.91
XKTASXV,9,1.91
XKTASNX,9,1.91
AXTXSNV,9,1.91
AXTASXV,9,1.91
AXTASNX,9,1.91
AKTXSXV,9,1.91
AKTXSNX,9,1.91
AKTASXX,9,1.91
XTSAXTN,9,1.91
ETXAXTN,9,1.91
ETSXXTN,9,1.91
XXSAKDS,9,1.91
XXEATNV,9,1.91
XLEXTNV,9,1.91
XLEATXV,9,1.91
AXEXTNV,9,1.91
AXEATXV,9,1.91
ALEXTXV,9,1.91
XASAKEX,9,1.91
EAXAKEX,9,1.91
EASXKEX,9,1.91
EASAXEX,9,1.91
SXXAGYN,9,1.91
SXKXGYN,9,1.91
SXKAXYN,9,1.91
SXKAGYX,9,1.91
XLXASAK,8,1.7
XLEXSAK,8,1.7
XLEAXAK,8,1.7
FLXXSAK,8,1.7
FLXAXAK,8,1.7
FLEXXAK,8,1.7
XASAXTG,8,1.7
XASAKXG,8,1.7
EAXAXTG,8,1.7
EAXAKXG,8,1.7
EASXXTG,8,1.7
EASXKXG,8,1.7
XTSAKQX,8,1.7
XXSAKDA,8,1.7
EXXAKDA,8,1.7
EXSXKDA,8,1.7
XKDATNX,8,1.7
AKDXTNX,8,1.7
AKDAXNX,8,1.7
AKDATXX,8,1.7
XVXAKTG,8,1.7
XVSXKTG,8,1.7
XVSAXTG,8,1.7
XVSAKXG,8,1.7
XVSAKTX,8,1.7
XAXAKEN,8,1.7
XASXKEN,8,1.7
XASAXEN,8,1.7
EAXXKEN,8,1.7
EAXAXEN,8,1.7
EASXXEN,8,1.7
EVSAKXX,8,1.7
XSAAXGT,8,1.7
XTXAKDN,8,1.7
XTSXKDN,8,1.7
XTSAXDN,8,1.7
ETXXKDN,8,1.7
ETXAXDN,8,1.7
ETSXXDN,8,1.7
SAXXGYN,8,1.7
SAXAXYN,8,1.7
SAXAGYX,8,1.7
SAKXXYN,8,1.7
SAKXGYX,8,1.7
SAKAXYX,8,1.7
XAXAKTG,7,1.49
XASXKTG,7,1.49
EAXXKTG,7,1.49
XXSAKTS,7,1.49
XTXAKTS,7,1.49
XTSXKTS,7,1.49
XTSAXTS,7,1.49
EXXAKTS,7,1.49
EXSXKTS,7,1.49
EXSAXTS,7,1.49
ETXXKTS,7,1.49
ETXAXTS,7,1.49
ETSXXTS,7,1.49
ETSARXX,7,1.49
XTXAKDS,7,1.49
XTSXKDS,7,1.49
EXXAKDS,7,1.49
EXSXKDS,7,1.49
ETXXKDS,7,1.49
XXSAKED,7,1.49
XTXAKED,7,1.49
XTSXKED,7,1.49
XTSAXED,7,1.49
XAXAKDN,7,1.49
XASXKDN,7,1.49
XASAXDN,7,1.49
XASAKDX,7,1.49
EAXXKDN,7,1.49
EAXAXDN,7,1.49
EAXAKDX,7,1.49
EASXXDN,7,1.49
EASXKDX,7,1.49
EASAXDX,7,1.49
XKXAINI,7,1.49
AXXAINI,7,1.49
AKXXINI,7,1.49
AKXAIXI,7,1.49
XXSAKTN,7,1.49
EXXAKTN,7,1.49
EXSXKTN,7,1.49
XKNAINX,7,1.49
AXNAINX,7,1.49
AKNXINX,7,1.49
AKNAIXX,7,1.49
XTXAKDA,6,1.28
XTSXKDA,6,1.28
ETXXKDA,6,1.28
XKDXTNV,6,1.28
XKDAXNV,6,1.28
XKDATXV,6,1.28
AKDXXNV,6,1.28
AKDXTXV,6,1.28
AKDAXXV,6,1.28
XTSAKXP,6,1.28
EXSAKXP,6,1.28
ETXAKXP,6,1.28
ETSXKXP,6,1.28
ETSAXXP,6,1.28
XXMAIAK,6,1.28
XFMXIAK,6,1.28
XFMAXAK,6,1.28
XFMAIXK,6,1.28
XFMAIAX,6,1.28
IXXAIAK,6,1.28
IXMXIAK,6,1.28
IXMAXAK,6,1.28
IXMAIXK,6,1.28
IXMAIAX,6,1.28
IFXXIAK,6,1.28
IFXAXAK,6,1.28
IFXAIXK,6,1.28
IFXAIAX,6,1.28
IFMXXAK,6,1.28
IFMXIXK,6,1.28
IFMXIAX,6,1.28
IFMAXXK,6,1.28
IFMAXAX,6,1.28
IFMAIXX,6,1.28
EXSARTX,6,1.28
XXSALES,6,1.28
XTXALES,6,1.28
XTSXLES,6,1.28
EXXALES,6,1.28
EXSXLES,6,1.28
ETXXLES,6,1.28
EXXAKED,6,1.28
EXSXKED,6,1.28
EXSAXED,6,1.28
ETXXKED,6,1.28
ETXAXED,6,1.28
ETSXXED,6,1.28
FVSAXXG,6,1.28
EXSARXA,6,1.28
ARXAXNV,6,1.28
XXSAKTC,6,1.28
XAXAKTC,6,1.28
XASXKTC,6,1.28
XASAXTC,6,1.28
XASAKXC,6,1.28
EXXAKTC,6,1.28
EXSXKTC,6,1.28
EXSAXTC,6,1.28
EXSAKXC,6,1.28
EAXXKTC,6,1.28
EAXAXTC,6,1.28
EAXAKXC,6,1.28
EASXXTC,6,1.28
EASXKXC,6,1.28
EASAXXC,6,1.28
XTSAXDG,6,1.28
EXSAXDG,6,1.28
ETXAXDG,6,1.28
ETSXXDG,6,1.28
XXNAINI,6,1.28
XKNXINI,6,1.28
XKNAXNI,6,1.28
XKNAIXI,6,1.28
AXNXINI,6,1.28
AXNAXNI,6,1.28
AXNAIXI,6,1.28
AKNXXNI,6,1.28
AKNXIXI,6,1.28
AKNAXXI,6,1.28
XXSAKEG,6,1.28
EXXAKEG,6,1.28
EXSXKEG,6,1.28
EXSAXEG,6,1.28
XXSAKQN,5,1.06
XTXAKQN,5,1.06
XTSXKQN,5,1.06
XTSAXQN,5,1.06
HXXAKQN,5,1.06
HXSXKQN,5,1.06
HXSAXQN,5,1.06
HXSAKXN,5,1.06
HXSAKQX,5,1.06
HTXXKQN,5,1.06
HTXAXQN,5,1.06
HTXAKXN,5,1.06
HTXAKQX,5,1.06
HTSXXQN,5,1.06
HTSXKXN,5,1.06
HTSXKQX,5,1.06
HTSAXXN,5,1.06
HTSAXQX,5,1.06
HTSAKXX,5,1.06
XGXARRG,5,1.06
XXVAAAF,5,1.06
XNXAAAF,5,1.06
XNVXAAF,5,1.06
XNVAXAF,5,1.06
XNVAAXF,5,1.06
XNVAAAX,5,1.06
XXSAATG,5,1.06
EXXAATG,5,1.06
EXSXATG,5,1.06
EXSAATX,5,1.06
XSAAXGQ,5,1.06
XSAATGX,5,1.06
TXAAXGQ,5,1.06
TSXAXGQ,5,1.06
TSAXXGQ,5,1.06
TSAAXXQ,5,1.06
EXSAXSG,5,1.06
XTSAXNS,5,1.06
EXSAXNS,5,1.06
ETXAXNS,5,1.06
ETSXXNS,5,1.06
FXXAKTG,5,1.06
FXSXKTG,5,1.06
FXSAXTG,5,1.06
FXSAKXG,5,1.06
FXSAKTX,5,1.06
FVXXKTG,5,1.06
FVXAXTG,5,1.06
FVXAKXG,5,1.06
FVXAKTX,5,1.06
FVSXXTG,5,1.06
FVSXKXG,5,1.06
FVSXKTX,5,1.06
FVSAXTX,5,1.06
FVSAKXX,5,1.06
XCXASAK,5,1.06
XCEXSAK,5,1.06
XCEAXAK,5,1.06
XCEASXK,5,1.06
XCEASAX,5,1.06
FCXXSAK,5,1.06
FCXAXAK,5,1.06
FCXASXK,5,1.06
FCXASAX,5,1.06
FCEXXAK,5,1.06
FCEXSXK,5,1.06
FCEXSAX,5,1.06
FCEAXXK,5,1.06
FCEAXAX,5,1.06
FCEASXX,5,1.06
XTSARXA,5,1.06
ETXARXA,5,1.06
ETSXRXA,5,1.06
XXSAANG,5,1.06
XTXAANG,5,1.06
XTSXANG,5,1.06
XTSAXNG,5,1.06
XTSAANX,5,1.06
EXXAANG,5,1.06
EXSXANG,5,1.06
EXSAXNG,5,1.06
EXSAANX,5,1.06
ETXXANG,5,1.06
ETXAXNG,5,1.06
ETXAANX,5,1.06
ETSXXNG,5,1.06
ETSXANX,5,1.06
XXAANGT,5,1.06
XSXANGT,5,1.06
XSAXNGT,5,1.06
XSAANXT,5,1.06
XSAANGX,5,1.06
TXXANGT,5,1.06
TXAXNGT,5,1.06
TXAAXGT,5,1.06
TXAANXT,5,1.06
TXAANGX,5,1.06
TSXXNGT,5,1.06
TSXAXGT,5,1.06
TSXANXT,5,1.06
TSXANGX,5,1.06
TSAXXGT,5,1.06
TSAXNXT,5,1.06
TSAXNGX,5,1.06
TSAAXXT,5,1.06
TSAANXX,5,1.06
XXSAKDD,5,1.06
EXXAKDD,5,1.06
EXSXKDD,5,1.06
EXSAXDD,5,1.06
XTXAKTN,5,1.06
XTSXKTN,5,1.06
ETXXKTN,5,1.06
XMEASAX,5,1.06
FMXASAX,5,1.06
FMEXSAX,5,1.06
FMEAXAX,5,1.06
FMEASXX,5,1.06
XASAXTA,5,1.06
EAXAXTA,5,1.06
EASXXTA,5,1.06
EASAXXA,5,1.06
XXKAGFN,5,1.06
XAXAGFN,5,1.06
XAKXGFN,5,1.06
XAKAXFN,5,1.06
XAKAGFX,5,1.06
SXXAGFN,5,1.06
SXKXGFN,5,1.06
SXKAXFN,5,1.06
SXKAGFX,5,1.06
SAXXGFN,5,1.06
SAXAXFN,5,1.06
SAXAGFX,5,1.06
SAKXXFN,5,1.06
SAKXGFX,5,1.06
SAKAXFX,5,1.06
XTXAKEG,5,1.06
XTSXKEG,5,1.06
XTSAXEG,5,1.06
ETXXKEG,5,1.06
ETXAXEG,5,1.06
ETSXXEG,5,1.06
TXXAAAF,4,0.85
TXVXAAF,4,0.85
TXVAXAF,4,0.85
TXVAAXF,4,0.85
TXVAAAX,4,0.85
TNXXAAF,4,0.85
TNXAXAF,4,0.85
TNXAAXF,4,0.85
TNXAAAX,4,0.85
TNVXXAF,4,0.85
TNVXAXF,4,0.85
TNVXAAX,4,0.85
TNVAXXF,4,0.85
TNVAXAX,4,0.85
TNVAAXX,4,0.85
XXGAARR,4,0.85
QXXAARR,4,0.85
QXGXARR,4,0.85
QXGAXRR,4,0.85
QXGAAXR,4,0.85
QXGAARX,4,0.85
XXAARRG,4,0.85
XGAXRRG,4,0.85
XGAAXRG,4,0.85
XGAARXG,4,0.85
XGAARRX,4,0.85
XTSAKLX,4,0.85
XTXAATG,4,0.85
XTSXATG,4,0.85
XTSAATX,4,0.85
ETXXATG,4,0.85
ETXAATX,4,0.85
ETSXATX,4,0.85
XXAATGQ,4,0.85
XSXATGQ,4,0.85
XSAXTGQ,4,0.85
XSAATXQ,4,0.85
TXXATGQ,4,0.85
TXAXTGQ,4,0.85
TXAATXQ,4,0.85
TXAATGX,4,0.85
TSXXTGQ,4,0.85
TSXATXQ,4,0.85
TSXATGX,4,0.85
TSAXTXQ,4,0.85
TSAXTGX,4,0.85
TSAATXX,4,0.85
XXSAKNP,4,0.85
XTXAKNP,4,0.85
XTSXKNP,4,0.85
XTSAXNP,4,0.85
EXXAKNP,4,0.85
EXSXKNP,4,0.85
EXSAXNP,4,0.85
ETXXKNP,4,0.85
ETXAXNP,4,0.85
ETSXXNP,4,0.85
XXSACTN,4,0.85
XTXACTN,4,0.85
XTSXCTN,4,0.85
XTSACXN,4,0.85
XTSACTX,4,0.85
EXXACTN,4,0.85
EXSXCTN,4,0.85
EXSACXN,4,0.85
EXSACTX,4,0.85
ETXXCTN,4,0.85
ETXACXN,4,0.85
ETXACTX,4,0.85
ETSXCXN,4,0.85
ETSXCTX,4,0.85
ETSACXX,4,0.85
XTSAXSG,4,0.85
ETXAXSG,4,0.85
ETSXXSG,4,0.85
XTSAMXA,4,0.85
EXSAMXA,4,0.85
ETXAMXA,4,0.85
ETSXMXA,4,0.85
ETSAMXX,4,0.85
EXSAXTR,4,0.85
AXXALNV,4,0.85
XXSAKDG,4,0.85
XTXAKDG,4,0.85
XTSXKDG,4,0.85
EXXAKDG,4,0.85
EXSXKDG,4,0.85
ETXXKDG,4,0.85
XVSAKXS,4,0.85
XVSAKDX,4,0.85
XTXAKDD,4,0.85
XTSXKDD,4,0.85
XTSAXDD,4,0.85
ETXXKDD,4,0.85
ETXAXDD,4,0.85
ETSXXDD,4,0.85
EXSAKXK,4,0.85
XMXASAK,4,0.85
XMEXSAK,4,0.85
XMEAXAK,4,0.85
XMEASXK,4,0.85
FMXXSAK,4,0.85
FMXAXAK,4,0.85
FMXASXK,4,0.85
FMEXXAK,4,0.85
FMEXSXK,4,0.85
FMEAXXK,4,0.85
XAXAKTA,4,0.85
XASXKTA,4,0.85
XASAKXA,4,0.85
EAXXKTA,4,0.85
EAXAKXA,4,0.85
EASXKXA,4,0.85
XTSALNX,4,0.85
EXSALNX,4,0.85
ETXALNX,4,0.85
ETSXLNX,4,0.85
XXTAQNV,4,0.85
AXXAQNV,4,0.85
AXTXQNV,4,0.85
AXTAQXV,4,0.85
AXTAQNX,4,0.85
KXXANVE,4,0.85
XYXALFC,4,0.85
XXSAKND,4,0.85
EXXAKND,4,0.85
EXSXKND,4,0.85
EXSAXND,4,0.85
AXXATNI,4,0.85
XTSAQXG,4,0.85
EXSAQXG,4,0.85
ETXAQXG,4,0.85
ETSXQXG,4,0.85
ETSAQXX,4,0.85
PXXARRG,3,0.64
PGXXRRG,3,0.64
PGXAXRG,3,0.64
PGXARXG,3,0.64
PGXARRX,3,0.64
XXSAKLN,3,0.64
XTXAKLN,3,0.64
XTSXKLN,3,0.64
XTSAXLN,3,0.64
EXSAKLX,3,0.64
ETXAKLX,3,0.64
ETSXKLX,3,0.64
ETSAXLX,3,0.64
XXTATNV,3,0.64
XKTXTNV,3,0.64
XKTATXV,3,0.64
XKTATNX,3,0.64
AXTXTNV,3,0.64
AXTATXV,3,0.64
AXTATNX,3,0.64
AKTXTXV,3,0.64
AKTXTNX,3,0.64
AKTATXX,3,0.64
XXLAIAK,3,0.64
XFLXIAK,3,0.64
XFLAXAK,3,0.64
XFLAIXK,3,0.64
XFLAIAX,3,0.64
LXXAIAK,3,0.64
LXLXIAK,3,0.64
LXLAXAK,3,0.64
LXLAIXK,3,0.64
LXLAIAX,3,0.64
LFXXIAK,3,0.64
LFXAXAK,3,0.64
LFXAIXK,3,0.64
LFXAIAX,3,0.64
LFLXXAK,3,0.64
LFLXIXK,3,0.64
LFLXIAX,3,0.64
LFLAXXK,3,0.64
LFLAXAX,3,0.64
LFLAIXX,3,0.64
XTSAKVX,3,0.64
EXSAKVX,3,0.64
ETXAKVX,3,0.64
ETSXKVX,3,0.64
ETSAXVX,3,0.64
XTSARTX,3,0.64
ETXARTX,3,0.64
ETSXRTX,3,0.64
XXSAMEA,3,0.64
XTXAMEA,3,0.64
XTSXMEA,3,0.64
XTSAMEX,3,0.64
EXXAMEA,3,0.64
EXSXMEA,3,0.64
EXSAMEX,3,0.64
ETXXMEA,3,0.64
ETXAMEX,3,0.64
ETSXMEX,3,0.64
XCSAXTR,3,0.64
ECXAXTR,3,0.64
ECSXXTR,3,0.64
ECSAXXR,3,0.64
ECSAXTX,3,0.64
XXEALNV,3,0.64
XLXALNV,3,0.64
XLEXLNV,3,0.64
XLEALXV,3,0.64
XLEALNX,3,0.64
AXEXLNV,3,0.64
AXEALXV,3,0.64
AXEALNX,3,0.64
ALXXLNV,3,0.64
ALXALXV,3,0.64
ALXALNX,3,0.64
ALEXLXV,3,0.64
ALEXLNX,3,0.64
ALEALXX,3,0.64
XXWAVSS,3,0.64
XYXAVSS,3,0.64
XYWXVSS,3,0.64
XYWAXSS,3,0.64
XYWAVXS,3,0.64
XYWAVSX,3,0.64
EXXAVSS,3,0.64
EXWXVSS,3,0.64
EXWAXSS,3,0.64
EXWAVXS,3,0.64
EXWAVSX,3,0.64
EYXXVSS,3,0.64
EYXAXSS,3,0.64
EYXAVXS,3,0.64
EYXAVSX,3,0.64
EYWXXSS,3,0.64
EYWXVXS,3,0.64
EYWXVSX,3,0.64
EYWAXXS,3,0.64
EYWAXSX,3,0.64
EYWAVXX,3,0.64
XXSARDA,3,0.64
XTXARDA,3,0.64
XTSXRDA,3,0.64
XTSARDX,3,0.64
EXXARDA,3,0.64
EXSXRDA,3,0.64
EXSARDX,3,0.64
ETXXRDA,3,0.64
ETXARDX,3,0.64
ETSXRDX,3,0.64
XXDAINV,3,0.64
XRXAINV,3,0.64
XRDXINV,3,0.64
XRDAXNV,3,0.64
XRDAIXV,3,0.64
XRDAINX,3,0.64
AXDXINV,3,0.64
AXDAIXV,3,0.64
AXDAINX,3,0.64
ARXXINV,3,0.64
ARXAIXV,3,0.64
ARXAINX,3,0.64
ARDXXNV,3,0.64
ARDXIXV,3,0.64
ARDXINX,3,0.64
ARDAXXV,3,0.64
ARDAXNX,3,0.64
ARDAIXX,3,0.64
XXSAKQS,3,0.64
EXSAKQX,3,0.64
XXVAFEE,3,0.64
XTXAFEE,3,0.64
XTVXFEE,3,0.64
XTVAXEE,3,0.64
XTVAFXE,3,0.64
XTVAFEX,3,0.64
VXXAFEE,3,0.64
VXVXFEE,3,0.64
VXVAXEE,3,0.64
VXVAFXE,3,0.64
VXVAFEX,3,0.64
VTXXFEE,3,0.64
VTXAXEE,3,0.64
VTXAFXE,3,0.64
VTXAFEX,3,0.64
VTVXXEE,3,0.64
VTVXFXE,3,0.64
VTVXFEX,3,0.64
VTVAXXE,3,0.64
VTVAXEX,3,0.64
VTVAFXX,3,0.64
XXTAHNV,3,0.64
AXXAHNV,3,0.64
AXTXHNV,3,0.64
AXTAHXV,3,0.64
AXTAHNX,3,0.64
XKXAQNV,3,0.64
XKTXQNV,3,0.64
XKTAQXV,3,0.64
XKTAQNX,3,0.64
AKXXQNV,3,0.64
AKXAQXV,3,0.64
AKXAQNX,3,0.64
AKTXQXV,3,0.64
AKTXQNX,3,0.64
AKTAQXX,3,0.64
XXGALFC,3,0.64
XYGXLFC,3,0.64
XYGAXFC,3,0.64
XYGALXC,3,0.64
XYGALFX,3,0.64
TXXALFC,3,0.64
TXGXLFC,3,0.64
TXGAXFC,3,0.64
TXGALXC,3,0.64
TXGALFX,3,0.64
TYXXLFC,3,0.64
TYXAXFC,3,0.64
TYXALXC,3,0.64
TYXALFX,3,0.64
TYGXXFC,3,0.64
TYGXLXC,3,0.64
TYGXLFX,3,0.64
TYGAXXC,3,0.64
TYGAXFX,3,0.64
TYGALXX,3,0.64
IXEAXRF,3,0.64
YXXASAK,3,0.64
YXEXSAK,3,0.64
YXEAXAK,3,0.64
YXEASXK,3,0.64
YXEASAX,3,0.64
AXXAVNV,3,0.64
AXEAVNX,3,0.64
XXSARTA,3,0.64
EXXARTA,3,0.64
EXSXRTA,3,0.64
XRTAXNV,3,0.64
ARTXXNV,3,0.64
ARTAXXV,3,0.64
ARTAXNX,3,0.64
XVXAKND,3,0.64
XVSXKND,3,0.64
XVSAXND,3,0.64
XVSAKXD,3,0.64
XVSAKNX,3,0.64
EVXXKND,3,0.64
EVXAXND,3,0.64
EVXAKXD,3,0.64
EVXAKNX,3,0.64
EVSXXND,3,0.64
EVSXKXD,3,0.64
EVSXKNX,3,0.64
EVSAXXD,3,0.64
EVSAXNX,3,0.64
XLEAXNI,3,0.64
AXEAXNI,3,0.64
ALXAXNI,3,0.64
ALEXXNI,3,0.64
ALEAXXI,3,0.64
EVXAKDX,3,0.64
XXAADGT,3,0.64
XSXADGT,3,0.64
XSAXDGT,3,0.64
XSAADXT,3,0.64
XSAADGX,3,0.64
VXXADGT,3,0.64
VXAXDGT,3,0.64
VXAAXGT,3,0.64
VXAADXT,3,0.64
VXAADGX,3,0.64
VSXXDGT,3,0.64
VSXAXGT,3,0.64
VSXADXT,3,0.64
VSXADGX,3,0.64
VSAXXGT,3,0.64
VSAXDXT,3,0.64
VSAXDGX,3,0.64
VSAAXXT,3,0.64
VSAAXGX,3,0.64
VSAADXX,3,0.64
XXSALNS,3,0.64
XTXALNS,3,0.64
XTSXLNS,3,0.64
EXXALNS,3,0.64
EXSXLNS,3,0.64
ETXXLNS,3,0.64
XXSALDA,3,0.64
XTXALDA,3,0.64
XTSXLDA,3,0.64
EXXALDA,3,0.64
EXSXLDA,3,0.64
ETXXLDA,3,0.64
XLDXTNV,3,0.64
XLDAXNV,3,0.64
XLDATXV,3,0.64
XLDATNX,3,0.64
ALDXXNV,3,0.64
ALDXTXV,3,0.64
ALDXTNX,3,0.64
ALDAXXV,3,0.64
ALDAXNX,3,0.64
ALDATXX,3,0.64
XXTAEEQ,3,0.64
SXXAEEQ,3,0.64
SXTXEEQ,3,0.64
SXTAXEQ,3,0.64
SXTAEXQ,3,0.64
SXTAEEX,3,0.64
XXQAGAA,2,0.43
XSXAGAA,2,0.43
XSQXGAA,2,0.43
XSQAXAA,2,0.43
XSQAGXA,2,0.43
XSQAGAX,2,0.43
SXXAGAA,2,0.43
SXQXGAA,2,0.43
SXQAXAA,2,0.43
SXQAGXA,2,0.43
SXQAGAX,2,0.43
SSXXGAA,2,0.43
SSXAXAA,2,0.43
SSXAGXA,2,0.43
SSXAGAX,2,0.43
SSQXXAA,2,0.43
SSQXGXA,2,0.43
SSQXGAX,2,0.43
SSQAXXA,2,0.43
SSQAXAX,2,0.43
SSQAGXX,2,0.43
XAXAARR,2,0.43
XAGXARR,2,0.43
XAGAXRR,2,0.43
XAGAAXR,2,0.43
XAGAARX,2,0.43
QAXXARR,2,0.43
QAXAXRR,2,0.43
QAXAAXR,2,0.43
QAXAARX,2,0.43
QAGXXRR,2,0.43
QAGXAXR,2,0.43
QAGXARX,2,0.43
QAGAXXR,2,0.43
QAGAXRX,2,0.43
QAGAAXX,2,0.43
AXXARRG,2,0.43
AXAXRRG,2,0.43
AXAAXRG,2,0.43
AXAARXG,2,0.43
AXAARRX,2,0.43
AGXXRRG,2,0.43
AGXAXRG,2,0.43
AGXARXG,2,0.43
AGXARRX,2,0.43
AGAXXRG,2,0.43
AGAXRXG,2,0.43
AGAXRRX,2,0.43
AGAAXXG,2,0.43
AGAAXRX,2,0.43
AGAARXX,2,0.43
EXXAKLN,2,0.43
EXSXKLN,2,0.43
EXSAXLN,2,0.43
ETXXKLN,2,0.43
ETXAXLN,2,0.43
ETSXXLN,2,0.43
XXSAKVG,2,0.43
XTXAKVG,2,0.43
XTSXKVG,2,0.43
XTSAXVG,2,0.43
EXXAKVG,2,0.43
EXSXKVG,2,0.43
EXSAXVG,2,0.43
ETXXKVG,2,0.43
ETXAXVG,2,0.43
ETSXXVG,2,0.43
XXKAQLF,2,0.43
XIXAQLF,2,0.43
XIKXQLF,2,0.43
XIKAXLF,2,0.43
XIKAQXF,2,0.43
XIKAQLX,2,0.43
NXXAQLF,2,0.43
NXKXQLF,2,0.43
NXKAXLF,2,0.43
NXKAQXF,2,0.43
NXKAQLX,2,0.43
NIXXQLF,2,0.43
NIXAXLF,2,0.43
NIXAQXF,2,0.43
NIXAQLX,2,0.43
NIKXXLF,2,0.43
NIKXQXF,2,0.43
NIKXQLX,2,0.43
NIKAXXF,2,0.43
NIKAXLX,2,0.43
NIKAQXX,2,0.43
XMEATXL,2,0.43
AXEATXL,2,0.43
AMXATXL,2,0.43
AMEXTXL,2,0.43
AMEAXXL,2,0.43
AMEAXNX,2,0.43
AMEATXX,2,0.43
XXEAAVP,2,0.43
XPXAAVP,2,0.43
XPEXAVP,2,0.43
XPEAXVP,2,0.43
XPEAAXP,2,0.43
XPEAAVX,2,0.43
IXXAAVP,2,0.43
IXEXAVP,2,0.43
IXEAXVP,2,0.43
IXEAAXP,2,0.43
IXEAAVX,2,0.43
IPXXAVP,2,0.43
IPXAXVP,2,0.43
IPXAAXP,2,0.43
IPXAAVX,2,0.43
IPEXXVP,2,0.43
IPEXAXP,2,0.43
IPEXAVX,2,0.43
IPEAXXP,2,0.43
IPEAXVX,2,0.43
IPEAAXX,2,0.43
XXAAVPE,2,0.43
XEXAVPE,2,0.43
XEAXVPE,2,0.43
XEAAXPE,2,0.43
XEAAVXE,2,0.43
XEAAVPX,2,0.43
PXXAVPE,2,0.43
PXAXVPE,2,0.43
PXAAXPE,2,0.43
PXAAVXE,2,0.43
PXAAVPX,2,0.43
PEXXVPE,2,0.43
PEXAXPE,2,0.43
PEXAVXE,2,0.43
PEXAVPX,2,0.43
PEAXXPE,2,0.43
PEAXVXE,2,0.43
PEAXVPX,2,0.43
PEAAXXE,2,0.43
PEAAXPX,2,0.43
PEAAVXX,2,0.43
XXSARTR,2,0.43
XCXARTR,2,0.43
XCSXRTR,2,0.43
XCSARXR,2,0.43
XCSARTX,2,0.43
EXXARTR,2,0.43
EXSXRTR,2,0.43
EXSARXR,2,0.43
ECXXRTR,2,0.43
ECXARXR,2,0.43
ECXARTX,2,0.43
ECSXRXR,2,0.43
ECSXRTX,2,0.43
ECSARXX,2,0.43
XXSAKTR,2,0.43
EXXAKTR,2,0.43
EXSXKTR,2,0.43
EXSAKXR,2,0.43
ECSAKXX,2,0.43
XXSAKNS,2,0.43
XTXAKNS,2,0.43
XTSXKNS,2,0.43
EXXAKNS,2,0.43
EXSXKNS,2,0.43
ETXXKNS,2,0.43
SXXAKTG,2,0.43
SXSXKTG,2,0.43
SXSAXTG,2,0.43
SXSAKXG,2,0.43
SXSAKTX,2,0.43
SVXXKTG,2,0.43
SVXAXTG,2,0.43
SVXAKXG,2,0.43
SVXAKTX,2,0.43
SVSXXTG,2,0.43
SVSXKXG,2,0.43
SVSXKTX,2,0.43
SVSAXXG,2,0.43
SVSAXTX,2,0.43
SVSAKXX,2,0.43
XXVAAEI,2,0.43
XKXAAEI,2,0.43
XKVXAEI,2,0.43
XKVAXEI,2,0.43
XKVAAXI,2,0.43
XKVAAEX,2,0.43
QXXAAEI,2,0.43
QXVXAEI,2,0.43
QXVAXEI,2,0.43
QXVAAXI,2,0.43
QXVAAEX,2,0.43
QKXXAEI,2,0.43
QKXAXEI,2,0.43
QKXAAXI,2,0.43
QKXAAEX,2,0.43
QKVXXEI,2,0.43
QKVXAXI,2,0.43
QKVXAEX,2,0.43
QKVAXXI,2,0.43
QKVAXEX,2,0.43
QKVAAXX,2,0.43
XXAAEIL,2,0.43
XVXAEIL,2,0.43
XVAXEIL,2,0.43
XVAAXIL,2,0.43
XVAAEXL,2,0.43
XVAAEIX,2,0.43
KXXAEIL,2,0.43
KXAXEIL,2,0.43
KXAAXIL,2,0.43
KXAAEXL,2,0.43
KXAAEIX,2,0.43
KVXXEIL,2,0.43
KVXAXIL,2,0.43
KVXAEXL,2,0.43
KVXAEIX,2,0.43
KVAXXIL,2,0.43
KVAXEXL,2,0.43
KVAXEIX,2,0.43
KVAAXXL,2,0.43
KVAAXIX,2,0.43
KVAAEXX,2,0.43
XTSAXDY,2,0.43
EXSAXDY,2,0.43
ETXAXDY,2,0.43
ETSXXDY,2,0.43
ETSAXXY,2,0.43
XXSAALG,2,0.43
XCXAALG,2,0.43
XCSXALG,2,0.43
XCSAXLG,2,0.43
XCSAAXG,2,0.43
XCSAALX,2,0.43
EXXAALG,2,0.43
EXSXALG,2,0.43
EXSAXLG,2,0.43
EXSAALX,2,0.43
ECXXALG,2,0.43
ECXAXLG,2,0.43
ECXAAXG,2,0.43
ECXAALX,2,0.43
ECSXXLG,2,0.43
ECSXAXG,2,0.43
ECSXALX,2,0.43
ECSAXXG,2,0.43
ECSAXLX,2,0.43
ECSAAXX,2,0.43
XXAALGH,2,0.43
XSXALGH,2,0.43
XSAXLGH,2,0.43
XSAAXGH,2,0.43
XSAALXH,2,0.43
XSAALGX,2,0.43
CXXALGH,2,0.43
CXAXLGH,2,0.43
CXAAXGH,2,0.43
CXAALXH,2,0.43
CXAALGX,2,0.43
CSXXLGH,2,0.43
CSXAXGH,2,0.43
CSXALXH,2,0.43
CSXALGX,2,0.43
CSAXXGH,2,0.43
CSAXLXH,2,0.43
CSAXLGX,2,0.43
CSAAXXH,2,0.43
CSAAXGX,2,0.43
CSAALXX,2,0.43
XTXAKQS,2,0.43
XTSXKQS,2,0.43
XTSAXQS,2,0.43
EXXAKQS,2,0.43
EXSXKQS,2,0.43
EXSAXQS,2,0.43
ETXAKQX,2,0.43
ETSXKQX,2,0.43
ETSAXQX,2,0.43
XVXAKDS,2,0.43
XVSXKDS,2,0.43
XVSAXDS,2,0.43
NXXAKDS,2,0.43
NXSXKDS,2,0.43
NXSAXDS,2,0.43
NXSAKXS,2,0.43
NXSAKDX,2,0.43
NVXXKDS,2,0.43
NVXAXDS,2,0.43
NVXAKXS,2,0.43
NVXAKDX,2,0.43
NVSXXDS,2,0.43
NVSXKXS,2,0.43
NVSXKDX,2,0.43
NVSAXXS,2,0.43
NVSAXDX,2,0.43
NVSAKXX,2,0.43
EVSAXSX,2,0.43
XDSAXER,2,0.43
VXSAXER,2,0.43
VDXAXER,2,0.43
VDSXXER,2,0.43
VDSAXXR,2,0.43
VDSAXEX,2,0.43
XVSAKEX,2,0.43
EVXAKEX,2,0.43
EVSXKEX,2,0.43
EVSAXEX,2,0.43
XXSALDG,2,0.43
XTXALDG,2,0.43
XTSXLDG,2,0.43
EXXALDG,2,0.43
EXSXLDG,2,0.43
ETXXLDG,2,0.43
XKXAANV,2,0.43
AXXAANV,2,0.43
AKXXANV,2,0.43
AKXAAXV,2,0.43
AKXAANX,2,0.43
XXAANVE,2,0.43
KXAXNVE,2,0.43
KXAAXVE,2,0.43
KXAANXE,2,0.43
KXAANVX,2,0.43
XXRAKAG,2,0.43
XTRXKAG,2,0.43
XTRAXAG,2,0.43
XTRAKXG,2,0.43
XTRAKAX,2,0.43
EXRXKAG,2,0.43
EXRAXAG,2,0.43
EXRAKXG,2,0.43
EXRAKAX,2,0.43
ETRXXAG,2,0.43
ETRXKXG,2,0.43
ETRXKAX,2,0.43
ETRAXXG,2,0.43
ETRAXAX,2,0.43
ETRAKXX,2,0.43
RXXAGYN,2,0.43
RXKXGYN,2,0.43
RXKAXYN,2,0.43
RXKAGXN,2,0.43
RXKAGYX,2,0.43
RAXXGYN,2,0.43
RAXAXYN,2,0.43
RAXAGXN,2,0.43
RAXAGYX,2,0.43
RAKXXYN,2,0.43
RAKXGXN,2,0.43
RAKXGYX,2,0.43
RAKAXXN,2,0.43
RAKAXYX,2,0.43
RAKAGXX,2,0.43
XDEAXRF,2,0.43
IDXAXRF,2,0.43
IDEXXRF,2,0.43
IDEAXXF,2,0.43
IDEAXRX,2,0.43
EISAKXX,2,0.43
YIXXSAK,2,0.43
YIXAXAK,2,0.43
YIXASXK,2,0.43
YIXASAX,2,0.43
YIEXXAK,2,0.43
YIEXSXK,2,0.43
YIEXSAX,2,0.43
YIEAXXK,2,0.43
YIEAXAX,2,0.43
YIEASXX,2,0.43
XXSAKTD,2,0.43
XAXAKTD,2,0.43
XASXKTD,2,0.43
XASAXTD,2,0.43
XASAKXD,2,0.43
EXXAKTD,2,0.43
EXSXKTD,2,0.43
EXSAXTD,2,0.43
EAXXKTD,2,0.43
EAXAXTD,2,0.43
EAXAKXD,2,0.43
EASXXTD,2,0.43
EASXKXD,2,0.43
EASAXXD,2,0.43
XSNAPXS,2,0.43
PXNAPXS,2,0.43
PSXAPXS,2,0.43
PSNXPXS,2,0.43
PSNAXXS,2,0.43
PSNAPXX,2,0.43
LXXASKV,2,0.43
XXSALEN,2,0.43
XTXALEN,2,0.43
XTSXLEN,2,0.43
XTSALXN,2,0.43
EXXALEN,2,0.43
EXSXLEN,2,0.43
EXSALXN,2,0.43
ETXXLEN,2,0.43
ETXALXN,2,0.43
ETSXLXN,2,0.43
XXSAKTK,2,0.43
XAXAKTK,2,0.43
XASXKTK,2,0.43
XASAXTK,2,0.43
XASAKXK,2,0.43
EXXAKTK,2,0.43
EXSXKTK,2,0.43
EXSAXTK,2,0.43
EAXXKTK,2,0.43
EAXAXTK,2,0.43
EAXAKXK,2,0.43
EASXXTK,2,0.43
EASXKXK,2,0.43
EASAXXK,2,0.43
XXEAVNV,2,0.43
XLEAVNX,2,0.43
AXEXVNV,2,0.43
AXEAVXV,2,0.43
ALXAVNX,2,0.43
ALEXVNX,2,0.43
ALEAVXX,2,0.43
XXEATNI,2,0.43
XLXATNI,2,0.43
XLEXTNI,2,0.43
XLEATXI,2,0.43
AXEXTNI,2,0.43
AXEATXI,2,0.43
ALXXTNI,2,0.43
ALXATXI,2,0.43
ALEXTXI,2,0.43
XXSANVE,2,0.43
XSXANVE,2,0.43
XSSXNVE,2,0.43
XSSAXVE,2,0.43
XSSANXE,2,0.43
XSSANVX,2,0.43
KXSXNVE,2,0.43
KXSAXVE,2,0.43
KXSANXE,2,0.43
KXSANVX,2,0.43
KSXXNVE,2,0.43
KSXAXVE,2,0.43
KSXANXE,2,0.43
KSXANVX,2,0.43
KSSXXVE,2,0.43
KSSXNXE,2,0.43
KSSXNVX,2,0.43
KSSAXXE,2,0.43
KSSAXVX,2,0.43
KSSANXX,2,0.43
EVXAKXS,2,0.43
EVSXKXS,2,0.43
EVSAXXS,2,0.43
XVXAKDA,2,0.43
XVSXKDA,2,0.43
XVSAXDA,2,0.43
XVSAKXA,2,0.43
EVXXKDA,2,0.43
EVXAXDA,2,0.43
EVXAKXA,2,0.43
EVSXXDA,2,0.43
EVSXKXA,2,0.43
EVSXKDX,2,0.43
EVSAXXA,2,0.43
EVSAXDX,2,0.43
XXDATNI,2,0.43
XKXATNI,2,0.43
XKDXTNI,2,0.43
XKDAXNI,2,0.43
XKDATXI,2,0.43
AXDXTNI,2,0.43
AXDAXNI,2,0.43
AXDATXI,2,0.43
AKXXTNI,2,0.43
AKXATXI,2,0.43
AKDXXNI,2,0.43
AKDXTXI,2,0.43
AKDAXXI,2,0.43
XXYAESS,2,0.43
XRXAESS,2,0.43
XRYXESS,2,0.43
XRYAXSS,2,0.43
XRYAEXS,2,0.43
XRYAESX,2,0.43
FXXAESS,2,0.43
FXYXESS,2,0.43
FXYAXSS,2,0.43
FXYAEXS,2,0.43
FXYAESX,2,0.43
FRXXESS,2,0.43
FRXAXSS,2,0.43
FRXAEXS,2,0.43
FRXAESX,2,0.43
FRYXXSS,2,0.43
FRYXEXS,2,0.43
FRYXESX,2,0.43
FRYAXXS,2,0.43
FRYAXSX,2,0.43
FRYAEXX,2,0.43
XAXAKTN,2,0.43
XASXKTN,2,0.43
XASAXTN,2,0.43
EAXXKTN,2,0.43
EAXAXTN,2,0.43
EASXXTN,2,0.43
YTSAKXX,2,0.43
XXSAKDP,2,0.43
XTXAKDP,2,0.43
XTSXKDP,2,0.43
XTSAXDP,2,0.43
EXXAKDP,2,0.43
EXSXKDP,2,0.43
EXSAXDP,2,0.43
ETXXKDP,2,0.43
ETXAXDP,2,0.43
ETSXXDP,2,0.43
XXEAARF,2,0.43
IXXAARF,2,0.43
IXEXARF,2,0.43
IXEAAXF,2,0.43
IXEAARX,2,0.43
XXAARFL,2,0.43
XEXARFL,2,0.43
XEAXRFL,2,0.43
XEAAXFL,2,0.43
XEAARXL,2,0.43
XEAARFX,2,0.43
AMXAXNV,2,0.43
XPXAARR,2,0.43
XPGXARR,2,0.43
XPGAXRR,2,0.43
XPGAAXR,2,0.43
XPGAARX,2,0.43
QPXXARR,2,0.43
QPXAXRR,2,0.43
QPXAAXR,2,0.43
QPXAARX,2,0.43
QPGXXRR,2,0.43
QPGXAXR,2,0.43
QPGXARX,2,0.43
QPGAXXR,2,0.43
QPGAXRX,2,0.43
QPGAAXX,2,0.43
PXAXRRG,2,0.43
PXAAXRG,2,0.43
PXAARXG,2,0.43
PXAARRX,2,0.43
PGAXXRG,2,0.43
PGAXRXG,2,0.43
PGAXRRX,2,0.43
PGAAXXG,2,0.43
PGAAXRX,2,0.43
PGAARXX,2,0.43
ESSAKXX,2,0.43
XGXAEEQ,2,0.43
XGTXEEQ,2,0.43
XGTAXEQ,2,0.43
XGTAEXQ,2,0.43
XGTAEEX,2,0.43
SGXXEEQ,2,0.43
SGXAXEQ,2,0.43
SGXAEXQ,2,0.43
SGXAEEX,2,0.43
SGTXXEQ,2,0.43
SGTXEXQ,2,0.43
SGTXEEX,2,0.43
SGTAXXQ,2,0.43
SGTAXEX,2,0.43
SGTAEXX,2,0.43
XXSAQSG,2,0.43
XTXAQSG,2,0.43
XTSXQSG,2,0.43
XTSAQSX,2,0.43
EXXAQSG,2,0.43
EXSXQSG,2,0.43
EXSAQSX,2,0.43
ETXXQSG,2,0.43
ETXAQSX,2,0.43
ETSXQSX,2,0.43
XXSAQTG,2,0.43
XTXAQTG,2,0.43
XTSXQTG,2,0.43
XTSAQTX,2,0.43
EXXAQTG,2,0.43
EXSXQTG,2,0.43
EXSAQTX,2,0.43
ETXXQTG,2,0.43
ETXAQTX,2,0.43
ETSXQTX,2,0.43
XTXARTA,2,0.43
XTSXRTA,2,0.43
ETXXRTA,2,0.43
XRXAHNV,2,0.43
XRTXHNV,2,0.43
XRTAHXV,2,0.43
XRTAHNX,2,0.43
ARXXHNV,2,0.43
ARXAHXV,2,0.43
ARXAHNX,2,0.43
ARTXHXV,2,0.43
ARTXHNX,2,0.43
ARTAHXX,2,0.43
XXDAVDM,2,0.43
XPXAVDM,2,0.43
XPDXVDM,2,0.43
XPDAXDM,2,0.43
XPDAVXM,2,0.43
XPDAVDX,2,0.43
XTXATQR,2,0.43
NXXATQR,2,0.43
NTXXTQR,2,0.43
NTXAXQR,2,0.43
NTXATXR,2,0.43
NTXATQX,2,0.43
XXVADRR,2,0.43
XSXADRR,2,0.43
XSVXDRR,2,0.43
XSVAXRR,2,0.43
XSVADXR,2,0.43
XSVADRX,2,0.43
VXXADRR,2,0.43
VXVXDRR,2,0.43
VXVAXRR,2,0.43
VXVADXR,2,0.43
VXVADRX,2,0.43
VSXXDRR,2,0.43
VSXAXRR,2,0.43
VSXADXR,2,0.43
VSXADRX,2,0.43
VSVXXRR,2,0.43
VSVXDXR,2,0.43
VSVXDRX,2,0.43
VSVAXXR,2,0.43
VSVAXRX,2,0.43
VSVADXX,2,0.43
AMXASXV,2,0.43
XXTARRG,1,0.21
XGTXRRG,1,0.21
XGTAXRG,1,0.21
XGTARXG,1,0.21
XGTARRX,1,0.21
PXTXRRG,1,0.21
PXTAXRG,1,0.21
PXTARXG,1,0.21
PXTARRX,1,0.21
PGTXXRG,1,0.21
PGTXRXG,1,0.21
PGTXRRX,1,0.21
PGTAXXG,1,0.21
PGTAXRX,1,0.21
PGTARXX,1,0.21
XXTAINV,1,0.21
XKTXINV,1,0.21
XKTAIXV,1,0.21
XKTAINX,1,0.21
AXTXINV,1,0.21
AXTAIXV,1,0.21
AXTAINX,1,0.21
AKTXIXV,1,0.21
AKTXINX,1,0.21
AKTAIXX,1,0.21
XXSARTG,1,0.21
XTXARTG,1,0.21
XTSXRTG,1,0.21
XTSARXG,1,0.21
EXXARTG,1,0.21
EXSXRTG,1,0.21
EXSARXG,1,0.21
ETXXRTG,1,0.21
ETXARXG,1,0.21
ETSXRXG,1,0.21
XXSAKSG,1,0.21
XTXAKSG,1,0.21
XTSXKSG,1,0.21
EXXAKSG,1,0.21
EXSXKSG,1,0.21
ETXXKSG,1,0.21
XXEATNL,1,0.21
XMXATNL,1,0.21
XMEXTNL,1,0.21
XMEAXNL,1,0.21
XMEATNX,1,0.21
AXXATNL,1,0.21
AXEXTNL,1,0.21
AXEAXNL,1,0.21
AMXXTNL,1,0.21
AMXAXNL,1,0.21
AMXATNX,1,0.21
AMEXXNL,1,0.21
AMEXTNX,1,0.21
XXFASSF,1,0.21
XVXASSF,1,0.21
XVFXSSF,1,0.21
XVFAXSF,1,0.21
XVFASXF,1,0.21
XVFASSX,1,0.21
YXXASSF,1,0.21
YXFXSSF,1,0.21
YXFAXSF,1,0.21
YXFASXF,1,0.21
YXFASSX,1,0.21
YVXXSSF,1,0.21
YVXAXSF,1,0.21
YVXASXF,1,0.21
YVXASSX,1,0.21
YVFXXSF,1,0.21
YVFXSXF,1,0.21
YVFXSSX,1,0.21
YVFAXXF,1,0.21
YVFAXSX,1,0.21
YVFASXX,1,0.21
XCXAKTR,1,0.21
XCSXKTR,1,0.21
XCSAKXR,1,0.21
XCSAKTX,1,0.21
ECXXKTR,1,0.21
ECXAKXR,1,0.21
ECXAKTX,1,0.21
ECSXKXR,1,0.21
ECSXKTX,1,0.21
XXSAKLA,1,0.21
XTXAKLA,1,0.21
XTSXKLA,1,0.21
XTSAXLA,1,0.21
EXXAKLA,1,0.21
EXSXKLA,1,0.21
EXSAXLA,1,0.21
ETXXKLA,1,0.21
ETXAXLA,1,0.21
ETSXXLA,1,0.21
XXLASEA,1,0.21
XKXASEA,1,0.21
XKLXSEA,1,0.21
XKLAXEA,1,0.21
XKLASXA,1,0.21
XKLASEX,1,0.21
AXXASEA,1,0.21
AXLXSEA,1,0.21
AXLAXEA,1,0.21
AXLASXA,1,0.21
AXLASEX,1,0.21
AKXXSEA,1,0.21
AKXAXEA,1,0.21
AKXASXA,1,0.21
AKXASEX,1,0.21
AKLXXEA,1,0.21
AKLXSXA,1,0.21
AKLXSEX,1,0.21
AKLAXXA,1,0.21
AKLAXEX,1,0.21
AKLASXX,1,0.21
XXEADHV,1,0.21
XSXADHV,1,0.21
XSEXDHV,1,0.21
XSEAXHV,1,0.21
XSEADXV,1,0.21
XSEADHX,1,0.21
AXXADHV,1,0.21
AXEXDHV,1,0.21
AXEAXHV,1,0.21
AXEADXV,1,0.21
AXEADHX,1,0.21
ASXXDHV,1,0.21
ASXAXHV,1,0.21
ASXADXV,1,0.21
ASXADHX,1,0.21
ASEXXHV,1,0.21
ASEXDXV,1,0.21
ASEXDHX,1,0.21
ASEAXXV,1,0.21
ASEAXHX,1,0.21
ASEADXX,1,0.21
XXSATTG,1,0.21
XTXATTG,1,0.21
XTSXTTG,1,0.21
XTSATXG,1,0.21
XTSATTX,1,0.21
EXXATTG,1,0.21
EXSXTTG,1,0.21
EXSATXG,1,0.21
EXSATTX,1,0.21
ETXXTTG,1,0.21
ETXATXG,1,0.21
ETXATTX,1,0.21
ETSXTXG,1,0.21
ETSXTTX,1,0.21
ETSATXX,1,0.21
XXSALDY,1,0.21
XTXALDY,1,0.21
XTSXLDY,1,0.21
XTSALXY,1,0.21
EXXALDY,1,0.21
EXSXLDY,1,0.21
EXSALXY,1,0.21
ETXXLDY,1,0.21
ETXALXY,1,0.21
ETSXLXY,1,0.21
ETXXKQS,1,0.21
ETXAXQS,1,0.21
ETSXXQS,1,0.21
XXNASVP,1,0.21
XGXASVP,1,0.21
XGNXSVP,1,0.21
XGNAXVP,1,0.21
XGNASXP,1,0.21
XGNASVX,1,0.21
DXXASVP,1,0.21
DXNXSVP,1,0.21
DXNAXVP,1,0.21
DXNASXP,1,0.21
DXNASVX,1,0.21
DGXXSVP,1,0.21
DGXAXVP,1,0.21
DGXASXP,1,0.21
DGXASVX,1,0.21
DGNXXVP,1,0.21
DGNXSXP,1,0.21
DGNXSVX,1,0.21
DGNAXXP,1,0.21
DGNAXVX,1,0.21
DGNASXX,1,0.21
XXSAASG,1,0.21
XTXAASG,1,0.21
XTSXASG,1,0.21
XTSAASX,1,0.21
EXXAASG,1,0.21
EXSXASG,1,0.21
EXSAASX,1,0.21
ETXXASG,1,0.21
ETXAASX,1,0.21
ETSXASX,1,0.21
XXAASGQ,1,0.21
XSXASGQ,1,0.21
XSAXSGQ,1,0.21
XSAASXQ,1,0.21
XSAASGX,1,0.21
TXXASGQ,1,0.21
TXAXSGQ,1,0.21
TXAASXQ,1,0.21
TXAASGX,1,0.21
TSXXSGQ,1,0.21
TSXASXQ,1,0.21
TSXASGX,1,0.21
TSAXSXQ,1,0.21
TSAXSGX,1,0.21
TSAASXX,1,0.21
XXSALSG,1,0.21
XVXALSG,1,0.21
XVSXLSG,1,0.21
XVSAXSG,1,0.21
XVSALXG,1,0.21
XVSALSX,1,0.21
EXXALSG,1,0.21
EXSXLSG,1,0.21
EXSALSX,1,0.21
EVXXLSG,1,0.21
EVXAXSG,1,0.21
EVXALXG,1,0.21
EVXALSX,1,0.21
EVSXXSG,1,0.21
EVSXLXG,1,0.21
EVSXLSX,1,0.21
EVSAXXG,1,0.21
EVSALXX,1,0.21
XXSAQER,1,0.21
XDXAQER,1,0.21
XDSXQER,1,0.21
XDSAQXR,1,0.21
XDSAQEX,1,0.21
VXXAQER,1,0.21
VXSXQER,1,0.21
VXSAQXR,1,0.21
VXSAQEX,1,0.21
VDXXQER,1,0.21
VDXAQXR,1,0.21
VDXAQEX,1,0.21
VDSXQXR,1,0.21
VDSXQEX,1,0.21
VDSAQXX,1,0.21
XXRAVKR,1,0.21
XEXAVKR,1,0.21
XERXVKR,1,0.21
XERAXKR,1,0.21
XERAVXR,1,0.21
XERAVKX,1,0.21
QXXAVKR,1,0.21
QXRXVKR,1,0.21
QXRAXKR,1,0.21
QXRAVXR,1,0.21
QXRAVKX,1,0.21
QEXXVKR,1,0.21
QEXAXKR,1,0.21
QEXAVXR,1,0.21
QEXAVKX,1,0.21
QERXXKR,1,0.21
QERXVXR,1,0.21
QERXVKX,1,0.21
QERAXXR,1,0.21
QERAXKX,1,0.21
QERAVXX,1,0.21
XVXAKEN,1,0.21
XVSXKEN,1,0.21
XVSAXEN,1,0.21
XVSAKXN,1,0.21
EVXXKEN,1,0.21
EVXAXEN,1,0.21
EVXAKXN,1,0.21
EVSXXEN,1,0.21
EVSXKXN,1,0.21
EVSAXXN,1,0.21
XLXAINV,1,0.21
XLEXINV,1,0.21
XLEAIXV,1,0.21
XLEAINX,1,0.21
ALXXINV,1,0.21
ALXAIXV,1,0.21
ALXAINX,1,0.21
ALEXIXV,1,0.21
ALEXINX,1,0.21
ALEAIXX,1,0.21
XXSAKQA,1,0.21
XTXAKQA,1,0.21
XTSXKQA,1,0.21
XTSAXQA,1,0.21
EXXAKQA,1,0.21
EXSXKQA,1,0.21
EXSAXQA,1,0.21
ETXXKQA,1,0.21
ETXAXQA,1,0.21
ETSXXQA,1,0.21
XXQAINI,1,0.21
XKQXINI,1,0.21
XKQAXNI,1,0.21
XKQAIXI,1,0.21
XKQAINX,1,0.21
AXQXINI,1,0.21
AXQAXNI,1,0.21
AXQAIXI,1,0.21
AXQAINX,1,0.21
AKQXXNI,1,0.21
AKQXIXI,1,0.21
AKQXINX,1,0.21
AKQAXXI,1,0.21
AKQAXNX,1,0.21
AKQAIXX,1,0.21
XXSAKDY,1,0.21
XTXAKDY,1,0.21
XTSXKDY,1,0.21
XTSAKXY,1,0.21
EXXAKDY,1,0.21
EXSXKDY,1,0.21
EXSAKXY,1,0.21
ETXXKDY,1,0.21
ETXAKXY,1,0.21
ETSXKXY,1,0.21
XXSAKSK,1,0.21
XCXAKSK,1,0.21
XCSXKSK,1,0.21
XCSAXSK,1,0.21
XCSAKXK,1,0.21
XCSAKSX,1,0.21
EXXAKSK,1,0.21
EXSXKSK,1,0.21
EXSAXSK,1,0.21
ECXXKSK,1,0.21
ECXAXSK,1,0.21
ECXAKXK,1,0.21
ECXAKSX,1,0.21
ECSXXSK,1,0.21
ECSXKXK,1,0.21
ECSXKSX,1,0.21
ECSAXXK,1,0.21
ECSAXSX,1,0.21
XXDAVTE,1,0.21
XPXAVTE,1,0.21
XPDXVTE,1,0.21
XPDAXTE,1,0.21
XPDAVXE,1,0.21
XPDAVTX,1,0.21
IXXAVTE,1,0.21
IXDXVTE,1,0.21
IXDAXTE,1,0.21
IXDAVXE,1,0.21
IXDAVTX,1,0.21
IPXXVTE,1,0.21
IPXAXTE,1,0.21
IPXAVXE,1,0.21
IPXAVTX,1,0.21
IPDXXTE,1,0.21
IPDXVXE,1,0.21
IPDXVTX,1,0.21
IPDAXXE,1,0.21
IPDAXTX,1,0.21
IPDAVXX,1,0.21
XKXAHNV,1,0.21
XKTXHNV,1,0.21
XKTAHXV,1,0.21
XKTAHNX,1,0.21
AKXXHNV,1,0.21
AKXAHXV,1,0.21
AKXAHNX,1,0.21
AKTXHXV,1,0.21
AKTXHNX,1,0.21
AKTAHXX,1,0.21
XAXAKTR,1,0.21
XASXKTR,1,0.21
XASAXTR,1,0.21
XASAKXR,1,0.21
EAXXKTR,1,0.21
EAXAXTR,1,0.21
EAXAKXR,1,0.21
EASXXTR,1,0.21
EASXKXR,1,0.21
EASAXXR,1,0.21
XXSALNA,1,0.21
XTXALNA,1,0.21
XTSXLNA,1,0.21
EXXALNA,1,0.21
EXSXLNA,1,0.21
ETXXLNA,1,0.21
XLNXTNV,1,0.21
XLNAXNV,1,0.21
XLNATXV,1,0.21
XLNATNX,1,0.21
ALNXXNV,1,0.21
ALNXTXV,1,0.21
ALNXTNX,1,0.21
ALNAXXV,1,0.21
ALNAXNX,1,0.21
ALNATXX,1,0.21
XXTAANV,1,0.21
XKTXANV,1,0.21
XKTAAXV,1,0.21
XKTAANX,1,0.21
AXTXANV,1,0.21
AXTAAXV,1,0.21
AXTAANX,1,0.21
AKTXAXV,1,0.21
AKTXANX,1,0.21
AKTAAXX,1,0.21
XTXANVE,1,0.21
XTAXNVE,1,0.21
XTAAXVE,1,0.21
XTAANXE,1,0.21
XTAANVX,1,0.21
KTXXNVE,1,0.21
KTXAXVE,1,0.21
KTXANXE,1,0.21
KTXANVX,1,0.21
KTAXXVE,1,0.21
KTAXNXE,1,0.21
KTAXNVX,1,0.21
KTAAXXE,1,0.21
KTAAXVX,1,0.21
KTAANXX,1,0.21
XXDAAHE,1,0.21
XEXAAHE,1,0.21
XEDXAHE,1,0.21
XEDAXHE,1,0.21
XEDAAXE,1,0.21
XEDAAHX,1,0.21
IXXAAHE,1,0.21
IXDXAHE,1,0.21
IXDAXHE,1,0.21
IXDAAXE,1,0.21
IXDAAHX,1,0.21
IEXXAHE,1,0.21
IEXAXHE,1,0.21
IEXAAXE,1,0.21
IEXAAHX,1,0.21
IEDXXHE,1,0.21
IEDXAXE,1,0.21
IEDXAHX,1,0.21
IEDAXXE,1,0.21
IEDAXHX,1,0.21
IEDAAXX,1,0.21
XXAAHET,1,0.21
XDXAHET,1,0.21
XDAXHET,1,0.21
XDAAXET,1,0.21
XDAAHXT,1,0.21
XDAAHEX,1,0.21
EXXAHET,1,0.21
EXAXHET,1,0.21
EXAAXET,1,0.21
EXAAHXT,1,0.21
EXAAHEX,1,0.21
EDXXHET,1,0.21
EDXAXET,1,0.21
EDXAHXT,1,0.21
EDXAHEX,1,0.21
EDAXXET,1,0.21
EDAXHXT,1,0.21
EDAXHEX,1,0.21
EDAAXXT,1,0.21
EDAAXEX,1,0.21
EDAAHXX,1,0.21
XXSAKAK,1,0.21
XTXAKAK,1,0.21
XTSXKAK,1,0.21
XTSAXAK,1,0.21
XTSAKXK,1,0.21
EXXAKAK,1,0.21
EXSXKAK,1,0.21
EXSAXAK,1,0.21
ETXXKAK,1,0.21
ETXAXAK,1,0.21
ETXAKXK,1,0.21
ETSXXAK,1,0.21
ETSXKXK,1,0.21
ETSAXXK,1,0.21
XXKAKIN,1,0.21
XAXAKIN,1,0.21
XAKXKIN,1,0.21
XAKAKXN,1,0.21
XAKAKIX,1,0.21
SXXAKIN,1,0.21
SXKXKIN,1,0.21
SXKAKXN,1,0.21
SXKAKIX,1,0.21
SAXXKIN,1,0.21
SAXAKXN,1,0.21
SAXAKIX,1,0.21
SAKXKXN,1,0.21
SAKXKIX,1,0.21
SAKAKXX,1,0.21
XXEATRF,1,0.21
XDXATRF,1,0.21
XDEXTRF,1,0.21
XDEATXF,1,0.21
XDEATRX,1,0.21
IXXATRF,1,0.21
IXEXTRF,1,0.21
IXEATXF,1,0.21
IXEATRX,1,0.21
IDXXTRF,1,0.21
IDXATXF,1,0.21
IDXATRX,1,0.21
IDEXTXF,1,0.21
IDEXTRX,1,0.21
IDEATXX,1,0.21
XIXAKQS,1,0.21
XISXKQS,1,0.21
XISAXQS,1,0.21
XISAKXS,1,0.21
XISAKQX,1,0.21
EIXXKQS,1,0.21
EIXAXQS,1,0.21
EIXAKXS,1,0.21
EIXAKQX,1,0.21
EISXXQS,1,0.21
EISXKXS,1,0.21
EISXKQX,1,0.21
EISAXXS,1,0.21
EISAXQX,1,0.21
XXNAPAS,1,0.21
XSXAPAS,1,0.21
XSNXPAS,1,0.21
XSNAXAS,1,0.21
XSNAPAX,1,0.21
PXXAPAS,1,0.21
PXNXPAS,1,0.21
PXNAXAS,1,0.21
PXNAPAX,1,0.21
PSXXPAS,1,0.21
PSXAXAS,1,0.21
PSXAPAX,1,0.21
PSNXXAS,1,0.21
PSNXPAX,1,0.21
PSNAXAX,1,0.21
XXPASTV,1,0.21
XAXASTV,1,0.21
XAPXSTV,1,0.21
XAPAXTV,1,0.21
XAPASXV,1,0.21
XAPASTX,1,0.21
NXXASTV,1,0.21
NXPXSTV,1,0.21
NXPAXTV,1,0.21
NXPASXV,1,0.21
NXPASTX,1,0.21
NAXXSTV,1,0.21
NAXAXTV,1,0.21
NAXASXV,1,0.21
NAXASTX,1,0.21
NAPXXTV,1,0.21
NAPXSXV,1,0.21
NAPXSTX,1,0.21
NAPAXXV,1,0.21
NAPAXTX,1,0.21
NAPASXX,1,0.21
XXTASKV,1,0.21
XNXASKV,1,0.21
XNTXSKV,1,0.21
XNTAXKV,1,0.21
XNTASXV,1,0.21
XNTASKX,1,0.21
LXTXSKV,1,0.21
LXTAXKV,1,0.21
LXTASXV,1,0.21
LXTASKX,1,0.21
LNXXSKV,1,0.21
LNXAXKV,1,0.21
LNXASXV,1,0.21
LNXASKX,1,0.21
LNTXXKV,1,0.21
LNTXSXV,1,0.21
LNTXSKX,1,0.21
LNTAXXV,1,0.21
LNTAXKX,1,0.21
LNTASXX,1,0.21
XXTADNI,1,0.21
XKXADNI,1,0.21
XKTXDNI,1,0.21
XKTAXNI,1,0.21
XKTADXI,1,0.21
XKTADNX,1,0.21
AXXADNI,1,0.21
AXTXDNI,1,0.21
AXTAXNI,1,0.21
AXTADXI,1,0.21
AXTADNX,1,0.21
AKXXDNI,1,0.21
AKXADXI,1,0.21
AKXADNX,1,0.21
AKTXXNI,1,0.21
AKTXDXI,1,0.21
AKTXDNX,1,0.21
AKTAXXI,1,0.21
AKTADXX,1,0.21
XXTALNV,1,0.21
XKXALNV,1,0.21
XKTXLNV,1,0.21
XKTALXV,1,0.21
XKTALNX,1,0.21
AXTXLNV,1,0.21
AXTALXV,1,0.21
AXTALNX,1,0.21
AKXXLNV,1,0.21
AKXALXV,1,0.21
AKXALNX,1,0.21
AKTXLXV,1,0.21
AKTXLNX,1,0.21
AKTALXX,1,0.21
XLXAVNV,1,0.21
XLEXVNV,1,0.21
XLEAVXV,1,0.21
ALXXVNV,1,0.21
ALXAVXV,1,0.21
ALEXVXV,1,0.21
XXEASAR,1,0.21
XLXASAR,1,0.21
XLEXSAR,1,0.21
XLEAXAR,1,0.21
XLEASXR,1,0.21
FXXASAR,1,0.21
FXEXSAR,1,0.21
FXEAXAR,1,0.21
FXEASXR,1,0.21
FLXXSAR,1,0.21
FLXAXAR,1,0.21
FLXASXR,1,0.21
FLEXXAR,1,0.21
FLEXSXR,1,0.21
FLEAXXR,1,0.21
XAXARTA,1,0.21
XASXRTA,1,0.21
XASARXA,1,0.21
XASARTX,1,0.21
EAXXRTA,1,0.21
EAXARXA,1,0.21
EAXARTX,1,0.21
EASXRXA,1,0.21
EASXRTX,1,0.21
EASARXX,1,0.21
XRXAQNV,1,0.21
XRTXQNV,1,0.21
XRTAQXV,1,0.21
XRTAQNX,1,0.21
ARXXQNV,1,0.21
ARXAQXV,1,0.21
ARXAQNX,1,0.21
ARTXQXV,1,0.21
ARTXQNX,1,0.21
ARTAQXX,1,0.21
XXSAKAD,1,0.21
XTXAKAD,1,0.21
XTSXKAD,1,0.21
XTSAXAD,1,0.21
EXXAKAD,1,0.21
EXSXKAD,1,0.21
EXSAXAD,1,0.21
ETXXKAD,1,0.21
ETXAXAD,1,0.21
ETSXXAD,1,0.21
XXKADSE,1,0.21
XAXADSE,1,0.21
XAKXDSE,1,0.21
XAKAXSE,1,0.21
XAKADXE,1,0.21
XAKADSX,1,0.21
SXXADSE,1,0.21
SXKXDSE,1,0.21
SXKAXSE,1,0.21
SXKADXE,1,0.21
SXKADSX,1,0.21
SAXXDSE,1,0.21
SAXAXSE,1,0.21
SAXADXE,1,0.21
SAXADSX,1,0.21
SAKXXSE,1,0.21
SAKXDXE,1,0.21
SAKXDSX,1,0.21
SAKAXXE,1,0.21
SAKAXSX,1,0.21
SAKADXX,1,0.21
XXEATKL,1,0.21
XMXATKL,1,0.21
XMEXTKL,1,0.21
XMEAXKL,1,0.21
XMEATKX,1,0.21
AXXATKL,1,0.21
AXEXTKL,1,0.21
AXEAXKL,1,0.21
AXEATKX,1,0.21
AMXXTKL,1,0.21
AMXAXKL,1,0.21
AMXATKX,1,0.21
AMEXXKL,1,0.21
AMEXTKX,1,0.21
AMEAXKX,1,0.21
XXEAVNI,1,0.21
XLXAVNI,1,0.21
XLEXVNI,1,0.21
XLEAVXI,1,0.21
AXXAVNI,1,0.21
AXEXVNI,1,0.21
AXEAVXI,1,0.21
ALXXVNI,1,0.21
ALXAVXI,1,0.21
ALEXVXI,1,0.21
XXSAFTT,1,0.21
XEXAFTT,1,0.21
XESXFTT,1,0.21
XESAXTT,1,0.21
XESAFXT,1,0.21
XESAFTX,1,0.21
VXXAFTT,1,0.21
VXSXFTT,1,0.21
VXSAXTT,1,0.21
VXSAFXT,1,0.21
VXSAFTX,1,0.21
VEXXFTT,1,0.21
VEXAXTT,1,0.21
VEXAFXT,1,0.21
VEXAFTX,1,0.21
VESXXTT,1,0.21
VESXFXT,1,0.21
VESXFTX,1,0.21
VESAXXT,1,0.21
VESAXTX,1,0.21
VESAFXX,1,0.21
XXTAIDE,1,0.21
XSXAIDE,1,0.21
XSTXIDE,1,0.21
XSTAXDE,1,0.21
XSTAIXE,1,0.21
XSTAIDX,1,0.21
EXXAIDE,1,0.21
EXTXIDE,1,0.21
EXTAXDE,1,0.21
EXTAIXE,1,0.21
EXTAIDX,1,0.21
ESXXIDE,1,0.21
ESXAXDE,1,0.21
ESXAIXE,1,0.21
ESXAIDX,1,0.21
ESTXXDE,1,0.21
ESTXIXE,1,0.21
ESTXIDX,1,0.21
ESTAXXE,1,0.21
ESTAXDX,1,0.21
ESTAIXX,1,0.21
XVXAKSS,1,0.21
XVSXKSS,1,0.21
XVSAXSS,1,0.21
XVSAKSX,1,0.21
EVXXKSS,1,0.21
EVXAXSS,1,0.21
EVXAKSX,1,0.21
EVSXXSS,1,0.21
EVSXKSX,1,0.21
XXSAHER,1,0.21
XDXAHER,1,0.21
XDSXHER,1,0.21
XDSAHXR,1,0.21
XDSAHEX,1,0.21
VXXAHER,1,0.21
VXSXHER,1,0.21
VXSAHXR,1,0.21
VXSAHEX,1,0.21
VDXXHER,1,0.21
VDXAHXR,1,0.21
VDXAHEX,1,0.21
VDSXHXR,1,0.21
VDSXHEX,1,0.21
VDSAHXX,1,0.21
XXSAFNA,1,0.21
XTXAFNA,1,0.21
XTSXFNA,1,0.21
XTSAFXA,1,0.21
XTSAFNX,1,0.21
EXXAFNA,1,0.21
EXSXFNA,1,0.21
EXSAFXA,1,0.21
EXSAFNX,1,0.21
ETXXFNA,1,0.21
ETXAFXA,1,0.21
ETXAFNX,1,0.21
ETSXFXA,1,0.21
ETSXFNX,1,0.21
ETSAFXX,1,0.21
XFXATNV,1,0.21
XFNXTNV,1,0.21
XFNAXNV,1,0.21
XFNATXV,1,0.21
XFNATNX,1,0.21
AFXXTNV,1,0.21
AFXAXNV,1,0.21
AFXATXV,1,0.21
AFXATNX,1,0.21
AFNXXNV,1,0.21
AFNXTXV,1,0.21
AFNXTNX,1,0.21
AFNAXXV,1,0.21
AFNAXNX,1,0.21
AFNATXX,1,0.21
XXSALQG,1,0.21
XTXALQG,1,0.21
XTSXLQG,1,0.21
XTSAXQG,1,0.21
XTSALQX,1,0.21
IXXALQG,1,0.21
IXSXLQG,1,0.21
IXSAXQG,1,0.21
IXSALXG,1,0.21
IXSALQX,1,0.21
ITXXLQG,1,0.21
ITXAXQG,1,0.21
ITXALXG,1,0.21
ITXALQX,1,0.21
ITSXXQG,1,0.21
ITSXLXG,1,0.21
ITSXLQX,1,0.21
ITSAXXG,1,0.21
ITSAXQX,1,0.21
ITSALXX,1,0.21
XXEAVSW,1,0.21
XNXAVSW,1,0.21
XNEXVSW,1,0.21
XNEAXSW,1,0.21
XNEAVXW,1,0.21
XNEAVSX,1,0.21
GXXAVSW,1,0.21
GXEXVSW,1,0.21
GXEAXSW,1,0.21
GXEAVXW,1,0.21
GXEAVSX,1,0.21
GNXXVSW,1,0.21
GNXAXSW,1,0.21
GNXAVXW,1,0.21
GNXAVSX,1,0.21
GNEXXSW,1,0.21
GNEXVXW,1,0.21
GNEXVSX,1,0.21
GNEAXXW,1,0.21
GNEAXSX,1,0.21
GNEAVXX,1,0.21
XXFATSA,1,0.21
XWXATSA,1,0.21
XWFXTSA,1,0.21
XWFAXSA,1,0.21
XWFATXA,1,0.21
XWFATSX,1,0.21
GXXATSA,1,0.21
GXFXTSA,1,0.21
GXFAXSA,1,0.21
GXFATXA,1,0.21
GXFATSX,1,0.21
GWXXTSA,1,0.21
GWXAXSA,1,0.21
GWXATXA,1,0.21
GWXATSX,1,0.21
GWFXXSA,1,0.21
GWFXTXA,1,0.21
GWFXTSX,1,0.21
GWFAXXA,1,0.21
GWFAXSX,1,0.21
GWFATXX,1,0.21
XXSASND,1,0.21
XTXASND,1,0.21
XTSXSND,1,0.21
XTSAXND,1,0.21
XTSASXD,1,0.21
XTSASNX,1,0.21
AXXASND,1,0.21
AXSXSND,1,0.21
AXSAXND,1,0.21
AXSASXD,1,0.21
AXSASNX,1,0.21
ATXXSND,1,0.21
ATXAXND,1,0.21
ATXASXD,1,0.21
ATXASNX,1,0.21
ATSXXND,1,0.21
ATSXSXD,1,0.21
ATSXSNX,1,0.21
ATSAXXD,1,0.21
ATSAXNX,1,0.21
ATSASXX,1,0.21
XXSAADG,1,0.21
XVXAADG,1,0.21
XVSXADG,1,0.21
XVSAXDG,1,0.21
XVSAAXG,1,0.21
XVSAADX,1,0.21
FXXAADG,1,0.21
FXSXADG,1,0.21
FXSAXDG,1,0.21
FXSAAXG,1,0.21
FXSAADX,1,0.21
FVXXADG,1,0.21
FVXAXDG,1,0.21
FVXAAXG,1,0.21
FVXAADX,1,0.21
FVSXXDG,1,0.21
FVSXAXG,1,0.21
FVSXADX,1,0.21
FVSAXDX,1,0.21
FVSAAXX,1,0.21
XVXAKES,1,0.21
XVSXKES,1,0.21
XVSAXES,1,0.21
EVXXKES,1,0.21
EVXAXES,1,0.21
EVSXXES,1,0.21
YXXAKED,1,0.21
YXSXKED,1,0.21
YXSAXED,1,0.21
YXSAKXD,1,0.21
YXSAKEX,1,0.21
YTXXKED,1,0.21
YTXAXED,1,0.21
YTXAKXD,1,0.21
YTXAKEX,1,0.21
YTSXXED,1,0.21
YTSXKXD,1,0.21
YTSXKEX,1,0.21
YTSAXXD,1,0.21
YTSAXEX,1,0.21
XDXAARF,1,0.21
XDEXARF,1,0.21
XDEAAXF,1,0.21
XDEAARX,1,0.21
IDXXARF,1,0.21
IDXAAXF,1,0.21
IDXAARX,1,0.21
IDEXAXF,1,0.21
IDEXARX,1,0.21
IDEAAXX,1,0.21
DXXARFL,1,0.21
DXAXRFL,1,0.21
DXAAXFL,1,0.21
DXAARXL,1,0.21
DXAARFX,1,0.21
DEXXRFL,1,0.21
DEXAXFL,1,0.21
DEXARXL,1,0.21
DEXARFX,1,0.21
DEAXXFL,1,0.21
DEAXRXL,1,0.21
DEAXRFX,1,0.21
DEAAXXL,1,0.21
DEAAXFX,1,0.21
DEAARXX,1,0.21
XXNAPTS,1,0.21
XSXAPTS,1,0.21
XSNXPTS,1,0.21
XSNAXTS,1,0.21
XSNAPTX,1,0.21
PXXAPTS,1,0.21
PXNXPTS,1,0.21
PXNAXTS,1,0.21
PXNAPTX,1,0.21
PSXXPTS,1,0.21
PSXAXTS,1,0.21
PSXAPTX,1,0.21
PSNXXTS,1,0.21
PSNXPTX,1,0.21
PSNAXTX,1,0.21
XXNASKV,1,0.21
XSXASKV,1,0.21
XSNXSKV,1,0.21
XSNAXKV,1,0.21
XSNASXV,1,0.21
XSNASKX,1,0.21
LXNXSKV,1,0.21
LXNAXKV,1,0.21
LXNASXV,1,0.21
LXNASKX,1,0.21
LSXXSKV,1,0.21
LSXAXKV,1,0.21
LSXASXV,1,0.21
LSXASKX,1,0.21
LSNXXKV,1,0.21
LSNXSXV,1,0.21
LSNXSKX,1,0.21
LSNAXXV,1,0.21
LSNAXKX,1,0.21
LSNASXX,1,0.21
XXSALKQ,1,0.21
XCXALKQ,1,0.21
XCSXLKQ,1,0.21
XCSAXKQ,1,0.21
XCSALXQ,1,0.21
XCSALKX,1,0.21
EXXALKQ,1,0.21
EXSXLKQ,1,0.21
EXSAXKQ,1,0.21
EXSALXQ,1,0.21
EXSALKX,1,0.21
ECXXLKQ,1,0.21
ECXAXKQ,1,0.21
ECXALXQ,1,0.21
ECXALKX,1,0.21
ECSXXKQ,1,0.21
ECSXLXQ,1,0.21
ECSXLKX,1,0.21
ECSAXXQ,1,0.21
ECSAXKX,1,0.21
ECSALXX,1,0.21
XXSAKVN,1,0.21
XTXAKVN,1,0.21
XTSXKVN,1,0.21
XTSAXVN,1,0.21
EXXAKVN,1,0.21
EXSXKVN,1,0.21
EXSAXVN,1,0.21
ETXXKVN,1,0.21
ETXAXVN,1,0.21
ETSXXVN,1,0.21
XXTAVNV,1,0.21
XKXAVNV,1,0.21
XKTXVNV,1,0.21
XKTAVXV,1,0.21
XKTAVNX,1,0.21
AXTXVNV,1,0.21
AXTAVXV,1,0.21
AXTAVNX,1,0.21
AKXXVNV,1,0.21
AKXAVXV,1,0.21
AKXAVNX,1,0.21
AKTXVXV,1,0.21
AKTXVNX,1,0.21
AKTAVXX,1,0.21
XMXAVNV,1,0.21
XMEXVNV,1,0.21
XMEAXNV,1,0.21
XMEAVXV,1,0.21
XMEAVNX,1,0.21
AMXXVNV,1,0.21
AMXAVXV,1,0.21
AMXAVNX,1,0.21
AMEXXNV,1,0.21
AMEXVXV,1,0.21
AMEXVNX,1,0.21
AMEAXXV,1,0.21
AMEAVXX,1,0.21
SXXAAAF,1,0.21
SXVXAAF,1,0.21
SXVAXAF,1,0.21
SXVAAXF,1,0.21
SXVAAAX,1,0.21
SNXXAAF,1,0.21
SNXAXAF,1,0.21
SNXAAXF,1,0.21
SNXAAAX,1,0.21
SNVXXAF,1,0.21
SNVXAXF,1,0.21
SNVXAAX,1,0.21
SNVAXXF,1,0.21
SNVAXAX,1,0.21
SNVAAXX,1,0.21
SXXAKLN,1,0.21
SXSXKLN,1,0.21
SXSAXLN,1,0.21
SXSAKXN,1,0.21
SXSAKLX,1,0.21
STXXKLN,1,0.21
STXAXLN,1,0.21
STXAKXN,1,0.21
STXAKLX,1,0.21
STSXXLN,1,0.21
STSXKXN,1,0.21
STSXKLX,1,0.21
STSAXXN,1,0.21
STSAXLX,1,0.21
STSAKXX,1,0.21
YXXAKQS,1,0.21
YXSXKQS,1,0.21
YXSAXQS,1,0.21
YXSAKXS,1,0.21
YXSAKQX,1,0.21
YTXXKQS,1,0.21
YTXAXQS,1,0.21
YTXAKXS,1,0.21
YTXAKQX,1,0.21
YTSXXQS,1,0.21
YTSXKXS,1,0.21
YTSXKQX,1,0.21
YTSAXXS,1,0.21
YTSAXQX,1,0.21
XXVAELF,1,0.21
XGXAELF,1,0.21
XGVXELF,1,0.21
XGVAXLF,1,0.21
XGVAEXF,1,0.21
XGVAELX,1,0.21
KXXAELF,1,0.21
KXVXELF,1,0.21
KXVAXLF,1,0.21
KXVAEXF,1,0.21
KXVAELX,1,0.21
KGXXELF,1,0.21
KGXAXLF,1,0.21
KGXAEXF,1,0.21
KGXAELX,1,0.21
KGVXXLF,1,0.21
KGVXEXF,1,0.21
KGVXELX,1,0.21
KGVAXXF,1,0.21
KGVAXLX,1,0.21
KGVAEXX,1,0.21
XSXAKTG,1,0.21
XSSXKTG,1,0.21
XSSAXTG,1,0.21
XSSAKXG,1,0.21
XSSAKTX,1,0.21
ESXXKTG,1,0.21
ESXAXTG,1,0.21
ESXAKXG,1,0.21
ESXAKTX,1,0.21
ESSXXTG,1,0.21
ESSXKXG,1,0.21
ESSXKTX,1,0.21
ESSAXXG,1,0.21
ESSAXTX,1,0.21
XEXAARF,1,0.21
XEEXARF,1,0.21
XEEAXRF,1,0.21
XEEAAXF,1,0.21
XEEAARX,1,0.21
IEXXARF,1,0.21
IEXAXRF,1,0.21
IEXAAXF,1,0.21
IEXAARX,1,0.21
IEEXXRF,1,0.21
IEEXAXF,1,0.21
IEEXARX,1,0.21
IEEAXXF,1,0.21
IEEAXRX,1,0.21
IEEAAXX,1,0.21
EXXARFL,1,0.21
EXAXRFL,1,0.21
EXAAXFL,1,0.21
EXAARXL,1,0.21
EXAARFX,1,0.21
EEXXRFL,1,0.21
EEXAXFL,1,0.21
EEXARXL,1,0.21
EEXARFX,1,0.21
EEAXXFL,1,0.21
EEAXRXL,1,0.21
EEAXRFX,1,0.21
EEAAXXL,1,0.21
EEAAXFX,1,0.21
EEAARXX,1,0.21
XXNALFC,1,0.21
XYNXLFC,1,0.21
XYNAXFC,1,0.21
XYNALXC,1,0.21
XYNALFX,1,0.21
NXXALFC,1,0.21
NXNXLFC,1,0.21
NXNAXFC,1,0.21
NXNALXC,1,0.21
NXNALFX,1,0.21
NYXXLFC,1,0.21
NYXAXFC,1,0.21
NYXALXC,1,0.21
NYXALFX,1,0.21
NYNXXFC,1,0.21
NYNXLXC,1,0.21
NYNXLFX,1,0.21
NYNAXXC,1,0.21
NYNAXFX,1,0.21
NYNALXX,1,0.21
XAXAKEG,1,0.21
XASXKEG,1,0.21
XASAXEG,1,0.21
EAXXKEG,1,0.21
EAXAXEG,1,0.21
EASXXEG,1,0.21
XXTACNV,1,0.21
XKXACNV,1,0.21
XKTXCNV,1,0.21
XKTACXV,1,0.21
XKTACNX,1,0.21
AXXACNV,1,0.21
AXTXCNV,1,0.21
AXTACXV,1,0.21
AXTACNX,1,0.21
AKXXCNV,1,0.21
AKXACXV,1,0.21
AKXACNX,1,0.21
AKTXCXV,1,0.21
AKTXCNX,1,0.21
AKTACXX,1,0.21
XXEASAA,1,0.21
XMXASAA,1,0.21
XMEXSAA,1,0.21
XMEAXAA,1,0.21
XMEASXA,1,0.21
FXXASAA,1,0.21
FXEXSAA,1,0.21
FXEAXAA,1,0.21
FXEASXA,1,0.21
FMXXSAA,1,0.21
FMXAXAA,1,0.21
FMXASXA,1,0.21
FMEXXAA,1,0.21
FMEXSXA,1,0.21
FMEAXXA,1,0.21
XAXAATG,1,0.21
XASXATG,1,0.21
XASAAXG,1,0.21
XASAATX,1,0.21
EAXXATG,1,0.21
EAXAAXG,1,0.21
EAXAATX,1,0.21
EASXAXG,1,0.21
EASXATX,1,0.21
EASAAXX,1,0.21
XXAATGV,1,0.21
XSXATGV,1,0.21
XSAXTGV,1,0.21
XSAAXGV,1,0.21
XSAATXV,1,0.21
AXXATGV,1,0.21
AXAXTGV,1,0.21
AXAAXGV,1,0.21
AXAATXV,1,0.21
AXAATGX,1,0.21
ASXXTGV,1,0.21
ASXAXGV,1,0.21
ASXATXV,1,0.21
ASXATGX,1,0.21
ASAXXGV,1,0.21
ASAXTXV,1,0.21
ASAXTGX,1,0.21
ASAAXXV,1,0.21
ASAAXGX,1,0.21
ASAATXX,1,0.21
XAXAKSS,1,0.21
XASXKSS,1,0.21
XASAXSS,1,0.21
XASAKXS,1,0.21
XASAKSX,1,0.21
EAXXKSS,1,0.21
EAXAXSS,1,0.21
EAXAKXS,1,0.21
EAXAKSX,1,0.21
EASXXSS,1,0.21
EASXKXS,1,0.21
EASXKSX,1,0.21
EASAXXS,1,0.21
EASAXSX,1,0.21
XSXAEEQ,1,0.21
XSTXEEQ,1,0.21
XSTAXEQ,1,0.21
XSTAEXQ,1,0.21
XSTAEEX,1,0.21
SSXXEEQ,1,0.21
SSXAXEQ,1,0.21
SSXAEXQ,1,0.21
SSXAEEX,1,0.21
SSTXXEQ,1,0.21
SSTXEXQ,1,0.21
SSTXEEX,1,0.21
SSTAXXQ,1,0.21
SSTAXEX,1,0.21
SSTAEXX,1,0.21
XXMAPGS,1,0.21
XCXAPGS,1,0.21
XCMXPGS,1,0.21
XCMAXGS,1,0.21
XCMAPXS,1,0.21
XCMAPGX,1,0.21
KXXAPGS,1,0.21
KXMXPGS,1,0.21
KXMAXGS,1,0.21
KXMAPXS,1,0.21
KXMAPGX,1,0.21
KCXXPGS,1,0.21
KCXAXGS,1,0.21
KCXAPXS,1,0.21
KCXAPGX,1,0.21
KCMXXGS,1,0.21
KCMXPXS,1,0.21
KCMXPGX,1,0.21
KCMAXXS,1,0.21
KCMAXGX,1,0.21
KCMAPXX,1,0.21
XIXAKDD,1,0.21
XISXKDD,1,0.21
XISAXDD,1,0.21
XISAKXD,1,0.21
XISAKDX,1,0.21
EIXXKDD,1,0.21
EIXAXDD,1,0.21
EIXAKXD,1,0.21
EIXAKDX,1,0.21
EISXXDD,1,0.21
EISXKXD,1,0.21
EISXKDX,1,0.21
EISAXXD,1,0.21
EISAXDX,1,0.21
XSXAKND,1,0.21
XSSXKND,1,0.21
XSSAXND,1,0.21
XSSAKXD,1,0.21
XSSAKNX,1,0.21
ESXXKND,1,0.21
ESXAXND,1,0.21
ESXAKXD,1,0.21
ESXAKNX,1,0.21
ESSXXND,1,0.21
ESSXKXD,1,0.21
ESSXKNX,1,0.21
ESSAXXD,1,0.21
ESSAXNX,1,0.21
XXEASSK,1,0.21
XLXASSK,1,0.21
XLEXSSK,1,0.21
XLEAXSK,1,0.21
XLEASSX,1,0.21
FXXASSK,1,0.21
FXEXSSK,1,0.21
FXEAXSK,1,0.21
FXEASSX,1,0.21
FLXXSSK,1,0.21
FLXAXSK,1,0.21
FLXASSX,1,0.21
FLEXXSK,1,0.21
FLEXSSX,1,0.21
FLEAXSX,1,0.21
XXKAGHN,1,0.21
XAXAGHN,1,0.21
XAKXGHN,1,0.21
XAKAXHN,1,0.21
XAKAGHX,1,0.21
SXXAGHN,1,0.21
SXKXGHN,1,0.21
SXKAXHN,1,0.21
SXKAGHX,1,0.21
SAXXGHN,1,0.21
SAXAXHN,1,0.21
SAXAGHX,1,0.21
SAKXXHN,1,0.21
SAKXGHX,1,0.21
SAKAXHX,1,0.21
XXNAPLI,1,0.21
XMXAPLI,1,0.21
XMNXPLI,1,0.21
XMNAXLI,1,0.21
XMNAPXI,1,0.21
XMNAPLX,1,0.21
VXXAPLI,1,0.21
VXNXPLI,1,0.21
VXNAXLI,1,0.21
VXNAPXI,1,0.21
VXNAPLX,1,0.21
VMXXPLI,1,0.21
VMXAXLI,1,0.21
VMXAPXI,1,0.21
VMXAPLX,1,0.21
VMNXXLI,1,0.21
VMNXPXI,1,0.21
VMNXPLX,1,0.21
VMNAXXI,1,0.21
VMNAXLX,1,0.21
VMNAPXX,1,0.21
XXTAKSI,1,0.21
XSXAKSI,1,0.21
XSTXKSI,1,0.21
XSTAXSI,1,0.21
XSTAKXI,1,0.21
XSTAKSX,1,0.21
CXXAKSI,1,0.21
CXTXKSI,1,0.21
CXTAXSI,1,0.21
CXTAKXI,1,0.21
CXTAKSX,1,0.21
CSXXKSI,1,0.21
CSXAXSI,1,0.21
CSXAKXI,1,0.21
CSXAKSX,1,0.21
CSTXXSI,1,0.21
CSTXKXI,1,0.21
CSTXKSX,1,0.21
CSTAXXI,1,0.21
CSTAXSX,1,0.21
CSTAKXX,1,0.21
MXXAVDM,1,0.21
MXDXVDM,1,0.21
MXDAXDM,1,0.21
MXDAVXM,1,0.21
MXDAVDX,1,0.21
MPXXVDM,1,0.21
MPXAXDM,1,0.21
MPXAVXM,1,0.21
MPXAVDX,1,0.21
MPDXXDM,1,0.21
MPDXVXM,1,0.21
MPDXVDX,1,0.21
MPDAXXM,1,0.21
MPDAXDX,1,0.21
MPDAVXX,1,0.21
XXTATQR,1,0.21
XTTXTQR,1,0.21
XTTAXQR,1,0.21
XTTATXR,1,0.21
XTTATQX,1,0.21
NXTXTQR,1,0.21
NXTAXQR,1,0.21
NXTATXR,1,0.21
NXTATQX,1,0.21
NTTXXQR,1,0.21
NTTXTXR,1,0.21
NTTXTQX,1,0.21
NTTAXXR,1,0.21
NTTAXQX,1,0.21
NTTATXX,1,0.21
XXRAIST,1,0.21
XVXAIST,1,0.21
XVRXIST,1,0.21
XVRAXST,1,0.21
XVRAIXT,1,0.21
XVRAISX,1,0.21
KXXAIST,1,0.21
KXRXIST,1,0.21
KXRAXST,1,0.21
KXRAIXT,1,0.21
KXRAISX,1,0.21
KVXXIST,1,0.21
KVXAXST,1,0.21
KVXAIXT,1,0.21
KVXAISX,1,0.21
KVRXXST,1,0.21
KVRXIXT,1,0.21
KVRXISX,1,0.21
KVRAXXT,1,0.21
KVRAXSX,1,0.21
KVRAIXX,1,0.21
XXEAKQY,1,0.21
XEXAKQY,1,0.21
XEEXKQY,1,0.21
XEEAXQY,1,0.21
XEEAKXY,1,0.21
XEEAKQX,1,0.21
TXXAKQY,1,0.21
TXEXKQY,1,0.21
TXEAXQY,1,0.21
TXEAKXY,1,0.21
TXEAKQX,1,0.21
TEXXKQY,1,0.21
TEXAXQY,1,0.21
TEXAKXY,1,0.21
TEXAKQX,1,0.21
TEEXXQY,1,0.21
TEEXKXY,1,0.21
TEEXKQX,1,0.21
TEEAXXY,1,0.21
TEEAXQX,1,0.21
TEEAKXX,1,0.21
XXQAFMA,1,0.21
XQXAFMA,1,0.21
XQQXFMA,1,0.21
XQQAXMA,1,0.21
XQQAFXA,1,0.21
XQQAFMX,1,0.21
VXXAFMA,1,0.21
VXQXFMA,1,0.21
VXQAXMA,1,0.21
VXQAFXA,1,0.21
VXQAFMX,1,0.21
VQXXFMA,1,0.21
VQXAXMA,1,0.21
VQXAFXA,1,0.21
VQXAFMX,1,0.21
VQQXXMA,1,0.21
VQQXFXA,1,0.21
VQQXFMX,1,0.21
VQQAXXA,1,0.21
VQQAXMX,1,0.21
VQQAFXX,1,0.21
XXMAMAA,1,0.21
XFXAMAA,1,0.21
XFMXMAA,1,0.21
XFMAXAA,1,0.21
XFMAMXA,1,0.21
XFMAMAX,1,0.21
AXXAMAA,1,0.21
AXMXMAA,1,0.21
AXMAXAA,1,0.21
AXMAMXA,1,0.21
AXMAMAX,1,0.21
AFXXMAA,1,0.21
AFXAXAA,1,0.21
AFXAMXA,1,0.21
AFXAMAX,1,0.21
AFMXXAA,1,0.21
AFMXMXA,1,0.21
AFMXMAX,1,0.21
AFMAXXA,1,0.21
AFMAXAX,1,0.21
AFMAMXX,1,0.21
XXMAASI,1,0.21
XAXAASI,1,0.21
XAMXASI,1,0.21
XAMAXSI,1,0.21
XAMAAXI,1,0.21
XAMAASX,1,0.21
MXXAASI,1,0.21
MXMXASI,1,0.21
MXMAXSI,1,0.21
MXMAAXI,1,0.21
MXMAASX,1,0.21
MAXXASI,1,0.21
MAXAXSI,1,0.21
MAXAAXI,1,0.21
MAXAASX,1,0.21
MAMXXSI,1,0.21
MAMXAXI,1,0.21
MAMXASX,1,0.21
MAMAXXI,1,0.21
MAMAXSX,1,0.21
MAMAAXX,1,0.21
XXNASNV,1,0.21
XKNXSNV,1,0.21
XKNASXV,1,0.21
XKNASNX,1,0.21
AXNXSNV,1,0.21
AXNASXV,1,0.21
AXNASNX,1,0.21
AKNXSXV,1,0.21
AKNXSNX,1,0.21
AKNASXX,1,0.21
XXNAANV,1,0.21
XKNXANV,1,0.21
XKNAAXV,1,0.21
XKNAANX,1,0.21
AXNXANV,1,0.21
AXNAAXV,1,0.21
AXNAANX,1,0.21
AKNXAXV,1,0.21
AKNXANX,1,0.21
AKNAAXX,1,0.21
XNXANVE,1,0.21
XNAXNVE,1,0.21
XNAAXVE,1,0.21
XNAANXE,1,0.21
XNAANVX,1,0.21
KNXXNVE,1,0.21
KNXAXVE,1,0.21
KNXANXE,1,0.21
KNXANVX,1,0.21
KNAXXVE,1,0.21
KNAXNXE,1,0.21
KNAXNVX,1,0.21
KNAAXXE,1,0.21
KNAAXVX,1,0.21
KNAANXX,1,0.21
YFXXSAK,1,0.21
YFXAXAK,1,0.21
YFXASXK,1,0.21
YFXASAX,1,0.21
YFEXXAK,1,0.21
YFEXSXK,1,0.21
YFEXSAX,1,0.21
YFEAXXK,1,0.21
YFEAXAX,1,0.21
YFEASXX,1,0.21
VXXAVDM,1,0.21
VXDXVDM,1,0.21
VXDAXDM,1,0.21
VXDAVXM,1,0.21
VXDAVDX,1,0.21
VPXXVDM,1,0.21
VPXAXDM,1,0.21
VPXAVXM,1,0.21
VPXAVDX,1,0.21
VPDXXDM,1,0.21
VPDXVXM,1,0.21
VPDXVDX,1,0.21
VPDAXXM,1,0.21
VPDAXDX,1,0.21
VPDAVXX,1,0.21
XXSATQR,1,0.21
XTSXTQR,1,0.21
XTSAXQR,1,0.21
XTSATXR,1,0.21
XTSATQX,1,0.21
NXSXTQR,1,0.21
NXSAXQR,1,0.21
NXSATXR,1,0.21
NXSATQX,1,0.21
NTSXXQR,1,0.21
NTSXTXR,1,0.21
NTSXTQX,1,0.21
NTSAXXR,1,0.21
NTSAXQX,1,0.21
NTSATXX,1,0.21
XXVAGKK,1,0.21
XTXAGKK,1,0.21
XTVXGKK,1,0.21
XTVAXKK,1,0.21
XTVAGXK,1,0.21
XTVAGKX,1,0.21
QXXAGKK,1,0.21
QXVXGKK,1,0.21
QXVAXKK,1,0.21
QXVAGXK,1,0.21
QXVAGKX,1,0.21
QTXXGKK,1,0.21
QTXAXKK,1,0.21
QTXAGXK,1,0.21
QTXAGKX,1,0.21
QTVXXKK,1,0.21
QTVXGXK,1,0.21
QTVXGKX,1,0.21
QTVAXXK,1,0.21
QTVAXKX,1,0.21
QTVAGXX,1,0.21
XXSAGLG,1,0.21
XVXAGLG,1,0.21
XVSXGLG,1,0.21
XVSAXLG,1,0.21
XVSAGXG,1,0.21
XVSAGLX,1,0.21
DXXAGLG,1,0.21
DXSXGLG,1,0.21
DXSAXLG,1,0.21
DXSAGXG,1,0.21
DXSAGLX,1,0.21
DVXXGLG,1,0.21
DVXAXLG,1,0.21
DVXAGXG,1,0.21
DVXAGLX,1,0.21
DVSXXLG,1,0.21
DVSXGXG,1,0.21
DVSXGLX,1,0.21
DVSAXXG,1,0.21
DVSAXLX,1,0.21
DVSAGXX,1,0.21
XXTAKDR,1,0.21
XVXAKDR,1,0.21
XVTXKDR,1,0.21
XVTAXDR,1,0.21
XVTAKXR,1,0.21
XVTAKDX,1,0.21
EXXAKDR,1,0.21
EXTXKDR,1,0.21
EXTAXDR,1,0.21
EXTAKXR,1,0.21
EXTAKDX,1,0.21
EVXXKDR,1,0.21
EVXAXDR,1,0.21
EVXAKXR,1,0.21
EVTXXDR,1,0.21
EVTXKXR,1,0.21
EVTXKDX,1,0.21
EVTAXXR,1,0.21
EVTAXDX,1,0.21
EVTAKXX,1,0.21
XXRANIW,1,0.21
XDXANIW,1,0.21
XDRXNIW,1,0.21
XDRAXIW,1,0.21
XDRANXW,1,0.21
XDRANIX,1,0.21
MXXANIW,1,0.21
MXRXNIW,1,0.21
MXRAXIW,1,0.21
MXRANXW,1,0.21
MXRANIX,1,0.21
MDXXNIW,1,0.21
MDXAXIW,1,0.21
MDXANXW,1,0.21
MDXANIX,1,0.21
MDRXXIW,1,0.21
MDRXNXW,1,0.21
MDRXNIX,1,0.21
MDRAXXW,1,0.21
MDRAXIX,1,0.21
MDRANXX,1,0.21
XXSANWN,1,0.21
XGXANWN,1,0.21
XGSXNWN,1,0.21
XGSAXWN,1,0.21
XGSANXN,1,0.21
XGSANWX,1,0.21
HXXANWN,1,0.21
HXSXNWN,1,0.21
HXSAXWN,1,0.21
HXSANXN,1,0.21
HXSANWX,1,0.21
HGXXNWN,1,0.21
HGXAXWN,1,0.21
HGXANXN,1,0.21
HGXANWX,1,0.21
HGSXXWN,1,0.21
HGSXNXN,1,0.21
HGSXNWX,1,0.21
HGSAXXN,1,0.21
HGSAXWX,1,0.21
HGSANXX,1,0.21
XXKASLV,1,0.21
XMXASLV,1,0.21
XMKXSLV,1,0.21
XMKAXLV,1,0.21
XMKASXV,1,0.21
XMKASLX,1,0.21
AXXASLV,1,0.21
AXKXSLV,1,0.21
AXKAXLV,1,0.21
AXKASXV,1,0.21
AXKASLX,1,0.21
AMXXSLV,1,0.21
AMXAXLV,1,0.21
AMXASLX,1,0.21
AMKXXLV,1,0.21
AMKXSXV,1,0.21
AMKXSLX,1,0.21
AMKAXXV,1,0.21
AMKAXLX,1,0.21
AMKASXX,1,0.21
XXSAMDA,1,0.21
XTXAMDA,1,0.21
XTSXMDA,1,0.21
XTSAMDX,1,0.21
EXXAMDA,1,0.21
EXSXMDA,1,0.21
EXSAMDX,1,0.21
ETXXMDA,1,0.21
ETXAMDX,1,0.21
ETSXMDX,1,0.21
XXDASNV,1,0.21
XMXASNV,1,0.21
XMDXSNV,1,0.21
XMDAXNV,1,0.21
XMDASXV,1,0.21
XMDASNX,1,0.21
AXDXSNV,1,0.21
AXDASXV,1,0.21
AXDASNX,1,0.21
AMXXSNV,1,0.21
AMXASNX,1,0.21
AMDXXNV,1,0.21
AMDXSXV,1,0.21
AMDXSNX,1,0.21
AMDAXXV,1,0.21
AMDAXNX,1,0.21
AMDASXX,1,0.21
XTXAGYN,1,0.21
XTKXGYN,1,0.21
XTKAXYN,1,0.21
XTKAGXN,1,0.21
XTKAGYX,1,0.21
STXXGYN,1,0.21
STXAXYN,1,0.21
STXAGXN,1,0.21
STXAGYX,1,0.21
STKXXYN,1,0.21
STKXGXN,1,0.21
STKXGYX,1,0.21
STKAXXN,1,0.21
STKAXYX,1,0.21
STKAGXX,1,0.21
HXXASAK,1,0.21
HXEXSAK,1,0.21
HXEAXAK,1,0.21
HXEASXK,1,0.21
HXEASAX,1,0.21
HFXXSAK,1,0.21
HFXAXAK,1,0.21
HFXASXK,1,0.21
HFXASAX,1,0.21
HFEXXAK,1,0.21
HFEXSXK,1,0.21
HFEXSAX,1,0.21
HFEAXXK,1,0.21
HFEAXAX,1,0.21
HFEASXX,1,0.21
XXTAENV,1,0.21
XKXAENV,1,0.21
XKTXENV,1,0.21
XKTAEXV,1,0.21
XKTAENX,1,0.21
AXXAENV,1,0.21
AXTXENV,1,0.21
AXTAEXV,1,0.21
AXTAENX,1,0.21
AKXXENV,1,0.21
AKXAEXV,1,0.21
AKXAENX,1,0.21
AKTXEXV,1,0.21
AKTXENX,1,0.21
AKTAEXX,1,0.21
LXXAKNA,1,0.21
LXSXKNA,1,0.21
LXSAXNA,1,0.21
LXSAKXA,1,0.21
LXSAKNX,1,0.21
LTXXKNA,1,0.21
LTXAXNA,1,0.21
LTXAKXA,1,0.21
LTXAKNX,1,0.21
LTSXXNA,1,0.21
LTSXKXA,1,0.21
LTSXKNX,1,0.21
LTSAXXA,1,0.21
LTSAXNX,1,0.21
LTSAKXX,1,0.21
XXNAINV,1,0.21
XKNXINV,1,0.21
XKNAIXV,1,0.21
AXNXINV,1,0.21
AXNAIXV,1,0.21
AKNXIXV,1,0.21
XXSARAN,1,0.21
XTXARAN,1,0.21
XTSXRAN,1,0.21
XTSARXN,1,0.21
XTSARAX,1,0.21
EXXARAN,1,0.21
EXSXRAN,1,0.21
EXSARXN,1,0.21
EXSARAX,1,0.21
ETXXRAN,1,0.21
ETXARXN,1,0.21
ETXARAX,1,0.21
ETSXRXN,1,0.21
ETSXRAX,1,0.21
XXRANLA,1,0.21
XAXANLA,1,0.21
XARXNLA,1,0.21
XARAXLA,1,0.21
XARANXA,1,0.21
XARANLX,1,0.21
SXXANLA,1,0.21
SXRXNLA,1,0.21
SXRAXLA,1,0.21
SXRANXA,1,0.21
SXRANLX,1,0.21
SAXXNLA,1,0.21
SAXAXLA,1,0.21
SAXANXA,1,0.21
SAXANLX,1,0.21
SARXXLA,1,0.21
SARXNXA,1,0.21
SARXNLX,1,0.21
SARAXXA,1,0.21
SARAXLX,1,0.21
SARANXX,1,0.21
XXLAVGQ,1,0.21
XNXAVGQ,1,0.21
XNLXVGQ,1,0.21
XNLAXGQ,1,0.21
XNLAVXQ,1,0.21
XNLAVGX,1,0.21
AXXAVGQ,1,0.21
AXLXVGQ,1,0.21
AXLAXGQ,1,0.21
AXLAVXQ,1,0.21
AXLAVGX,1,0.21
ANXXVGQ,1,0.21
ANXAXGQ,1,0.21
ANXAVXQ,1,0.21
ANXAVGX,1,0.21
ANLXXGQ,1,0.21
ANLXVXQ,1,0.21
ANLXVGX,1,0.21
ANLAXXQ,1,0.21
ANLAXGX,1,0.21
ANLAVXX,1,0.21
AXXAKTG,1,0.21
AXSXKTG,1,0.21
AXSAXTG,1,0.21
AXSAKXG,1,0.21
AXSAKTX,1,0.21
AVXXKTG,1,0.21
AVXAXTG,1,0.21
AVXAKXG,1,0.21
AVXAKTX,1,0.21
AVSXXTG,1,0.21
AVSXKXG,1,0.21
AVSXKTX,1,0.21
AVSAXXG,1,0.21
AVSAXTX,1,0.21
AVSAKXX,1,0.21
XXSANPP,1,0.21
XVXANPP,1,0.21
XVSXNPP,1,0.21
XVSAXPP,1,0.21
XVSANXP,1,0.21
XVSANPX,1,0.21
DXXANPP,1,0.21
DXSXNPP,1,0.21
DXSAXPP,1,0.21
DXSANXP,1,0.21
DXSANPX,1,0.21
DVXXNPP,1,0.21
DVXAXPP,1,0.21
DVXANXP,1,0.21
DVXANPX,1,0.21
DVSXXPP,1,0.21
DVSXNXP,1,0.21
DVSXNPX,1,0.21
DVSAXXP,1,0.21
DVSAXPX,1,0.21
DVSANXX,1,0.21
