FETSAKX,76,16.17
ETSAKXA,75,15.96
METSAKX,52,11.06
XETSAKT,51,10.85
ETSAKTX,51,10.85
LETSAKX,47,10
XETSAKE,42,8.94
ETSAKEX,42,8.94
ETSAKXS,41,8.72
MEXSAKT,40,8.51
ETSAKXN,40,8.51
METSAXT,38,8.09
FXEASAK,37,7.87
MXTSAKT,36,7.66
METXAKT,36,7.66
METSXKT,36,7.66
ETSAKXG,36,7.66
FEXSAKE,35,7.45
XETSAKN,34,7.23
ETSAKNX,34,7.23
EXSAKTA,33,7.02
SAKTAXN,33,7.02
XETSAKD,32,6.81
ETSAKDX,32,6.81
AKTAXNV,32,6.81
ETSAXTA,31,6.6
SAKXATN,31,6.6
XETSAKA,30,6.38
FETSXKE,30,6.38
ETSAKAX,30,6.38
ETSAXEA,30,6.38
ETSAXNA,30,6.38
AKXATNV,29,6.17
XTSAKTA,29,6.17
ETXAKTA,29,6.17
ETSXKTA,29,6.17
ETSALXS,29,6.17
XTSAKNA,29,6.17
SAKNAXN,29,6.17
FXTSAKE,28,5.96
ETSAXTG,28,5.96
EXSAKNA,28,5.96
ETXAKNA,28,5.96
ETSXKNA,28,5.96
FETXAKE,27,5.74
FETSAXE,27,5.74
ETSAXDS,27,5.74
XETSALD,26,5.53
ETSALDX,26,5.53
LETSALX,25,5.32
XETSALE,25,5.32
LETSAXN,25,5.32
ETSALEX,25,5.32
XEASAKT,24,5.11
METSALX,24,5.11
EASAKTX,24,5.11
IETSAKX,23,4.89
AKNAXNV,23,4.89
FEXSAKD,22,4.68
LETSAXE,22,4.68
LXTSAKN,22,4.68
LEXSAKN,22,4.68
LETXAKN,22,4.68
LETSXKN,22,4.68
AXNATNV,22,4.68
SAXNATN,22,4.68
ETSALXA,21,4.47
ALXSTNV,21,4.47
XTSALDS,20,4.26
EXSALDS,20,4.26
ETXALDS,20,4.26
ETSXLDS,20,4.26
XKNATNV,20,4.26
AKNXTNV,20,4.26
AKNATXV,20,4.26
AKNATNX,20,4.26
ALDSXNV,20,4.26
XAKNATN,20,4.26
SXKNATN,20,4.26
SAKNXTN,20,4.26
SAKNATX,20,4.26
IETSAXD,19,4.04
EXSAKEN,19,4.04
ALDXTNV,19,4.04
SAKXAIN,19,4.04
AXDSTNV,19,4.04
EXSAKTG,18,3.83
FXTSAKD,17,3.62
FETXAKD,17,3.62
FETSXKD,17,3.62
FETSAXD,17,3.62
IEXSAKT,17,3.62
ETSAXES,17,3.62
XTSALEA,17,3.62
EXSALEA,17,3.62
ETXALEA,17,3.62
ETSXLEA,17,3.62
EASAKXN,17,3.62
SALEAXN,17,3.62
AKTXMNV,16,3.4
ETXAKAG,16,3.4
XLDSTNV,16,3.4
ALDSTXV,16,3.4
ALDSTNX,16,3.4
METSAXE,15,3.19
EXSAKSS,15,3.19
ETSAXAN,15,3.19
SAKAXIN,15,3.19
EXSAKDN,15,3.19
SAKSSXN,15,3.19
TSAKAXI,15,3.19
SALXATN,15,3.19
XETSAKS,14,2.98
FETSAXT,14,2.98
MXTSALE,14,2.98
MEXSALE,14,2.98
METXALE,14,2.98
METSXLE,14,2.98
AKSSXNV,14,2.98
ETSAKSX,14,2.98
XTSAKAN,14,2.98
EXSAKAN,14,2.98
ETXAKAN,14,2.98
ETSXKAN,14,2.98
XAKANIN,14,2.98
SXKANIN,14,2.98
SAXANIN,14,2.98
SAKXNIN,14,2.98
SAKANXN,14,2.98
SAKANIX,14,2.98
ALEAXNV,14,2.98
XTSAKAG,14,2.98
EXSAKAG,14,2.98
ETSXKAG,14,2.98
ETSAXAG,14,2.98
SAKAGXN,14,2.98
XSAKANI,14,2.98
TXAKANI,14,2.98
TSXKANI,14,2.98
TSAXANI,14,2.98
TSAKXNI,14,2.98
TSAKANX,14,2.98
TSAKAGX,14,2.98
IETSALX,13,2.77
IETXAKA,13,2.77
XTSAKSS,13,2.77
ETXAKSS,13,2.77
ETSXKSS,13,2.77
ETSAXSS,13,2.77
ETSAXDA,13,2.77
ALXATNV,13,2.77
ALEXTNV,13,2.77
LETSAXT,12,2.55
LETSAXD,12,2.55
FEASAKX,12,2.55
IXASAKT,12,2.55
IEAXAKT,12,2.55
IEASXKT,12,2.55
IEASAXT,12,2.55
IEASAKX,12,2.55
AKXAINV,12,2.55
ETSALXG,12,2.55
ETSAXEN,12,2.55
ETSXKTG,12,2.55
EXSAKES,12,2.55
XFEASAK,12,2.55
XIEASAK,12,2.55
SAXEATN,12,2.55
METSXKA,11,2.34
LEXSAKE,11,2.34
IXTSAKA,11,2.34
IEXSAKA,11,2.34
IETSXKA,11,2.34
IETSAXA,11,2.34
AXEAINV,11,2.34
AKEXINV,11,2.34
ETSAKXD,11,2.34
ALEATNX,11,2.34
XTSAKES,11,2.34
ETXAKES,11,2.34
ETSXKES,11,2.34
FIEXSAK,11,2.34
SAXDATN,11,2.34
SAXEAIN,11,2.34
KTXSNVE,11,2.34
XALEATN,11,2.34
SXLEATN,11,2.34
SALEXTN,11,2.34
SALEATX,11,2.34
LEXSAKT,10,2.13
MXTSAKA,10,2.13
MEXSAKA,10,2.13
METXAKA,10,2.13
METSAXA,10,2.13
IXTSALD,10,2.13
IEXSALD,10,2.13
IETXALD,10,2.13
IETSXLD,10,2.13
FETSAAX,10,2.13
METSAXD,10,2.13
XETSALT,10,2.13
FETSAXS,10,2.13
LXTSAKE,10,2.13
LETXAKE,10,2.13
LETSXKE,10,2.13
FETSXKT,10,2.13
ETSAAXG,10,2.13
XTSAKEA,10,2.13
EXSAKEA,10,2.13
ETXAKEA,10,2.13
ETSXKEA,10,2.13
XKEAINV,10,2.13
AKEAXNV,10,2.13
AKEAIXV,10,2.13
AKEAINX,10,2.13
XTSALTG,10,2.13
EXSALTG,10,2.13
ETXALTG,10,2.13
ETSXLTG,10,2.13
ETSALTX,10,2.13
XTSAKEN,10,2.13
ETXAKEN,10,2.13
ETSXKEN,10,2.13
XKTAMNV,10,2.13
AXTAMNV,10,2.13
AKXAMNV,10,2.13
AKTAMXV,10,2.13
AKTAMNX,10,2.13
AKXASNV,10,2.13
XTSAKTG,10,2.13
ETXAKTG,10,2.13
FFXASAK,10,2.13
FFEXSAK,10,2.13
FFEAXAK,10,2.13
FFEASXK,10,2.13
FFEASAX,10,2.13
FIXASAK,10,2.13
FIEAXAK,10,2.13
FIEASXK,10,2.13
FIEASAX,10,2.13
XAKAGYN,10,2.13
KTAXNVE,10,2.13
XAKEAIN,10,2.13
SXKEAIN,10,2.13
SAKEXIN,10,2.13
SAKEAXN,10,2.13
SAKEAIX,10,2.13
XAKTAMN,10,2.13
SXKTAMN,10,2.13
SAXTAMN,10,2.13
SAKXAMN,10,2.13
SAKTXMN,10,2.13
SAKTAMX,10,2.13
AKXSMNV,10,2.13
SAKXASN,10,2.13
KXASNVE,10,2.13
XFFEASA,10,2.13
TXAKAGY,10,2.13
FETSAXN,9,1.91
MXTSALD,9,1.91
MEXSALD,9,1.91
METXALD,9,1.91
METSXLD,9,1.91
XEASAKE,9,1.91
FEXSAKT,9,1.91
LXTSALE,9,1.91
LEXSALE,9,1.91
LETXALE,9,1.91
LETSXLE,9,1.91
FLEASXK,9,1.91
FLEASAX,9,1.91
AXDATNV,9,1.91
AKDXTNV,9,1.91
XKTASNV,9,1.91
AXTASNV,9,1.91
AKTXSNV,9,1.91
AKTASXV,9,1.91
AKTASNX,9,1.91
ETSAXTN,9,1.91
XLEATNV,9,1.91
AXEATNV,9,1.91
ALEATXV,9,1.91
EASAKEX,9,1.91
SXKAGYN,9,1.91
XFLEASA,9,1.91
FXAIAKK,9,1.91
XAKTASN,9,1.91
SXKTASN,9,1.91
SAXTASN,9,1.91
SAKTXSN,9,1.91
SAKTASX,9,1.91
XTASNVE,9,1.91
KTASXVE,9,1.91
KTASNXE,9,1.91
KTASNVX,9,1.91
TSXKAGY,9,1.91
LEASXKT,8,1.7
LEASAXT,8,1.7
LEASAKX,8,1.7
LXTSALT,8,1.7
LEXSALT,8,1.7
LETXALT,8,1.7
LETSXLT,8,1.7
FXASAKE,8,1.7
FEAXAKE,8,1.7
FEASXKE,8,1.7
FEASAXE,8,1.7
FXTSAKT,8,1.7
FETXAKT,8,1.7
FXTSAKA,8,1.7
FEXSAKA,8,1.7
FETXAKA,8,1.7
FETSXKA,8,1.7
FETSAXA,8,1.7
XLEASAK,8,1.7
FLXASAK,8,1.7
FLEXSAK,8,1.7
FLEAXAK,8,1.7
EASAXTG,8,1.7
EASAKXG,8,1.7
EXSAKDA,8,1.7
AKDATNX,8,1.7
XVSAKTG,8,1.7
XASAKEN,8,1.7
EAXAKEN,8,1.7
EASXKEN,8,1.7
EASAXEN,8,1.7
XTSAKDN,8,1.7
ETXAKDN,8,1.7
ETSXKDN,8,1.7
ETSAXDN,8,1.7
SAXAGYN,8,1.7
SAKXGYN,8,1.7
SAKAXYN,8,1.7
SAKAGYX,8,1.7
LFXEASA,8,1.7
AKXSTNV,8,1.7
XAKDATN,8,1.7
SXKDATN,8,1.7
SAKDXTN,8,1.7
SAKDAXN,8,1.7
SAKDATX,8,1.7
XVQCAFE,8,1.7
GXQCAFE,8,1.7
GVXCAFE,8,1.7
GVQXAFE,8,1.7
GVQCXFE,8,1.7
GVQCAXE,8,1.7
GVQCAFX,8,1.7
XSAKAGY,8,1.7
TSAXAGY,8,1.7
TSAKXGY,8,1.7
TSAKAXY,8,1.7
LXASAKT,7,1.49
LEAXAKT,7,1.49
LEXSAKS,7,1.49
FEXSAKN,7,1.49
FXTSAKS,7,1.49
FEXSAKS,7,1.49
FETXAKS,7,1.49
FETSXKS,7,1.49
IETSAXT,7,1.49
XEASAKD,7,1.49
VETSXKN,7,1.49
VETSAKX,7,1.49
XASAKTG,7,1.49
EAXAKTG,7,1.49
EASXKTG,7,1.49
TNVXAAF,7,1.49
XTSAKTS,7,1.49
EXSAKTS,7,1.49
ETXAKTS,7,1.49
ETSXKTS,7,1.49
ETSAXTS,7,1.49
XTSAKDS,7,1.49
EXSAKDS,7,1.49
ETXAKDS,7,1.49
ETSXKDS,7,1.49
XTSAKED,7,1.49
XASAKDN,7,1.49
EAXAKDN,7,1.49
EASXKDN,7,1.49
EASAXDN,7,1.49
EASAKDX,7,1.49
AKXAINI,7,1.49
EXSAKTN,7,1.49
AKNAINX,7,1.49
LXLEASA,7,1.49
LFLXASA,7,1.49
LFLEXSA,7,1.49
LFLEAXA,7,1.49
LFLEASX,7,1.49
AKTSXNV,7,1.49
AKDSXNV,7,1.49
XAKNAIN,7,1.49
SXKNAIN,7,1.49
SAXNAIN,7,1.49
SAKNXIN,7,1.49
SAKNAIX,7,1.49
YXTSAKQ,6,1.28
LXTSAKS,6,1.28
LETXAKS,6,1.28
LETSXKS,6,1.28
LETSAXS,6,1.28
LXTSALD,6,1.28
LEXSALD,6,1.28
LETXALD,6,1.28
LETSXLD,6,1.28
CEXSAKD,6,1.28
LXTSAKD,6,1.28
LEXSAKD,6,1.28
LETXAKD,6,1.28
LETSXKD,6,1.28
VXTSAKN,6,1.28
VEXSAKN,6,1.28
VETXAKN,6,1.28
VETSAXN,6,1.28
XTSAKDA,6,1.28
ETXAKDA,6,1.28
ETSXKDA,6,1.28
XKDATNV,6,1.28
AKDAXNV,6,1.28
AKDATXV,6,1.28
ETSAKXP,6,1.28
XFMAIAK,6,1.28
IXMAIAK,6,1.28
IFXAIAK,6,1.28
IFMXIAK,6,1.28
IFMAXAK,6,1.28
IFMAIXK,6,1.28
IFMAIAX,6,1.28
XTSALES,6,1.28
EXSALES,6,1.28
ETXALES,6,1.28
ETSXLES,6,1.28
EXSAKED,6,1.28
ETXAKED,6,1.28
ETSXKED,6,1.28
ETSAXED,6,1.28
XASAKTC,6,1.28
EXSAKTC,6,1.28
EAXAKTC,6,1.28
EASXKTC,6,1.28
EASAXTC,6,1.28
EASAKXC,6,1.28
ETSAXDG,6,1.28
XKNAINI,6,1.28
AXNAINI,6,1.28
AKNXINI,6,1.28
AKNAXNI,6,1.28
AKNAIXI,6,1.28
EXSAKEG,6,1.28
XETSVKE,6,1.28
XKTSMNV,6,1.28
AXTSMNV,6,1.28
AKTSMXV,6,1.28
AKTSMNX,6,1.28
XIFMAIA,6,1.28
EXFMAIA,6,1.28
EIXMAIA,6,1.28
EIFXAIA,6,1.28
EIFMXIA,6,1.28
EIFMAXA,6,1.28
EIFMAIX,6,1.28
XMAIAKK,6,1.28
FMXIAKK,6,1.28
FMAXAKK,6,1.28
FMAIXKK,6,1.28
FMAIAXK,6,1.28
FMAIAKX,6,1.28
ALESXNV,6,1.28
AKESXNV,6,1.28
EXFEASA,6,1.28
EFXEASA,6,1.28
EFFXASA,6,1.28
EFFEXSA,6,1.28
EFFEAXA,6,1.28
EFFEASX,6,1.28
XHTSAKQ,5,1.06
YHXSAKQ,5,1.06
YHTXAKQ,5,1.06
YHTSXKQ,5,1.06
YHTSAXQ,5,1.06
YHTSAKX,5,1.06
FXTSAKN,5,1.06
FETSXKN,5,1.06
XFVSAKT,5,1.06
HXVSAKT,5,1.06
HFXSAKT,5,1.06
HFVXAKT,5,1.06
HFVSXKT,5,1.06
HFVSAXT,5,1.06
HFVSAKX,5,1.06
CEASAKX,5,1.06
IXTSAKT,5,1.06
IETXAKT,5,1.06
IETSXKT,5,1.06
XETSAAN,5,1.06
FXTSAAN,5,1.06
FEXSAAN,5,1.06
FETXAAN,5,1.06
FETSXAN,5,1.06
MEASAXT,5,1.06
IXTSAKD,5,1.06
IEXSAKD,5,1.06
IETXAKD,5,1.06
IETSXKD,5,1.06
FEVSAKX,5,1.06
XTSAKQN,5,1.06
HXSAKQN,5,1.06
HTXAKQN,5,1.06
HTSXKQN,5,1.06
HTSAXQN,5,1.06
HTSAKXN,5,1.06
HTSAKQX,5,1.06
XNVAAAF,5,1.06
EXSAATG,5,1.06
TSAAXGQ,5,1.06
ETSAXNS,5,1.06
FXSAKTG,5,1.06
FVXAKTG,5,1.06
FVSXKTG,5,1.06
FVSAXTG,5,1.06
FVSAKXG,5,1.06
FVSAKTX,5,1.06
XCEASAK,5,1.06
FCXASAK,5,1.06
FCEXSAK,5,1.06
FCEAXAK,5,1.06
FCEASXK,5,1.06
FCEASAX,5,1.06
ETSARXA,5,1.06
XTSAANG,5,1.06
EXSAANG,5,1.06
ETXAANG,5,1.06
ETSXANG,5,1.06
ETSAXNG,5,1.06
ETSAANX,5,1.06
XSAANGT,5,1.06
TXAANGT,5,1.06
TSXANGT,5,1.06
TSAXNGT,5,1.06
TSAAXGT,5,1.06
TSAANXT,5,1.06
TSAANGX,5,1.06
EXSAKDD,5,1.06
XTSAKTN,5,1.06
ETXAKTN,5,1.06
ETSXKTN,5,1.06
FMEASAX,5,1.06
EASAXTA,5,1.06
XAKAGFN,5,1.06
SXKAGFN,5,1.06
SAXAGFN,5,1.06
SAKXGFN,5,1.06
SAKAXFN,5,1.06
SAKAGFX,5,1.06
XTSAKEG,5,1.06
ETXAKEG,5,1.06
ETSXKEG,5,1.06
ETSAXEG,5,1.06
GNGSSQX,5,1.06
NGSSQXG,5,1.06
XGDSVFL,5,1.06
TXDSVFL,5,1.06
TGXSVFL,5,1.06
TGDXVFL,5,1.06
TGDSXFL,5,1.06
TGDSVXL,5,1.06
TGDSVFX,5,1.06
XPRSSMC,5,1.06
PXRSSMC,5,1.06
PPXSSMC,5,1.06
PPRXSMC,5,1.06
PPRSXMC,5,1.06
PPRSSXC,5,1.06
PPRSSMX,5,1.06
XRSSMCA,5,1.06
PXSSMCA,5,1.06
PRXSMCA,5,1.06
PRSXMCA,5,1.06
PRSSXCA,5,1.06
PRSSMXA,5,1.06
PRSSMCX,5,1.06
AKXSINV,5,1.06
XFCEASA,5,1.06
XFMEASA,5,1.06
AXDSSNV,5,1.06
XSAKAGF,5,1.06
TXAKAGF,5,1.06
TSXKAGF,5,1.06
TSAXAGF,5,1.06
TSAKXGF,5,1.06
TSAKAXF,5,1.06
XETSAKL,4,0.85
XETSAAT,4,0.85
FXTSAAT,4,0.85
FEXSAAT,4,0.85
FETXAAT,4,0.85
FETSXAT,4,0.85
FETXAKN,4,0.85
XETSACT,4,0.85
YXTSACT,4,0.85
YEXSACT,4,0.85
YETXACT,4,0.85
YETSXCT,4,0.85
YETSAXT,4,0.85
YETSACX,4,0.85
CXASAKD,4,0.85
CEAXAKD,4,0.85
CEASXKD,4,0.85
CEASAXD,4,0.85
MXASAKT,4,0.85
MEAXAKT,4,0.85
MEASXKT,4,0.85
MEASAKX,4,0.85
XETSALN,4,0.85
LEXSART,4,0.85
FETSAQX,4,0.85
TXVAAAF,4,0.85
TNXAAAF,4,0.85
TNVAXAF,4,0.85
TNVAAXF,4,0.85
TNVAAAX,4,0.85
QXGAARR,4,0.85
XGAARRG,4,0.85
XTSAATG,4,0.85
ETXAATG,4,0.85
ETSXATG,4,0.85
ETSAATX,4,0.85
XSAATGQ,4,0.85
TXAATGQ,4,0.85
TSXATGQ,4,0.85
TSAXTGQ,4,0.85
TSAATXQ,4,0.85
TSAATGX,4,0.85
XTSAKNP,4,0.85
EXSAKNP,4,0.85
ETXAKNP,4,0.85
ETSXKNP,4,0.85
ETSAXNP,4,0.85
XTSACTN,4,0.85
EXSACTN,4,0.85
ETXACTN,4,0.85
ETSXCTN,4,0.85
ETSACXN,4,0.85
ETSACTX,4,0.85
ETSAXSG,4,0.85
ETSAMXA,4,0.85
ALEXLNV,4,0.85
EYWXVSS,4,0.85
XTSAKDG,4,0.85
EXSAKDG,4,0.85
ETXAKDG,4,0.85
ETSXKDG,4,0.85
XTSAKDD,4,0.85
ETXAKDD,4,0.85
ETSXKDD,4,0.85
ETSAXDD,4,0.85
XMEASAK,4,0.85
FMXASAK,4,0.85
FMEXSAK,4,0.85
FMEAXAK,4,0.85
FMEASXK,4,0.85
XASAKTA,4,0.85
EAXAKTA,4,0.85
EASXKTA,4,0.85
EASAKXA,4,0.85
ETSALNX,4,0.85
AXTAQNV,4,0.85
AKTXQNV,4,0.85
EXSAKND,4,0.85
ETSAQXG,4,0.85
XAKSSTN,4,0.85
SXKSSTN,4,0.85
SAXSSTN,4,0.85
SAKXSTN,4,0.85
SAKSXTN,4,0.85
SAKSSTX,4,0.85
XKSSTNV,4,0.85
AXSSTNV,4,0.85
AKSXTNV,4,0.85
AKSSTXV,4,0.85
AKSSTNX,4,0.85
XTNVAAA,4,0.85
SQXGAAR,4,0.85
XAKSSMN,4,0.85
SXKSSMN,4,0.85
SAXSSMN,4,0.85
SAKXSMN,4,0.85
SAKSXMN,4,0.85
SAKSSMX,4,0.85
XKSSMNV,4,0.85
AXSSMNV,4,0.85
AKSXMNV,4,0.85
AKSSMXV,4,0.85
AKSSMNX,4,0.85
ETSSXTG,4,0.85
XLESTNV,4,0.85
AXESTNV,4,0.85
ALESTXV,4,0.85
ALESTNX,4,0.85
WXVSSLT,4,0.85
XVSSLTG,4,0.85
RXCEASA,4,0.85
RFXEASA,4,0.85
RFCXASA,4,0.85
RFCEXSA,4,0.85
RFCEAXA,4,0.85
RFCEASX,4,0.85
AKESXNI,4,0.85
DXFEASA,4,0.85
DFXEASA,4,0.85
DFFXASA,4,0.85
DFFEXSA,4,0.85
DFFEAXA,4,0.85
DFFEASX,4,0.85
XNISVRQ,4,0.85
EXISVRQ,4,0.85
ENXSVRQ,4,0.85
ENIXVRQ,4,0.85
ENISXRQ,4,0.85
ENISVXQ,4,0.85
ENISVRX,4,0.85
AKXSINI,4,0.85
TNISXAI,4,0.85
IXMEASA,4,0.85
IFXEASA,4,0.85
IFMXASA,4,0.85
IFMEXSA,4,0.85
IFMEAXA,4,0.85
IFMEASX,4,0.85
SAXTAQN,4,0.85
XDSSNVE,4,0.85
KXSSNVE,4,0.85
XKISGNF,4,0.85
IXISGNF,4,0.85
IKXSGNF,4,0.85
IKIXGNF,4,0.85
IKISXNF,4,0.85
IKISGXF,4,0.85
IKISGNX,4,0.85
XEVSCKW,4,0.85
FXVSCKW,4,0.85
FEXSCKW,4,0.85
FEVXCKW,4,0.85
FEVSXKW,4,0.85
FEVSCXW,4,0.85
FEVSCKX,4,0.85
XETSAKV,3,0.64
XETSART,3,0.64
XETSAME,3,0.64
LXTSAME,3,0.64
LEXSAME,3,0.64
LETXAME,3,0.64
LETSXME,3,0.64
LETSAMX,3,0.64
IETSAXE,3,0.64
XETSARD,3,0.64
IXTSARD,3,0.64
IEXSARD,3,0.64
IETXARD,3,0.64
IETSXRD,3,0.64
IETSARX,3,0.64
CETSAKX,3,0.64
FXASAKD,3,0.64
FEAXAKD,3,0.64
FEASXKD,3,0.64
FEASAXD,3,0.64
XEVSAKN,3,0.64
FXVSAKN,3,0.64
FEVXAKN,3,0.64
FEVSXKN,3,0.64
FEVSAXN,3,0.64
FEVXAKD,3,0.64
PGXARRG,3,0.64
XTSAKLN,3,0.64
ETSAKLX,3,0.64
XKTATNV,3,0.64
AXTATNV,3,0.64
AKTXTNV,3,0.64
AKTATXV,3,0.64
AKTATNX,3,0.64
XFLAIAK,3,0.64
LXLAIAK,3,0.64
LFXAIAK,3,0.64
LFLXIAK,3,0.64
LFLAXAK,3,0.64
LFLAIXK,3,0.64
LFLAIAX,3,0.64
ETSAKVX,3,0.64
ETSARTX,3,0.64
XTSAMEA,3,0.64
EXSAMEA,3,0.64
ETXAMEA,3,0.64
ETSXMEA,3,0.64
ETSAMEX,3,0.64
ECSAXTR,3,0.64
ETSXKNS,3,0.64
XLEALNV,3,0.64
AXEALNV,3,0.64
ALXALNV,3,0.64
ALEALXV,3,0.64
ALEALNX,3,0.64
XYWAVSS,3,0.64
EXWAVSS,3,0.64
EYXAVSS,3,0.64
EYWAXSS,3,0.64
EYWAVXS,3,0.64
EYWAVSX,3,0.64
XTSARDA,3,0.64
EXSARDA,3,0.64
ETXARDA,3,0.64
ETSXRDA,3,0.64
ETSARDX,3,0.64
XRDAINV,3,0.64
AXDAINV,3,0.64
ARXAINV,3,0.64
ARDXINV,3,0.64
ARDAXNV,3,0.64
ARDAIXV,3,0.64
ARDAINX,3,0.64
XTVAFEE,3,0.64
VXVAFEE,3,0.64
VTXAFEE,3,0.64
VTVXFEE,3,0.64
VTVAXEE,3,0.64
VTVAFXE,3,0.64
VTVAFEX,3,0.64
AXTAHNV,3,0.64
XKTAQNV,3,0.64
AKXAQNV,3,0.64
AKTAQXV,3,0.64
AKTAQNX,3,0.64
XYGALFC,3,0.64
TXGALFC,3,0.64
TYXALFC,3,0.64
TYGXLFC,3,0.64
TYGAXFC,3,0.64
TYGALXC,3,0.64
TYGALFX,3,0.64
YXEASAK,3,0.64
EXSARTA,3,0.64
ARTAXNV,3,0.64
XVSAKND,3,0.64
EVXAKND,3,0.64
EVSXKND,3,0.64
EVSAXND,3,0.64
EVSAKXD,3,0.64
EVSAKNX,3,0.64
ALEAXNI,3,0.64
EASXKTN,3,0.64
XSAADGT,3,0.64
VXAADGT,3,0.64
VSXADGT,3,0.64
VSAXDGT,3,0.64
VSAAXGT,3,0.64
VSAADXT,3,0.64
VSAADGX,3,0.64
XTSALNS,3,0.64
EXSALNS,3,0.64
ETXALNS,3,0.64
ETSXLNS,3,0.64
QPGXARR,3,0.64
XTSALDA,3,0.64
EXSALDA,3,0.64
ETXALDA,3,0.64
ETSXLDA,3,0.64
XLDATNV,3,0.64
ALDAXNV,3,0.64
ALDATXV,3,0.64
ALDATNX,3,0.64
SXTAEEQ,3,0.64
XNGSSQP,3,0.64
GXGSSQP,3,0.64
GNXSSQP,3,0.64
GNGXSQP,3,0.64
GNGSXQP,3,0.64
GNGSSXP,3,0.64
XGSSQPG,3,0.64
NXSSQPG,3,0.64
NGXSQPG,3,0.64
NGSXQPG,3,0.64
NGSSXPG,3,0.64
NGSSQPX,3,0.64
TXTSVKE,3,0.64
TEXSVKE,3,0.64
TETXVKE,3,0.64
TETSXKE,3,0.64
TETSVXE,3,0.64
TETSVKX,3,0.64
XAKTATN,3,0.64
SXKTATN,3,0.64
SAXTATN,3,0.64
SAKTXTN,3,0.64
SAKTATX,3,0.64
XLFLAIA,3,0.64
DXFLAIA,3,0.64
DLXLAIA,3,0.64
DLFXAIA,3,0.64
DLFLXIA,3,0.64
DLFLAXA,3,0.64
DLFLAIX,3,0.64
XLAIAKK,3,0.64
FLXIAKK,3,0.64
FLAXAKK,3,0.64
FLAIXKK,3,0.64
FLAIAXK,3,0.64
FLAIAKX,3,0.64
FETSSXT,3,0.64
FETSSKX,3,0.64
XKDSTNV,3,0.64
AKDSTXV,3,0.64
AKDSTNX,3,0.64
SXNVAAA,3,0.64
AKXSVNV,3,0.64
EYWSVSX,3,0.64
XALEALN,3,0.64
SXLEALN,3,0.64
SAXEALN,3,0.64
SALXALN,3,0.64
SALEXLN,3,0.64
SALEALX,3,0.64
XEYWAVS,3,0.64
AXYWAVS,3,0.64
AEXWAVS,3,0.64
AEYXAVS,3,0.64
AEYWXVS,3,0.64
AEYWAXS,3,0.64
AEYWAVX,3,0.64
XAVSSLT,3,0.64
WAXSSLT,3,0.64
WAVXSLT,3,0.64
WAVSXLT,3,0.64
WAVSSXT,3,0.64
WAVSSLX,3,0.64
AXSSLTG,3,0.64
AVXSLTG,3,0.64
AVSXLTG,3,0.64
AVSSXTG,3,0.64
AVSSLXG,3,0.64
AVSSLTX,3,0.64
XAKSSIN,3,0.64
SXKSSIN,3,0.64
SAXSSIN,3,0.64
SAKXSIN,3,0.64
SAKSXIN,3,0.64
SAKSSIX,3,0.64
AKSSINX,3,0.64
XNVEAAF,3,0.64
TXVEAAF,3,0.64
TNXEAAF,3,0.64
TNVEXAF,3,0.64
TNVEAXF,3,0.64
TNVEAAX,3,0.64
XARDAIN,3,0.64
SXRDAIN,3,0.64
SAXDAIN,3,0.64
SARXAIN,3,0.64
SARDXIN,3,0.64
SARDAXN,3,0.64
SARDAIX,3,0.64
AKDSINX,3,0.64
XKESDNV,3,0.64
AXESDNV,3,0.64
AKXSDNV,3,0.64
AKEXDNV,3,0.64
AKESDXV,3,0.64
AKESDNX,3,0.64
XNISQAI,3,0.64
TXISQAI,3,0.64
TNXSQAI,3,0.64
TNIXQAI,3,0.64
TNISQXI,3,0.64
TNISQAX,3,0.64
XVTVAFE,3,0.64
NXTVAFE,3,0.64
NVXVAFE,3,0.64
NVTXAFE,3,0.64
NVTVXFE,3,0.64
NVTVAXE,3,0.64
NVTVAFX,3,0.64
SAXTAHN,3,0.64
XAKTAQN,3,0.64
SXKTAQN,3,0.64
SAKXAQN,3,0.64
SAKTXQN,3,0.64
SAKTAQX,3,0.64
XTYGALF,3,0.64
XKDSSNV,3,0.64
AKXSSNV,3,0.64
AKDXSNV,3,0.64
AKDSSXV,3,0.64
AKDSSNX,3,0.64
KDXSNVE,3,0.64
KDSXNVE,3,0.64
KDSSXVE,3,0.64
KDSSNXE,3,0.64
KDSSNVX,3,0.64
SAXEAVN,3,0.64
SARTAXN,3,0.64
XVVQAFE,3,0.64
NXVQAFE,3,0.64
NVXQAFE,3,0.64
NVVXAFE,3,0.64
NVVQXFE,3,0.64
NVVQAXE,3,0.64
NVVQAFX,3,0.64
XNIKALF,3,0.64
FXIKALF,3,0.64
FNXKALF,3,0.64
FNIXALF,3,0.64
FNIKXLF,3,0.64
FNIKAXF,3,0.64
FNIKALX,3,0.64
ALNSXNV,3,0.64
XALDATN,3,0.64
SXLDATN,3,0.64
SALDXTN,3,0.64
SALDAXN,3,0.64
SALDATX,3,0.64
DGLSXTA,3,0.64
LSXTAEE,3,0.64
FXTSVKE,3,0.64
FEXSVKE,3,0.64
FETXVKE,3,0.64
FETSVXE,3,0.64
FETSVKX,3,0.64
MXTSAKL,2,0.43
MEXSAKL,2,0.43
METXAKL,2,0.43
METSXKL,2,0.43
METSAXL,2,0.43
FXTSAKV,2,0.43
FEXSAKV,2,0.43
FETXAKV,2,0.43
FETSXKV,2,0.43
FETSAXV,2,0.43
XECSART,2,0.43
LECSAXT,2,0.43
XSVSAKT,2,0.43
WXVSAKT,2,0.43
WSXSAKT,2,0.43
WSVXAKT,2,0.43
WSVSXKT,2,0.43
WSVSAXT,2,0.43
WSVSAKX,2,0.43
IXTSALE,2,0.43
IEXSALE,2,0.43
IETXALE,2,0.43
IETSXLE,2,0.43
FXTSAKL,2,0.43
FEXSAKL,2,0.43
FETXAKL,2,0.43
FETSXKL,2,0.43
FETSAXL,2,0.43
XECSAAL,2,0.43
GXCSAAL,2,0.43
GEXSAAL,2,0.43
GECXAAL,2,0.43
GECSXAL,2,0.43
GECSAXL,2,0.43
GECSAAX,2,0.43
XETSAKQ,2,0.43
XNVSAKD,2,0.43
QXVSAKD,2,0.43
QNXSAKD,2,0.43
QNVXAKD,2,0.43
QNVSXKD,2,0.43
QNVSAXD,2,0.43
QNVSAKX,2,0.43
KVDSAXE,2,0.43
XEVSAKE,2,0.43
KEXSAKQ,2,0.43
YETSAKX,2,0.43
LXTSALN,2,0.43
LEXSALN,2,0.43
LETXALN,2,0.43
LETSXLN,2,0.43
CXTSAKD,2,0.43
CETXAKD,2,0.43
CETSXKD,2,0.43
CETSAXD,2,0.43
IEXSAKN,2,0.43
XKSSANV,2,0.43
AXSSANV,2,0.43
AKXSANV,2,0.43
AKSXANV,2,0.43
AKSSAXV,2,0.43
AKSSANX,2,0.43
XEVSAKD,2,0.43
FXVSAKD,2,0.43
FEVSXKD,2,0.43
FEVSAXD,2,0.43
LXTSAKT,2,0.43
LETXAKT,2,0.43
LETSXKT,2,0.43
IEXSAKE,2,0.43
CEXSAKE,2,0.43
XETSAQS,2,0.43
FXTSAQS,2,0.43
FEXSAQS,2,0.43
FETXAQS,2,0.43
FETSXQS,2,0.43
XETSAQT,2,0.43
FXTSAQT,2,0.43
FEXSAQT,2,0.43
FETXAQT,2,0.43
FETSXQT,2,0.43
LXTSART,2,0.43
LETXART,2,0.43
LETSXRT,2,0.43
LETSARX,2,0.43
MNTXATQ,2,0.43
TXTSALN,2,0.43
TEXSALN,2,0.43
TETXALN,2,0.43
TETSXLN,2,0.43
TETSAXN,2,0.43
TETSALX,2,0.43
XSQAGAA,2,0.43
SXQAGAA,2,0.43
SSXAGAA,2,0.43
SSQXGAA,2,0.43
SSQAXAA,2,0.43
SSQAGXA,2,0.43
SSQAGAX,2,0.43
XAGAARR,2,0.43
QAXAARR,2,0.43
QAGXARR,2,0.43
QAGAXRR,2,0.43
QAGAAXR,2,0.43
QAGAARX,2,0.43
AXAARRG,2,0.43
AGXARRG,2,0.43
AGAXRRG,2,0.43
AGAAXRG,2,0.43
AGAARXG,2,0.43
AGAARRX,2,0.43
EXSAKLN,2,0.43
ETXAKLN,2,0.43
ETSXKLN,2,0.43
ETSAXLN,2,0.43
XTSAKVG,2,0.43
EXSAKVG,2,0.43
ETXAKVG,2,0.43
ETSXKVG,2,0.43
ETSAXVG,2,0.43
ETSXRTG,2,0.43
XIKAQLF,2,0.43
NXKAQLF,2,0.43
NIXAQLF,2,0.43
NIKXQLF,2,0.43
NIKAXLF,2,0.43
NIKAQXF,2,0.43
NIKAQLX,2,0.43
AMEATXL,2,0.43
XPEAAVP,2,0.43
IXEAAVP,2,0.43
IPXAAVP,2,0.43
IPEXAVP,2,0.43
IPEAXVP,2,0.43
IPEAAXP,2,0.43
IPEAAVX,2,0.43
XEAAVPE,2,0.43
PXAAVPE,2,0.43
PEXAVPE,2,0.43
PEAXVPE,2,0.43
PEAAXPE,2,0.43
PEAAVXE,2,0.43
PEAAVPX,2,0.43
XCSARTR,2,0.43
EXSARTR,2,0.43
ECXARTR,2,0.43
ECSXRTR,2,0.43
ECSARXR,2,0.43
ECSARTX,2,0.43
EXSAKTR,2,0.43
XTSAKNS,2,0.43
EXSAKNS,2,0.43
ETXAKNS,2,0.43
SXSAKTG,2,0.43
SVXAKTG,2,0.43
SVSXKTG,2,0.43
SVSAXTG,2,0.43
SVSAKXG,2,0.43
SVSAKTX,2,0.43
XKVAAEI,2,0.43
QXVAAEI,2,0.43
QKXAAEI,2,0.43
QKVXAEI,2,0.43
QKVAXEI,2,0.43
QKVAAXI,2,0.43
QKVAAEX,2,0.43
XVAAEIL,2,0.43
KXAAEIL,2,0.43
KVXAEIL,2,0.43
KVAXEIL,2,0.43
KVAAXIL,2,0.43
KVAAEXL,2,0.43
KVAAEIX,2,0.43
ETSAXDY,2,0.43
XCSAALG,2,0.43
EXSAALG,2,0.43
ECXAALG,2,0.43
ECSXALG,2,0.43
ECSAXLG,2,0.43
ECSAAXG,2,0.43
ECSAALX,2,0.43
XSAALGH,2,0.43
CXAALGH,2,0.43
CSXALGH,2,0.43
CSAXLGH,2,0.43
CSAAXGH,2,0.43
CSAALXH,2,0.43
CSAALGX,2,0.43
XTSAKQS,2,0.43
EXSAKQS,2,0.43
ETSAKQX,2,0.43
XVSAKDS,2,0.43
NXSAKDS,2,0.43
NVXAKDS,2,0.43
NVSXKDS,2,0.43
NVSAXDS,2,0.43
NVSAKXS,2,0.43
NVSAKDX,2,0.43
VDSAXER,2,0.43
EVSAKEX,2,0.43
AKQXINI,2,0.43
XTSALDG,2,0.43
EXSALDG,2,0.43
ETXALDG,2,0.43
ETSXLDG,2,0.43
ALNXTNV,2,0.43
AKXAANV,2,0.43
KXAANVE,2,0.43
XTRAKAG,2,0.43
EXRAKAG,2,0.43
ETRXKAG,2,0.43
ETRAXAG,2,0.43
ETRAKXG,2,0.43
ETRAKAX,2,0.43
RXKAGYN,2,0.43
RAXAGYN,2,0.43
RAKXGYN,2,0.43
RAKAXYN,2,0.43
RAKAGXN,2,0.43
RAKAGYX,2,0.43
IDEAXRF,2,0.43
YIXASAK,2,0.43
YIEXSAK,2,0.43
YIEAXAK,2,0.43
YIEASXK,2,0.43
YIEASAX,2,0.43
XASAKTD,2,0.43
EXSAKTD,2,0.43
EAXAKTD,2,0.43
EASXKTD,2,0.43
EASAXTD,2,0.43
EASAKXD,2,0.43
PSNAPXS,2,0.43
XTSALEN,2,0.43
EXSALEN,2,0.43
ETXALEN,2,0.43
ETSXLEN,2,0.43
ETSALXN,2,0.43
XASAKTK,2,0.43
EXSAKTK,2,0.43
EAXAKTK,2,0.43
EASXKTK,2,0.43
EASAXTK,2,0.43
EASAKXK,2,0.43
AXEAVNV,2,0.43
ALEAVNX,2,0.43
XLEATNI,2,0.43
AXEATNI,2,0.43
ALXATNI,2,0.43
ALEXTNI,2,0.43
ALEATXI,2,0.43
XSSANVE,2,0.43
KXSANVE,2,0.43
KSXANVE,2,0.43
KSSXNVE,2,0.43
KSSAXVE,2,0.43
KSSANXE,2,0.43
KSSANVX,2,0.43
EVSAKXS,2,0.43
XVSAKDA,2,0.43
EVXAKDA,2,0.43
EVSXKDA,2,0.43
EVSAXDA,2,0.43
EVSAKXA,2,0.43
EVSAKDX,2,0.43
XKDATNI,2,0.43
AXDATNI,2,0.43
AKXATNI,2,0.43
AKDXTNI,2,0.43
AKDAXNI,2,0.43
AKDATXI,2,0.43
XRYAESS,2,0.43
FXYAESS,2,0.43
FRXAESS,2,0.43
FRYXESS,2,0.43
FRYAXSS,2,0.43
FRYAEXS,2,0.43
FRYAESX,2,0.43
XASAKTN,2,0.43
EAXAKTN,2,0.43
EASAXTN,2,0.43
XTSAKDP,2,0.43
EXSAKDP,2,0.43
ETXAKDP,2,0.43
ETSXKDP,2,0.43
ETSAXDP,2,0.43
IXEAARF,2,0.43
XEAARFL,2,0.43
XPGAARR,2,0.43
QPXAARR,2,0.43
QPGAXRR,2,0.43
QPGAAXR,2,0.43
QPGAARX,2,0.43
PXAARRG,2,0.43
PGAXRRG,2,0.43
PGAAXRG,2,0.43
PGAARXG,2,0.43
PGAARRX,2,0.43
XGTAEEQ,2,0.43
SGXAEEQ,2,0.43
SGTXEEQ,2,0.43
SGTAXEQ,2,0.43
SGTAEXQ,2,0.43
SGTAEEX,2,0.43
XTSAQSG,2,0.43
EXSAQSG,2,0.43
ETXAQSG,2,0.43
ETSXQSG,2,0.43
ETSAQSX,2,0.43
XTSAQTG,2,0.43
EXSAQTG,2,0.43
ETXAQTG,2,0.43
ETSXQTG,2,0.43
ETSAQTX,2,0.43
XTSARTA,2,0.43
ETXARTA,2,0.43
ETSXRTA,2,0.43
XRTAHNV,2,0.43
ARXAHNV,2,0.43
ARTXHNV,2,0.43
ARTAHXV,2,0.43
ARTAHNX,2,0.43
XPDAVDM,2,0.43
NTXATQR,2,0.43
KNAXNVE,2,0.43
XSVADRR,2,0.43
VXVADRR,2,0.43
VSXADRR,2,0.43
VSVXDRR,2,0.43
VSVAXRR,2,0.43
VSVADXR,2,0.43
VSVADRX,2,0.43
AKNXINV,2,0.43
AXNVAAA,2,0.43
ATXVAAA,2,0.43
ATNXAAA,2,0.43
ATNVXAA,2,0.43
ATNVAXA,2,0.43
ATNVAAX,2,0.43
XNGSSQA,2,0.43
GXGSSQA,2,0.43
GNXSSQA,2,0.43
GNGXSQA,2,0.43
GNGSXQA,2,0.43
GNGSSXA,2,0.43
XGSSQAG,2,0.43
NXSSQAG,2,0.43
NGXSQAG,2,0.43
NGSXQAG,2,0.43
NGSSXAG,2,0.43
NGSSQAX,2,0.43
XSSQAGA,2,0.43
GXSQAGA,2,0.43
GSXQAGA,2,0.43
GSSXAGA,2,0.43
GSSQXGA,2,0.43
GSSQAXA,2,0.43
GSSQAGX,2,0.43
XQAGAAR,2,0.43
SXAGAAR,2,0.43
SQAXAAR,2,0.43
SQAGXAR,2,0.43
SQAGAXR,2,0.43
SQAGAAX,2,0.43
XRTSVKE,2,0.43
YXTSVKE,2,0.43
YRXSVKE,2,0.43
YRTXVKE,2,0.43
YRTSXKE,2,0.43
YRTSVXE,2,0.43
YRTSVKX,2,0.43
XETSSKT,2,0.43
FXTSSKT,2,0.43
FEXSSKT,2,0.43
FETXSKT,2,0.43
XTSSKTG,2,0.43
EXSSKTG,2,0.43
ETXSKTG,2,0.43
ETSSKXG,2,0.43
ETSSKTX,2,0.43
SAMEAXN,2,0.43
SAMEATX,2,0.43
STXVAAA,2,0.43
STNXAAA,2,0.43
STNVXAA,2,0.43
STNVAXA,2,0.43
STNVAAX,2,0.43
XIPEAAV,2,0.43
GXPEAAV,2,0.43
GIXEAAV,2,0.43
GIPXAAV,2,0.43
GIPEXAV,2,0.43
GIPEAXV,2,0.43
GIPEAAX,2,0.43
AKNSXNV,2,0.43
XYWSVSA,2,0.43
EXWSVSA,2,0.43
EYXSVSA,2,0.43
EYWXVSA,2,0.43
EYWSXSA,2,0.43
EYWSVXA,2,0.43
XQKVAAE,2,0.43
FXKVAAE,2,0.43
FQXVAAE,2,0.43
FQKXAAE,2,0.43
FQKVXAE,2,0.43
FQKVAXE,2,0.43
FQKVAAX,2,0.43
XKSSINV,2,0.43
AXSSINV,2,0.43
AKSXINV,2,0.43
AKSSIXV,2,0.43
XKESRNI,2,0.43
AXESRNI,2,0.43
AKXSRNI,2,0.43
AKEXRNI,2,0.43
AKESRXI,2,0.43
AKESRNX,2,0.43
XKDSINI,2,0.43
AXDSINI,2,0.43
AKDXINI,2,0.43
AKDSXNI,2,0.43
AKDSIXI,2,0.43
XAKSSVN,2,0.43
SXKSSVN,2,0.43
SAXSSVN,2,0.43
SAKXSVN,2,0.43
SAKSXVN,2,0.43
SAKSSVX,2,0.43
XKSSVNV,2,0.43
AXSSVNV,2,0.43
AKSXVNV,2,0.43
AKSSVXV,2,0.43
AKSSVNX,2,0.43
XDGSNID,2,0.43
LXGSNID,2,0.43
LDXSNID,2,0.43
LDGXNID,2,0.43
LDGSXID,2,0.43
LDGSNXD,2,0.43
LDGSNIX,2,0.43
SAKXAAN,2,0.43
MXYGALF,2,0.43
MTXGALF,2,0.43
MTYXALF,2,0.43
MTYGXLF,2,0.43
MTYGAXF,2,0.43
MTYGALX,2,0.43
XETRAKA,2,0.43
IXTRAKA,2,0.43
IEXRAKA,2,0.43
IETRXKA,2,0.43
IETRAXA,2,0.43
IETRAKX,2,0.43
XRAKAGY,2,0.43
TRXKAGY,2,0.43
TRAXAGY,2,0.43
TRAKXGY,2,0.43
TRAKAXY,2,0.43
TRAKAGX,2,0.43
KDXSQSP,2,0.43
XSQSPSQ,2,0.43
QXPSQMD,2,0.43
QSPSQXD,2,0.43
NIDEAXR,2,0.43
XYIEASA,2,0.43
NXIEASA,2,0.43
NYXEASA,2,0.43
NYIXASA,2,0.43
NYIEXSA,2,0.43
NYIEAXA,2,0.43
NYIEASX,2,0.43
XTDSNVE,2,0.43
KXDSNVE,2,0.43
KTDXNVE,2,0.43
KTDSXVE,2,0.43
KTDSNXE,2,0.43
KTDSNVX,2,0.43
XALEAVN,2,0.43
SXLEAVN,2,0.43
SALXAVN,2,0.43
SALEXVN,2,0.43
SALEAVX,2,0.43
XKESKNI,2,0.43
AXESKNI,2,0.43
AKXSKNI,2,0.43
AKEXKNI,2,0.43
AKESKXI,2,0.43
AKESKNX,2,0.43
LXDSIKL,2,0.43
IKLSPXQ,2,0.43
XAKSSAN,2,0.43
SXKSSAN,2,0.43
SAXSSAN,2,0.43
SAKXSAN,2,0.43
SAKSXAN,2,0.43
SAKSSAX,2,0.43
ETSSKXS,2,0.43
XKESHNV,2,0.43
AXESHNV,2,0.43
AKXSHNV,2,0.43
AKEXHNV,2,0.43
AKESHXV,2,0.43
AKESHNX,2,0.43
XPGSSYF,2,0.43
PXGSSYF,2,0.43
PPXSSYF,2,0.43
PPGXSYF,2,0.43
PPGSXYF,2,0.43
PPGSSXF,2,0.43
PPGSSYX,2,0.43
XGSSYFR,2,0.43
PXSSYFR,2,0.43
PGXSYFR,2,0.43
PGSXYFR,2,0.43
PGSSXFR,2,0.43
PGSSYXR,2,0.43
PGSSYFX,2,0.43
XFRYAES,2,0.43
YXRYAES,2,0.43
YFXYAES,2,0.43
YFRXAES,2,0.43
YFRYXES,2,0.43
YFRYAXS,2,0.43
YFRYAEX,2,0.43
XAESSMK,2,0.43
YXESSMK,2,0.43
YAXSSMK,2,0.43
YAEXSMK,2,0.43
YAESXMK,2,0.43
YAESSXK,2,0.43
YAESSMX,2,0.43
XESSMKN,2,0.43
AXSSMKN,2,0.43
AEXSMKN,2,0.43
AESXMKN,2,0.43
AESSXKN,2,0.43
AESSMXN,2,0.43
AESSMKX,2,0.43
XKNSINV,2,0.43
XKESQNV,2,0.43
PXESQNV,2,0.43
PKXSQNV,2,0.43
PKEXQNV,2,0.43
PKESXNV,2,0.43
PKESQXV,2,0.43
PKESQNX,2,0.43
NIXEAAR,2,0.43
XLDSSNV,2,0.43
ALXSSNV,2,0.43
ALDXSNV,2,0.43
ALDSSXV,2,0.43
ALDSSNX,2,0.43
LDSSNVX,2,0.43
XLDSNNV,2,0.43
AXDSNNV,2,0.43
ALXSNNV,2,0.43
ALDXNNV,2,0.43
ALDSNXV,2,0.43
ALDSNNX,2,0.43
XNVKAVF,2,0.43
LTXSIKL,2,0.43
XQPGAAR,2,0.43
SXPGAAR,2,0.43
SQPXAAR,2,0.43
SQPGXAR,2,0.43
SQPGAXR,2,0.43
SQPGAAX,2,0.43
FXESSAK,2,0.43
KXLEASA,2,0.43
KFXEASA,2,0.43
KFLXASA,2,0.43
KFLEXSA,2,0.43
KFLEAXA,2,0.43
KFLEASX,2,0.43
XGLSGTA,2,0.43
DXLSGTA,2,0.43
DGXSGTA,2,0.43
DGLXGTA,2,0.43
DGLSGXA,2,0.43
DGLSGTX,2,0.43
XSGTAEE,2,0.43
LXGTAEE,2,0.43
LSGXAEE,2,0.43
LSGTXEE,2,0.43
LSGTAXE,2,0.43
LSGTAEX,2,0.43
XAQSGEG,2,0.43
SXQSGEG,2,0.43
SAXSGEG,2,0.43
SAQXGEG,2,0.43
SAQSXEG,2,0.43
SAQSGXG,2,0.43
SAQSGEX,2,0.43
XNYEAPF,2,0.43
ENXEAPF,2,0.43
XARTAHN,2,0.43
SXRTAHN,2,0.43
SARXAHN,2,0.43
SARTXHN,2,0.43
SARTAHX,2,0.43
FXPDAVD,2,0.43
XEVSVAD,2,0.43
WXVSVAD,2,0.43
WEXSVAD,2,0.43
WEVXVAD,2,0.43
WEVSXAD,2,0.43
WEVSVXD,2,0.43
WEVSVAX,2,0.43
XVSVADR,2,0.43
EXSVADR,2,0.43
EVXVADR,2,0.43
EVSXADR,2,0.43
EVSVXDR,2,0.43
EVSVAXR,2,0.43
EVSVADX,2,0.43
MXTSART,1,0.21
MEXSART,1,0.21
METXART,1,0.21
METSXRT,1,0.21
METSARX,1,0.21
MXTSAKS,1,0.21
MEXSAKS,1,0.21
METXAKS,1,0.21
METSXKS,1,0.21
METSAXS,1,0.21
HXCSART,1,0.21
HEXSART,1,0.21
HECXART,1,0.21
HECSXRT,1,0.21
HECSAXT,1,0.21
HECSARX,1,0.21
XECSAKT,1,0.21
LXCSAKT,1,0.21
LECXAKT,1,0.21
LECSXKT,1,0.21
LECSAKX,1,0.21
XETSATT,1,0.21
IXTSATT,1,0.21
IEXSATT,1,0.21
IETXATT,1,0.21
IETSXTT,1,0.21
IETSATX,1,0.21
LXTSAKQ,1,0.21
LEXSAKQ,1,0.21
LETXAKQ,1,0.21
LETSXKQ,1,0.21
LETSAXQ,1,0.21
XETSAAS,1,0.21
FXTSAAS,1,0.21
FEXSAAS,1,0.21
FETXAAS,1,0.21
FETSXAS,1,0.21
XEVSALS,1,0.21
SXVSALS,1,0.21
SEXSALS,1,0.21
SEVXALS,1,0.21
SEVSXLS,1,0.21
SEVSAXS,1,0.21
SEVSALX,1,0.21
XVDSAQE,1,0.21
KXDSAQE,1,0.21
KVXSAQE,1,0.21
KVDXAQE,1,0.21
KVDSXQE,1,0.21
KVDSAQX,1,0.21
LXVSAKE,1,0.21
LEVXAKE,1,0.21
LEVSXKE,1,0.21
LEVSAXE,1,0.21
LEVSAKX,1,0.21
KXTSAKQ,1,0.21
KETXAKQ,1,0.21
KETSXKQ,1,0.21
KETSAXQ,1,0.21
KETSAKX,1,0.21
VXTSALD,1,0.21
VEXSALD,1,0.21
VETXALD,1,0.21
VETSXLD,1,0.21
VETSAXD,1,0.21
VETSALX,1,0.21
YXTSAKV,1,0.21
YEXSAKV,1,0.21
YETXAKV,1,0.21
YETSXKV,1,0.21
YETSAXV,1,0.21
XECSAKS,1,0.21
IXCSAKS,1,0.21
IEXSAKS,1,0.21
IECXAKS,1,0.21
IECSXKS,1,0.21
IECSAXS,1,0.21
IECSAKX,1,0.21
MXTSAKD,1,0.21
MEXSAKD,1,0.21
METXAKD,1,0.21
METSXKD,1,0.21
XEISAKQ,1,0.21
KXISAKQ,1,0.21
KEIXAKQ,1,0.21
KEISXKQ,1,0.21
KEISAXQ,1,0.21
KEISAKX,1,0.21
XEASART,1,0.21
LXASART,1,0.21
LEAXART,1,0.21
LEASXRT,1,0.21
LEASARX,1,0.21
IXTSAKN,1,0.21
IETXAKN,1,0.21
IETSXKN,1,0.21
IETSAXN,1,0.21
HXTSAKE,1,0.21
HEXSAKE,1,0.21
HETXAKE,1,0.21
HETSXKE,1,0.21
HETSAXE,1,0.21
HETSAKX,1,0.21
XVESAFT,1,0.21
NXESAFT,1,0.21
NVXSAFT,1,0.21
NVEXAFT,1,0.21
NVESXFT,1,0.21
NVESAXT,1,0.21
NVESAFX,1,0.21
MXTSAKE,1,0.21
MEXSAKE,1,0.21
METXAKE,1,0.21
METSXKE,1,0.21
XEVSAKS,1,0.21
YXVSAKS,1,0.21
YEXSAKS,1,0.21
YEVXAKS,1,0.21
YEVSXKS,1,0.21
YEVSAXS,1,0.21
YEVSAKX,1,0.21
XVDSAHE,1,0.21
KXDSAHE,1,0.21
KVXSAHE,1,0.21
KVDXAHE,1,0.21
KVDSXHE,1,0.21
KVDSAHX,1,0.21
XETSAKF,1,0.21
FXTSAKF,1,0.21
FEXSAKF,1,0.21
FETXAKF,1,0.21
FETSXKF,1,0.21
FETSAXF,1,0.21
XETSAFN,1,0.21
LXTSAFN,1,0.21
LEXSAFN,1,0.21
LETXAFN,1,0.21
LETSXFN,1,0.21
LETSAFX,1,0.21
XITSALQ,1,0.21
KXTSALQ,1,0.21
KIXSALQ,1,0.21
KITXALQ,1,0.21
KITSXLQ,1,0.21
KITSAXQ,1,0.21
KITSALX,1,0.21
XATSASN,1,0.21
FXTSASN,1,0.21
FAXSASN,1,0.21
FATXASN,1,0.21
FATSXSN,1,0.21
FATSAXN,1,0.21
FATSASX,1,0.21
IXVSAKE,1,0.21
IEVXAKE,1,0.21
IEVSXKE,1,0.21
IEVSAXE,1,0.21
IEVSAKX,1,0.21
XYTSAKE,1,0.21
FYXSAKE,1,0.21
FYTXAKE,1,0.21
FYTSXKE,1,0.21
FYTSAXE,1,0.21
FYTSAKX,1,0.21
IXTSALT,1,0.21
IEXSALT,1,0.21
IETXALT,1,0.21
IETSXLT,1,0.21
MXTSALT,1,0.21
MEXSALT,1,0.21
METXALT,1,0.21
METSXLT,1,0.21
CXTSAKE,1,0.21
CETXAKE,1,0.21
CETSXKE,1,0.21
CETSAXE,1,0.21
XECSALK,1,0.21
IXCSALK,1,0.21
IEXSALK,1,0.21
IECXALK,1,0.21
IECSXLK,1,0.21
IECSAXK,1,0.21
IECSALX,1,0.21
VXTSAKE,1,0.21
VEXSAKE,1,0.21
VETXAKE,1,0.21
VETSXKE,1,0.21
VETSAXE,1,0.21
XSTSAKL,1,0.21
YXTSAKL,1,0.21
YSXSAKL,1,0.21
YSTXAKL,1,0.21
YSTSXKL,1,0.21
YSTSAXL,1,0.21
YSTSAKX,1,0.21
XYTSAKQ,1,0.21
YYXSAKQ,1,0.21
YYTXAKQ,1,0.21
YYTSXKQ,1,0.21
YYTSAXQ,1,0.21
YYTSAKX,1,0.21
XESSAKT,1,0.21
VXSSAKT,1,0.21
VEXSAKT,1,0.21
VESXAKT,1,0.21
VESSXKT,1,0.21
VESSAXT,1,0.21
VESSAKX,1,0.21
TXTSAKA,1,0.21
TEXSAKA,1,0.21
TETXAKA,1,0.21
TETSXKA,1,0.21
TETSAXA,1,0.21
TETSAKX,1,0.21
IXTSAKE,1,0.21
IETXAKE,1,0.21
IETSXKE,1,0.21
CXASAKE,1,0.21
CEAXAKE,1,0.21
CEASXKE,1,0.21
CEASAXE,1,0.21
XEASAAT,1,0.21
MXASAAT,1,0.21
MEXSAAT,1,0.21
MEAXAAT,1,0.21
MEASXAT,1,0.21
MEASAAX,1,0.21
XEASAKS,1,0.21
LXASAKS,1,0.21
LEAXAKS,1,0.21
LEASXKS,1,0.21
LEASAXS,1,0.21
LXCSART,1,0.21
LECXART,1,0.21
LECSXRT,1,0.21
LECSARX,1,0.21
XEISAKD,1,0.21
HXISAKD,1,0.21
HEXSAKD,1,0.21
HEIXAKD,1,0.21
HEISXKD,1,0.21
HEISAXD,1,0.21
HEISAKX,1,0.21
XESSAKN,1,0.21
IXSSAKN,1,0.21
IESXAKN,1,0.21
IESSXKN,1,0.21
IESSAXN,1,0.21
IESSAKX,1,0.21
MXTSAKN,1,0.21
MEXSAKN,1,0.21
METXAKN,1,0.21
METSXKN,1,0.21
METSAXN,1,0.21
FXASAKT,1,0.21
FEAXAKT,1,0.21
FEASXKT,1,0.21
FEASAXT,1,0.21
XNTSATQ,1,0.21
MXTSATQ,1,0.21
MNXSATQ,1,0.21
MNTSXTQ,1,0.21
MNTSAXQ,1,0.21
MNTSATX,1,0.21
XDVSAGL,1,0.21
GXVSAGL,1,0.21
GDXSAGL,1,0.21
GDVXAGL,1,0.21
GDVSXGL,1,0.21
GDVSAXL,1,0.21
GDVSAGX,1,0.21
XHGSANW,1,0.21
TXGSANW,1,0.21
THXSANW,1,0.21
THGXANW,1,0.21
THGSXNW,1,0.21
THGSAXW,1,0.21
THGSANX,1,0.21
XETSAMD,1,0.21
IXTSAMD,1,0.21
IEXSAMD,1,0.21
IETXAMD,1,0.21
IETSXMD,1,0.21
IETSAMX,1,0.21
XLTSAKN,1,0.21
FLXSAKN,1,0.21
FLTXAKN,1,0.21
FLTSXKN,1,0.21
FLTSAXN,1,0.21
FLTSAKX,1,0.21
XETSARA,1,0.21
VXTSARA,1,0.21
VEXSARA,1,0.21
VETXARA,1,0.21
VETSXRA,1,0.21
VETSAXA,1,0.21
VETSARX,1,0.21
YXTSAKD,1,0.21
YEXSAKD,1,0.21
YETXAKD,1,0.21
YETSXKD,1,0.21
YETSAXD,1,0.21
XAVSAKT,1,0.21
VXVSAKT,1,0.21
VAXSAKT,1,0.21
VAVXAKT,1,0.21
VAVSXKT,1,0.21
VAVSAXT,1,0.21
VAVSAKX,1,0.21
XDVSANP,1,0.21
FXVSANP,1,0.21
FDXSANP,1,0.21
FDVXANP,1,0.21
FDVSXNP,1,0.21
FDVSAXP,1,0.21
FDVSANX,1,0.21
XGTARRG,1,0.21
PXTARRG,1,0.21
PGTXRRG,1,0.21
PGTAXRG,1,0.21
PGTARXG,1,0.21
PGTARRX,1,0.21
XKTAINV,1,0.21
AXTAINV,1,0.21
AKTXINV,1,0.21
AKTAIXV,1,0.21
AKTAINX,1,0.21
XTSARTG,1,0.21
EXSARTG,1,0.21
ETXARTG,1,0.21
ETSARXG,1,0.21
XTSAKSG,1,0.21
EXSAKSG,1,0.21
ETXAKSG,1,0.21
ETSXKSG,1,0.21
XMEATNL,1,0.21
AXEATNL,1,0.21
AMXATNL,1,0.21
AMEXTNL,1,0.21
AMEAXNL,1,0.21
AMEATNX,1,0.21
XVFASSF,1,0.21
YXFASSF,1,0.21
YVXASSF,1,0.21
YVFXSSF,1,0.21
YVFAXSF,1,0.21
YVFASXF,1,0.21
YVFASSX,1,0.21
XCSAKTR,1,0.21
ECXAKTR,1,0.21
ECSXKTR,1,0.21
ECSAKXR,1,0.21
ECSAKTX,1,0.21
XTSAKLA,1,0.21
EXSAKLA,1,0.21
ETXAKLA,1,0.21
ETSXKLA,1,0.21
ETSAXLA,1,0.21
XKLASEA,1,0.21
AXLASEA,1,0.21
AKXASEA,1,0.21
AKLXSEA,1,0.21
AKLAXEA,1,0.21
AKLASXA,1,0.21
AKLASEX,1,0.21
XSEADHV,1,0.21
AXEADHV,1,0.21
ASXADHV,1,0.21
ASEXDHV,1,0.21
ASEAXHV,1,0.21
ASEADXV,1,0.21
ASEADHX,1,0.21
XTSATTG,1,0.21
EXSATTG,1,0.21
ETXATTG,1,0.21
ETSXTTG,1,0.21
ETSATXG,1,0.21
ETSATTX,1,0.21
XTSALDY,1,0.21
EXSALDY,1,0.21
ETXALDY,1,0.21
ETSXLDY,1,0.21
ETSALXY,1,0.21
ETXAKQS,1,0.21
ETSXKQS,1,0.21
ETSAXQS,1,0.21
XGNASVP,1,0.21
DXNASVP,1,0.21
DGXASVP,1,0.21
DGNXSVP,1,0.21
DGNAXVP,1,0.21
DGNASXP,1,0.21
DGNASVX,1,0.21
XTSAASG,1,0.21
EXSAASG,1,0.21
ETXAASG,1,0.21
ETSXASG,1,0.21
ETSAASX,1,0.21
XSAASGQ,1,0.21
TXAASGQ,1,0.21
TSXASGQ,1,0.21
TSAXSGQ,1,0.21
TSAASXQ,1,0.21
TSAASGX,1,0.21
XVSALSG,1,0.21
EXSALSG,1,0.21
EVXALSG,1,0.21
EVSXLSG,1,0.21
EVSAXSG,1,0.21
EVSALXG,1,0.21
EVSALSX,1,0.21
XDSAQER,1,0.21
VXSAQER,1,0.21
VDXAQER,1,0.21
VDSXQER,1,0.21
VDSAQXR,1,0.21
VDSAQEX,1,0.21
XERAVKR,1,0.21
QXRAVKR,1,0.21
QEXAVKR,1,0.21
QERXVKR,1,0.21
QERAXKR,1,0.21
QERAVXR,1,0.21
QERAVKX,1,0.21
XVSAKEN,1,0.21
EVXAKEN,1,0.21
EVSXKEN,1,0.21
EVSAXEN,1,0.21
EVSAKXN,1,0.21
XLEAINV,1,0.21
ALXAINV,1,0.21
ALEXINV,1,0.21
ALEAIXV,1,0.21
ALEAINX,1,0.21
XTSAKQA,1,0.21
EXSAKQA,1,0.21
ETXAKQA,1,0.21
ETSXKQA,1,0.21
ETSAXQA,1,0.21
XKQAINI,1,0.21
AXQAINI,1,0.21
AKQAXNI,1,0.21
AKQAIXI,1,0.21
AKQAINX,1,0.21
XTSAKDY,1,0.21
EXSAKDY,1,0.21
ETXAKDY,1,0.21
ETSXKDY,1,0.21
ETSAKXY,1,0.21
XCSAKSK,1,0.21
EXSAKSK,1,0.21
ECXAKSK,1,0.21
ECSXKSK,1,0.21
ECSAXSK,1,0.21
ECSAKXK,1,0.21
ECSAKSX,1,0.21
XPDAVTE,1,0.21
IXDAVTE,1,0.21
IPXAVTE,1,0.21
IPDXVTE,1,0.21
IPDAXTE,1,0.21
IPDAVXE,1,0.21
IPDAVTX,1,0.21
XKTAHNV,1,0.21
AKXAHNV,1,0.21
AKTXHNV,1,0.21
AKTAHXV,1,0.21
AKTAHNX,1,0.21
XASAKTR,1,0.21
EAXAKTR,1,0.21
EASXKTR,1,0.21
EASAXTR,1,0.21
EASAKXR,1,0.21
XTSALNA,1,0.21
EXSALNA,1,0.21
ETXALNA,1,0.21
ETSXLNA,1,0.21
XLNATNV,1,0.21
ALNAXNV,1,0.21
ALNATXV,1,0.21
ALNATNX,1,0.21
XKTAANV,1,0.21
AXTAANV,1,0.21
AKTXANV,1,0.21
AKTAAXV,1,0.21
AKTAANX,1,0.21
XTAANVE,1,0.21
KTXANVE,1,0.21
KTAAXVE,1,0.21
KTAANXE,1,0.21
KTAANVX,1,0.21
XEDAAHE,1,0.21
IXDAAHE,1,0.21
IEXAAHE,1,0.21
IEDXAHE,1,0.21
IEDAXHE,1,0.21
IEDAAXE,1,0.21
IEDAAHX,1,0.21
XDAAHET,1,0.21
EXAAHET,1,0.21
EDXAHET,1,0.21
EDAXHET,1,0.21
EDAAXET,1,0.21
EDAAHXT,1,0.21
EDAAHEX,1,0.21
XTSAKAK,1,0.21
EXSAKAK,1,0.21
ETXAKAK,1,0.21
ETSXKAK,1,0.21
ETSAXAK,1,0.21
ETSAKXK,1,0.21
XAKAKIN,1,0.21
SXKAKIN,1,0.21
SAXAKIN,1,0.21
SAKXKIN,1,0.21
SAKAKXN,1,0.21
SAKAKIX,1,0.21
XDEATRF,1,0.21
IXEATRF,1,0.21
IDXATRF,1,0.21
IDEXTRF,1,0.21
IDEATXF,1,0.21
IDEATRX,1,0.21
XISAKQS,1,0.21
EIXAKQS,1,0.21
EISXKQS,1,0.21
EISAXQS,1,0.21
EISAKXS,1,0.21
EISAKQX,1,0.21
XSNAPAS,1,0.21
PXNAPAS,1,0.21
PSXAPAS,1,0.21
PSNXPAS,1,0.21
PSNAXAS,1,0.21
PSNAPAX,1,0.21
XAPASTV,1,0.21
NXPASTV,1,0.21
NAXASTV,1,0.21
NAPXSTV,1,0.21
NAPAXTV,1,0.21
NAPASXV,1,0.21
NAPASTX,1,0.21
XNTASKV,1,0.21
LXTASKV,1,0.21
LNXASKV,1,0.21
LNTXSKV,1,0.21
LNTAXKV,1,0.21
LNTASXV,1,0.21
LNTASKX,1,0.21
XKTADNI,1,0.21
AXTADNI,1,0.21
AKXADNI,1,0.21
AKTXDNI,1,0.21
AKTAXNI,1,0.21
AKTADXI,1,0.21
AKTADNX,1,0.21
XKTALNV,1,0.21
AXTALNV,1,0.21
AKXALNV,1,0.21
AKTXLNV,1,0.21
AKTALXV,1,0.21
AKTALNX,1,0.21
XLEAVNV,1,0.21
ALXAVNV,1,0.21
ALEXVNV,1,0.21
ALEAVXV,1,0.21
XLEASAR,1,0.21
FXEASAR,1,0.21
FLXASAR,1,0.21
FLEXSAR,1,0.21
FLEAXAR,1,0.21
FLEASXR,1,0.21
XASARTA,1,0.21
EAXARTA,1,0.21
EASXRTA,1,0.21
EASARXA,1,0.21
EASARTX,1,0.21
XRTAQNV,1,0.21
ARXAQNV,1,0.21
ARTXQNV,1,0.21
ARTAQXV,1,0.21
ARTAQNX,1,0.21
XTSAKAD,1,0.21
EXSAKAD,1,0.21
ETXAKAD,1,0.21
ETSXKAD,1,0.21
ETSAXAD,1,0.21
XAKADSE,1,0.21
SXKADSE,1,0.21
SAXADSE,1,0.21
SAKXDSE,1,0.21
SAKAXSE,1,0.21
SAKADXE,1,0.21
SAKADSX,1,0.21
XMEATKL,1,0.21
AXEATKL,1,0.21
AMXATKL,1,0.21
AMEXTKL,1,0.21
AMEAXKL,1,0.21
AMEATKX,1,0.21
XLEAVNI,1,0.21
AXEAVNI,1,0.21
ALXAVNI,1,0.21
ALEXVNI,1,0.21
ALEAVXI,1,0.21
XESAFTT,1,0.21
VXSAFTT,1,0.21
VEXAFTT,1,0.21
VESXFTT,1,0.21
VESAXTT,1,0.21
VESAFXT,1,0.21
VESAFTX,1,0.21
XSTAIDE,1,0.21
EXTAIDE,1,0.21
ESXAIDE,1,0.21
ESTXIDE,1,0.21
ESTAXDE,1,0.21
ESTAIXE,1,0.21
ESTAIDX,1,0.21
XVSAKSS,1,0.21
EVXAKSS,1,0.21
EVSXKSS,1,0.21
EVSAXSS,1,0.21
EVSAKSX,1,0.21
XDSAHER,1,0.21
VXSAHER,1,0.21
VDXAHER,1,0.21
VDSXHER,1,0.21
VDSAHXR,1,0.21
VDSAHEX,1,0.21
XTSAFNA,1,0.21
EXSAFNA,1,0.21
ETXAFNA,1,0.21
ETSXFNA,1,0.21
ETSAFXA,1,0.21
ETSAFNX,1,0.21
XFNATNV,1,0.21
AFXATNV,1,0.21
AFNXTNV,1,0.21
AFNAXNV,1,0.21
AFNATXV,1,0.21
AFNATNX,1,0.21
XTSALQG,1,0.21
IXSALQG,1,0.21
ITXALQG,1,0.21
ITSXLQG,1,0.21
ITSAXQG,1,0.21
ITSALXG,1,0.21
ITSALQX,1,0.21
XNEAVSW,1,0.21
GXEAVSW,1,0.21
GNXAVSW,1,0.21
GNEXVSW,1,0.21
GNEAXSW,1,0.21
GNEAVXW,1,0.21
GNEAVSX,1,0.21
XWFATSA,1,0.21
GXFATSA,1,0.21
GWXATSA,1,0.21
GWFXTSA,1,0.21
GWFAXSA,1,0.21
GWFATXA,1,0.21
GWFATSX,1,0.21
XTSASND,1,0.21
AXSASND,1,0.21
ATXASND,1,0.21
ATSXSND,1,0.21
ATSAXND,1,0.21
ATSASXD,1,0.21
ATSASNX,1,0.21
XVSAADG,1,0.21
FXSAADG,1,0.21
FVXAADG,1,0.21
FVSXADG,1,0.21
FVSAXDG,1,0.21
FVSAAXG,1,0.21
FVSAADX,1,0.21
XVSAKES,1,0.21
EVXAKES,1,0.21
EVSXKES,1,0.21
EVSAXES,1,0.21
YXSAKED,1,0.21
YTXAKED,1,0.21
YTSXKED,1,0.21
YTSAXED,1,0.21
YTSAKXD,1,0.21
YTSAKEX,1,0.21
XDEAARF,1,0.21
IDXAARF,1,0.21
IDEXARF,1,0.21
IDEAAXF,1,0.21
IDEAARX,1,0.21
DXAARFL,1,0.21
DEXARFL,1,0.21
DEAXRFL,1,0.21
DEAAXFL,1,0.21
DEAARXL,1,0.21
DEAARFX,1,0.21
XSNAPTS,1,0.21
PXNAPTS,1,0.21
PSXAPTS,1,0.21
PSNXPTS,1,0.21
PSNAXTS,1,0.21
PSNAPTX,1,0.21
XSNASKV,1,0.21
LXNASKV,1,0.21
LSXASKV,1,0.21
LSNXSKV,1,0.21
LSNAXKV,1,0.21
LSNASXV,1,0.21
LSNASKX,1,0.21
XCSALKQ,1,0.21
EXSALKQ,1,0.21
ECXALKQ,1,0.21
ECSXLKQ,1,0.21
ECSAXKQ,1,0.21
ECSALXQ,1,0.21
ECSALKX,1,0.21
XTSAKVN,1,0.21
EXSAKVN,1,0.21
ETXAKVN,1,0.21
ETSXKVN,1,0.21
ETSAXVN,1,0.21
XKTAVNV,1,0.21
AXTAVNV,1,0.21
AKXAVNV,1,0.21
AKTXVNV,1,0.21
AKTAVXV,1,0.21
AKTAVNX,1,0.21
XMEAVNV,1,0.21
AMXAVNV,1,0.21
AMEXVNV,1,0.21
AMEAXNV,1,0.21
AMEAVXV,1,0.21
AMEAVNX,1,0.21
SXVAAAF,1,0.21
SNXAAAF,1,0.21
SNVXAAF,1,0.21
SNVAXAF,1,0.21
SNVAAXF,1,0.21
SNVAAAX,1,0.21
SXSAKLN,1,0.21
STXAKLN,1,0.21
STSXKLN,1,0.21
STSAXLN,1,0.21
STSAKXN,1,0.21
STSAKLX,1,0.21
YXSAKQS,1,0.21
YTXAKQS,1,0.21
YTSXKQS,1,0.21
YTSAXQS,1,0.21
YTSAKXS,1,0.21
YTSAKQX,1,0.21
XGVAELF,1,0.21
KXVAELF,1,0.21
KGXAELF,1,0.21
KGVXELF,1,0.21
KGVAXLF,1,0.21
KGVAEXF,1,0.21
KGVAELX,1,0.21
XSSAKTG,1,0.21
ESXAKTG,1,0.21
ESSXKTG,1,0.21
ESSAXTG,1,0.21
ESSAKXG,1,0.21
ESSAKTX,1,0.21
XEEAARF,1,0.21
IEXAARF,1,0.21
IEEXARF,1,0.21
IEEAXRF,1,0.21
IEEAAXF,1,0.21
IEEAARX,1,0.21
EXAARFL,1,0.21
EEXARFL,1,0.21
EEAXRFL,1,0.21
EEAAXFL,1,0.21
EEAARXL,1,0.21
EEAARFX,1,0.21
XYNALFC,1,0.21
NXNALFC,1,0.21
NYXALFC,1,0.21
NYNXLFC,1,0.21
NYNAXFC,1,0.21
NYNALXC,1,0.21
NYNALFX,1,0.21
XASAKEG,1,0.21
EAXAKEG,1,0.21
EASXKEG,1,0.21
EASAXEG,1,0.21
XKTACNV,1,0.21
AXTACNV,1,0.21
AKXACNV,1,0.21
AKTXCNV,1,0.21
AKTACXV,1,0.21
AKTACNX,1,0.21
XMEASAA,1,0.21
FXEASAA,1,0.21
FMXASAA,1,0.21
FMEXSAA,1,0.21
FMEAXAA,1,0.21
FMEASXA,1,0.21
XASAATG,1,0.21
EAXAATG,1,0.21
EASXATG,1,0.21
EASAAXG,1,0.21
EASAATX,1,0.21
XSAATGV,1,0.21
AXAATGV,1,0.21
ASXATGV,1,0.21
ASAXTGV,1,0.21
ASAAXGV,1,0.21
ASAATXV,1,0.21
ASAATGX,1,0.21
XASAKSS,1,0.21
EAXAKSS,1,0.21
EASXKSS,1,0.21
EASAXSS,1,0.21
EASAKXS,1,0.21
EASAKSX,1,0.21
XSTAEEQ,1,0.21
SSXAEEQ,1,0.21
SSTXEEQ,1,0.21
SSTAXEQ,1,0.21
SSTAEXQ,1,0.21
SSTAEEX,1,0.21
XCMAPGS,1,0.21
KXMAPGS,1,0.21
KCXAPGS,1,0.21
KCMXPGS,1,0.21
KCMAXGS,1,0.21
KCMAPXS,1,0.21
KCMAPGX,1,0.21
XISAKDD,1,0.21
EIXAKDD,1,0.21
EISXKDD,1,0.21
EISAXDD,1,0.21
EISAKXD,1,0.21
EISAKDX,1,0.21
XSSAKND,1,0.21
ESXAKND,1,0.21
ESSXKND,1,0.21
ESSAXND,1,0.21
ESSAKXD,1,0.21
ESSAKNX,1,0.21
XLEASSK,1,0.21
FXEASSK,1,0.21
FLXASSK,1,0.21
FLEXSSK,1,0.21
FLEAXSK,1,0.21
FLEASSX,1,0.21
XAKAGHN,1,0.21
SXKAGHN,1,0.21
SAXAGHN,1,0.21
SAKXGHN,1,0.21
SAKAXHN,1,0.21
SAKAGHX,1,0.21
XMNAPLI,1,0.21
VXNAPLI,1,0.21
VMXAPLI,1,0.21
VMNXPLI,1,0.21
VMNAXLI,1,0.21
VMNAPXI,1,0.21
VMNAPLX,1,0.21
XSTAKSI,1,0.21
CXTAKSI,1,0.21
CSXAKSI,1,0.21
CSTXKSI,1,0.21
CSTAXSI,1,0.21
CSTAKXI,1,0.21
CSTAKSX,1,0.21
MXDAVDM,1,0.21
MPXAVDM,1,0.21
MPDXVDM,1,0.21
MPDAXDM,1,0.21
MPDAVXM,1,0.21
MPDAVDX,1,0.21
XTTATQR,1,0.21
NXTATQR,1,0.21
NTTXTQR,1,0.21
NTTAXQR,1,0.21
NTTATXR,1,0.21
NTTATQX,1,0.21
XVRAIST,1,0.21
KXRAIST,1,0.21
KVXAIST,1,0.21
KVRXIST,1,0.21
KVRAXST,1,0.21
KVRAIXT,1,0.21
KVRAISX,1,0.21
XEEAKQY,1,0.21
TXEAKQY,1,0.21
TEXAKQY,1,0.21
TEEXKQY,1,0.21
TEEAXQY,1,0.21
TEEAKXY,1,0.21
TEEAKQX,1,0.21
XQQAFMA,1,0.21
VXQAFMA,1,0.21
VQXAFMA,1,0.21
VQQXFMA,1,0.21
VQQAXMA,1,0.21
VQQAFXA,1,0.21
VQQAFMX,1,0.21
XFMAMAA,1,0.21
AXMAMAA,1,0.21
AFXAMAA,1,0.21
AFMXMAA,1,0.21
AFMAXAA,1,0.21
AFMAMXA,1,0.21
AFMAMAX,1,0.21
XAMAASI,1,0.21
MXMAASI,1,0.21
MAXAASI,1,0.21
MAMXASI,1,0.21
MAMAXSI,1,0.21
MAMAAXI,1,0.21
MAMAASX,1,0.21
XKNASNV,1,0.21
AXNASNV,1,0.21
AKNXSNV,1,0.21
AKNASXV,1,0.21
AKNASNX,1,0.21
XKNAANV,1,0.21
AXNAANV,1,0.21
AKNXANV,1,0.21
AKNAAXV,1,0.21
AKNAANX,1,0.21
XNAANVE,1,0.21
KNXANVE,1,0.21
KNAAXVE,1,0.21
KNAANXE,1,0.21
KNAANVX,1,0.21
YFXASAK,1,0.21
YFEXSAK,1,0.21
YFEAXAK,1,0.21
YFEASXK,1,0.21
YFEASAX,1,0.21
VXDAVDM,1,0.21
VPXAVDM,1,0.21
VPDXVDM,1,0.21
VPDAXDM,1,0.21
VPDAVXM,1,0.21
VPDAVDX,1,0.21
XTSATQR,1,0.21
NXSATQR,1,0.21
NTSXTQR,1,0.21
NTSAXQR,1,0.21
NTSATXR,1,0.21
NTSATQX,1,0.21
XTVAGKK,1,0.21
QXVAGKK,1,0.21
QTXAGKK,1,0.21
QTVXGKK,1,0.21
QTVAXKK,1,0.21
QTVAGXK,1,0.21
QTVAGKX,1,0.21
XVSAGLG,1,0.21
DXSAGLG,1,0.21
DVXAGLG,1,0.21
DVSXGLG,1,0.21
DVSAXLG,1,0.21
DVSAGXG,1,0.21
DVSAGLX,1,0.21
XVTAKDR,1,0.21
EXTAKDR,1,0.21
EVXAKDR,1,0.21
EVTXKDR,1,0.21
EVTAXDR,1,0.21
EVTAKXR,1,0.21
EVTAKDX,1,0.21
XDRANIW,1,0.21
MXRANIW,1,0.21
MDXANIW,1,0.21
MDRXNIW,1,0.21
MDRAXIW,1,0.21
MDRANXW,1,0.21
MDRANIX,1,0.21
XGSANWN,1,0.21
HXSANWN,1,0.21
HGXANWN,1,0.21
HGSXNWN,1,0.21
HGSAXWN,1,0.21
HGSANXN,1,0.21
HGSANWX,1,0.21
XMKASLV,1,0.21
AXKASLV,1,0.21
AMXASLV,1,0.21
AMKXSLV,1,0.21
AMKAXLV,1,0.21
AMKASXV,1,0.21
AMKASLX,1,0.21
XTSAMDA,1,0.21
EXSAMDA,1,0.21
ETXAMDA,1,0.21
ETSXMDA,1,0.21
ETSAMDX,1,0.21
XMDASNV,1,0.21
AXDASNV,1,0.21
AMXASNV,1,0.21
AMDXSNV,1,0.21
AMDAXNV,1,0.21
AMDASXV,1,0.21
AMDASNX,1,0.21
XTKAGYN,1,0.21
STXAGYN,1,0.21
STKXGYN,1,0.21
STKAXYN,1,0.21
STKAGXN,1,0.21
STKAGYX,1,0.21
HXEASAK,1,0.21
HFXASAK,1,0.21
HFEXSAK,1,0.21
HFEAXAK,1,0.21
HFEASXK,1,0.21
HFEASAX,1,0.21
XKTAENV,1,0.21
AXTAENV,1,0.21
AKXAENV,1,0.21
AKTXENV,1,0.21
AKTAEXV,1,0.21
AKTAENX,1,0.21
LXSAKNA,1,0.21
LTXAKNA,1,0.21
LTSXKNA,1,0.21
LTSAXNA,1,0.21
LTSAKXA,1,0.21
LTSAKNX,1,0.21
XKNAINV,1,0.21
AXNAINV,1,0.21
AKNAIXV,1,0.21
XTSARAN,1,0.21
EXSARAN,1,0.21
ETXARAN,1,0.21
ETSXRAN,1,0.21
ETSARXN,1,0.21
ETSARAX,1,0.21
XARANLA,1,0.21
SXRANLA,1,0.21
SAXANLA,1,0.21
SARXNLA,1,0.21
SARAXLA,1,0.21
SARANXA,1,0.21
SARANLX,1,0.21
XNLAVGQ,1,0.21
AXLAVGQ,1,0.21
ANXAVGQ,1,0.21
ANLXVGQ,1,0.21
ANLAXGQ,1,0.21
ANLAVXQ,1,0.21
ANLAVGX,1,0.21
AXSAKTG,1,0.21
AVXAKTG,1,0.21
AVSXKTG,1,0.21
AVSAXTG,1,0.21
AVSAKXG,1,0.21
AVSAKTX,1,0.21
XVSANPP,1,0.21
DXSANPP,1,0.21
DVXANPP,1,0.21
DVSXNPP,1,0.21
DVSAXPP,1,0.21
DVSANXP,1,0.21
DVSANPX,1,0.21
XPGTARR,1,0.21
QXGTARR,1,0.21
QPXTARR,1,0.21
QPGTXRR,1,0.21
QPGTAXR,1,0.21
QPGTARX,1,0.21
XAKTAIN,1,0.21
SXKTAIN,1,0.21
SAXTAIN,1,0.21
SAKTXIN,1,0.21
SAKTAIX,1,0.21
XNVSEVF,1,0.21
LXVSEVF,1,0.21
LNXSEVF,1,0.21
LNVXEVF,1,0.21
LNVSXVF,1,0.21
LNVSEXF,1,0.21
LNVSEVX,1,0.21
XQVSEVF,1,0.21
HXVSEVF,1,0.21
HQXSEVF,1,0.21
HQVXEVF,1,0.21
HQVSXVF,1,0.21
HQVSEXF,1,0.21
HQVSEVX,1,0.21
XETSSRT,1,0.21
FXTSSRT,1,0.21
FEXSSRT,1,0.21
FETXSRT,1,0.21
FETSXRT,1,0.21
FETSSRX,1,0.21
XTSSRTG,1,0.21
EXSSRTG,1,0.21
ETXSRTG,1,0.21
ETSSRXG,1,0.21
ETSSRTX,1,0.21
XKTSQNV,1,0.21
AXTSQNV,1,0.21
AKXSQNV,1,0.21
AKTSQXV,1,0.21
AKTSQNX,1,0.21
XAKSGLN,1,0.21
SXKSGLN,1,0.21
SAXSGLN,1,0.21
SAKXGLN,1,0.21
SAKSXLN,1,0.21
SAKSGXN,1,0.21
SAKSGLX,1,0.21
XAMEATN,1,0.21
SXMEATN,1,0.21
SAMXATN,1,0.21
SAMEXTN,1,0.21
XYVFASS,1,0.21
DXVFASS,1,0.21
DYXFASS,1,0.21
DYVXASS,1,0.21
DYVFXSS,1,0.21
DYVFAXS,1,0.21
DYVFASX,1,0.21
XFASSFE,1,0.21
VXASSFE,1,0.21
VFXSSFE,1,0.21
VFAXSFE,1,0.21
VFASXFE,1,0.21
VFASSXE,1,0.21
VFASSFX,1,0.21
XASSFES,1,0.21
FXSSFES,1,0.21
FAXSFES,1,0.21
FASXFES,1,0.21
FASSXES,1,0.21
FASSFXS,1,0.21
FASSFEX,1,0.21
XFESDTV,1,0.21
SXESDTV,1,0.21
SFXSDTV,1,0.21
SFEXDTV,1,0.21
SFESXTV,1,0.21
SFESDXV,1,0.21
SFESDTX,1,0.21
XPDSRRN,1,0.21
NXDSRRN,1,0.21
NPXSRRN,1,0.21
NPDXRRN,1,0.21
NPDSXRN,1,0.21
NPDSRXN,1,0.21
NPDSRRX,1,0.21
XKNSVNV,1,0.21
AXNSVNV,1,0.21
AKNXVNV,1,0.21
AKNSVXV,1,0.21
AKNSVNX,1,0.21
XLESMNV,1,0.21
AXESMNV,1,0.21
ALXSMNV,1,0.21
ALEXMNV,1,0.21
ALESMXV,1,0.21
ALESMNX,1,0.21
XAKLASE,1,0.21
SXKLASE,1,0.21
SAXLASE,1,0.21
SAKXASE,1,0.21
SAKLXSE,1,0.21
SAKLAXE,1,0.21
SAKLASX,1,0.21
XLASEAD,1,0.21
KXASEAD,1,0.21
KLXSEAD,1,0.21
KLAXEAD,1,0.21
KLASXAD,1,0.21
KLASEXD,1,0.21
KLASEAX,1,0.21
XASEADH,1,0.21
LXSEADH,1,0.21
LAXEADH,1,0.21
LASXADH,1,0.21
LASEXDH,1,0.21
LASEAXH,1,0.21
LASEADX,1,0.21
XRRVASA,1,0.21
FXRVASA,1,0.21
FRXVASA,1,0.21
FRRXASA,1,0.21
FRRVXSA,1,0.21
FRRVAXA,1,0.21
FRRVASX,1,0.21
XKQSTNV,1,0.21
AXQSTNV,1,0.21
AKQXTNV,1,0.21
AKQSXNV,1,0.21
AKQSTXV,1,0.21
AKQSTNX,1,0.21
XKFSIPY,1,0.21
LXFSIPY,1,0.21
LKXSIPY,1,0.21
LKFXIPY,1,0.21
LKFSXPY,1,0.21
LKFSIXY,1,0.21
LKFSIPX,1,0.21
XDGNASV,1,0.21
EXGNASV,1,0.21
EDXNASV,1,0.21
EDGXASV,1,0.21
EDGNXSV,1,0.21
EDGNAXV,1,0.21
EDGNASX,1,0.21
XNASVPK,1,0.21
GXASVPK,1,0.21
GNXSVPK,1,0.21
GNAXVPK,1,0.21
GNASXPK,1,0.21
GNASVXK,1,0.21
GNASVPX,1,0.21
XAASGQN,1,0.21
SXASGQN,1,0.21
SAXSGQN,1,0.21
SAAXGQN,1,0.21
SAASXQN,1,0.21
SAASGXN,1,0.21
SAASGQX,1,0.21
XFFSEVS,1,0.21
LXFSEVS,1,0.21
LFXSEVS,1,0.21
LFFXEVS,1,0.21
LFFSXVS,1,0.21
LFFSEXS,1,0.21
LFFSEVX,1,0.21
XALSGGN,1,0.21
SXLSGGN,1,0.21
SAXSGGN,1,0.21
SALXGGN,1,0.21
SALSXGN,1,0.21
SALSGXN,1,0.21
SALSGGX,1,0.21
XQERAVK,1,0.21
AXERAVK,1,0.21
AQXRAVK,1,0.21
AQEXAVK,1,0.21
AQERXVK,1,0.21
AQERAXK,1,0.21
AQERAVX,1,0.21
XTGSVPE,1,0.21
DXGSVPE,1,0.21
DTXSVPE,1,0.21
DTGXVPE,1,0.21
DTGSXPE,1,0.21
DTGSVXE,1,0.21
DTGSVPX,1,0.21
XCVSTKV,1,0.21
SXVSTKV,1,0.21
SCXSTKV,1,0.21
SCVXTKV,1,0.21
SCVSXKV,1,0.21
SCVSTXV,1,0.21
SCVSTKX,1,0.21
XALEAIN,1,0.21
SXLEAIN,1,0.21
SALXAIN,1,0.21
SALEXIN,1,0.21
SALEAIX,1,0.21
XAKQAIN,1,0.21
SXKQAIN,1,0.21
SAXQAIN,1,0.21
SAKQXIN,1,0.21
SAKQAXN,1,0.21
SAKQAIX,1,0.21
XPQSQKS,1,0.21
KXQSQKS,1,0.21
KPXSQKS,1,0.21
KPQXQKS,1,0.21
KPQSXKS,1,0.21
KPQSQXS,1,0.21
KPQSQKX,1,0.21
XYESVES,1,0.21
DXESVES,1,0.21
DYXSVES,1,0.21
DYEXVES,1,0.21
DYESXES,1,0.21
DYESVXS,1,0.21
DYESVEX,1,0.21
XAKSKIG,1,0.21
SXKSKIG,1,0.21
SAXSKIG,1,0.21
SAKXKIG,1,0.21
SAKSXIG,1,0.21
SAKSKXG,1,0.21
SAKSKIX,1,0.21
XIQQAFE,1,0.21
GXQQAFE,1,0.21
GIXQAFE,1,0.21
GIQXAFE,1,0.21
GIQQXFE,1,0.21
GIQQAXE,1,0.21
GIQQAFX,1,0.21
XIPDAVT,1,0.21
GXPDAVT,1,0.21
GIXDAVT,1,0.21
GIPXAVT,1,0.21
GIPDXVT,1,0.21
GIPDAXT,1,0.21
GIPDAVX,1,0.21
XAKTAHN,1,0.21
SXKTAHN,1,0.21
SAKXAHN,1,0.21
SAKTXHN,1,0.21
SAKTAHX,1,0.21
XALNATN,1,0.21
SXLNATN,1,0.21
SALNXTN,1,0.21
SALNAXN,1,0.21
SALNATX,1,0.21
XAKTAAN,1,0.21
SXKTAAN,1,0.21
SAXTAAN,1,0.21
SAKTXAN,1,0.21
SAKTAAX,1,0.21
XIEDAAH,1,0.21
MXEDAAH,1,0.21
MIXDAAH,1,0.21
MIEXAAH,1,0.21
MIEDXAH,1,0.21
MIEDAXH,1,0.21
MIEDAAX,1,0.21
XNISHAI,1,0.21
TXISHAI,1,0.21
TNXSHAI,1,0.21
TNIXHAI,1,0.21
TNISHXI,1,0.21
TNISHAX,1,0.21
XSAKAKI,1,0.21
TXAKAKI,1,0.21
TSXKAKI,1,0.21
TSAXAKI,1,0.21
TSAKXKI,1,0.21
TSAKAKX,1,0.21
XDNSQSP,1,0.21
KXNSQSP,1,0.21
KDNXQSP,1,0.21
KDNSXSP,1,0.21
KDNSQXP,1,0.21
KDNSQSX,1,0.21
NXQSPSQ,1,0.21
NSXSPSQ,1,0.21
NSQXPSQ,1,0.21
NSQSXSQ,1,0.21
NSQSPXQ,1,0.21
NSQSPSX,1,0.21
XSPSQMD,1,0.21
QSXSQMD,1,0.21
QSPXQMD,1,0.21
QSPSXMD,1,0.21
QSPSQMX,1,0.21
XIDEATR,1,0.21
NXDEATR,1,0.21
NIXEATR,1,0.21
NIDXATR,1,0.21
NIDEXTR,1,0.21
NIDEATX,1,0.21
XKQSINI,1,0.21
AXQSINI,1,0.21
AKQSXNI,1,0.21
AKQSIXI,1,0.21
AKQSINX,1,0.21
XNAPAST,1,0.21
SXAPAST,1,0.21
SNXPAST,1,0.21
SNAXAST,1,0.21
SNAPXST,1,0.21
SNAPAXT,1,0.21
SNAPASX,1,0.21
XPASTVS,1,0.21
AXASTVS,1,0.21
APXSTVS,1,0.21
APAXTVS,1,0.21
APASXVS,1,0.21
APASTXS,1,0.21
APASTVX,1,0.21
XTVSLNT,1,0.21
SXVSLNT,1,0.21
STXSLNT,1,0.21
STVXLNT,1,0.21
STVSXNT,1,0.21
STVSLXT,1,0.21
STVSLNX,1,0.21
XLNTASK,1,0.21
SXNTASK,1,0.21
SLXTASK,1,0.21
SLNXASK,1,0.21
SLNTXSK,1,0.21
SLNTAXK,1,0.21
SLNTASX,1,0.21
XAKTADN,1,0.21
SXKTADN,1,0.21
SAXTADN,1,0.21
SAKXADN,1,0.21
SAKTXDN,1,0.21
SAKTADX,1,0.21
XQVSEIF,1,0.21
YXVSEIF,1,0.21
YQXSEIF,1,0.21
YQVXEIF,1,0.21
YQVSXIF,1,0.21
YQVSEXF,1,0.21
YQVSEIX,1,0.21
XAKTALN,1,0.21
SXKTALN,1,0.21
SAXTALN,1,0.21
SAKXALN,1,0.21
SAKTXLN,1,0.21
SAKTALX,1,0.21
XNVSLAI,1,0.21
TXVSLAI,1,0.21
TNXSLAI,1,0.21
TNVXLAI,1,0.21
TNVSXAI,1,0.21
TNVSLXI,1,0.21
TNVSLAX,1,0.21
XARTAQN,1,0.21
SXRTAQN,1,0.21
SARXAQN,1,0.21
SARTXQN,1,0.21
SARTAQX,1,0.21
XSAKADS,1,0.21
TXAKADS,1,0.21
TSXKADS,1,0.21
TSAXADS,1,0.21
TSAKXDS,1,0.21
TSAKAXS,1,0.21
TSAKADX,1,0.21
XADSEMG,1,0.21
KXDSEMG,1,0.21
KAXSEMG,1,0.21
KADXEMG,1,0.21
KADSXMG,1,0.21
KADSEXG,1,0.21
KADSEMX,1,0.21
XIDSIKL,1,0.21
LIXSIKL,1,0.21
LIDXIKL,1,0.21
LIDSXKL,1,0.21
LIDSIXL,1,0.21
LIDSIKX,1,0.21
XKLSPGQ,1,0.21
IXLSPGQ,1,0.21
IKXSPGQ,1,0.21
IKLXPGQ,1,0.21
IKLSXGQ,1,0.21
IKLSPGX,1,0.21
XAMEATK,1,0.21
SXMEATK,1,0.21
SAXEATK,1,0.21
SAMXATK,1,0.21
SAMEXTK,1,0.21
SAMEAXK,1,0.21
XETSSKH,1,0.21
IXTSSKH,1,0.21
IEXSSKH,1,0.21
IETXSKH,1,0.21
IETSXKH,1,0.21
IETSSXH,1,0.21
IETSSKX,1,0.21
XTSSKHS,1,0.21
EXSSKHS,1,0.21
ETXSKHS,1,0.21
ETSXKHS,1,0.21
ETSSXHS,1,0.21
ETSSKHX,1,0.21
XKHSSNV,1,0.21
SXHSSNV,1,0.21
SKXSSNV,1,0.21
SKHXSNV,1,0.21
SKHSXNV,1,0.21
SKHSSXV,1,0.21
SKHSSNX,1,0.21
XHSSNVE,1,0.21
KHXSNVE,1,0.21
KHSXNVE,1,0.21
KHSSXVE,1,0.21
KHSSNXE,1,0.21
KHSSNVX,1,0.21
XKESTAI,1,0.21
AXESTAI,1,0.21
AKXSTAI,1,0.21
AKEXTAI,1,0.21
AKESXAI,1,0.21
AKESTXI,1,0.21
AKESTAX,1,0.21
XESTAID,1,0.21
KXSTAID,1,0.21
KEXTAID,1,0.21
KESXAID,1,0.21
KESTXID,1,0.21
KESTAXD,1,0.21
KESTAIX,1,0.21
XKSSINI,1,0.21
AXSSINI,1,0.21
AKSXINI,1,0.21
AKSSXNI,1,0.21
AKSSIXI,1,0.21
XLESLNV,1,0.21
AXESLNV,1,0.21
ALXSLNV,1,0.21
ALESLXV,1,0.21
ALESLNX,1,0.21
XAFNATN,1,0.21
SXFNATN,1,0.21
SAFXATN,1,0.21
SAFNXTN,1,0.21
SAFNAXN,1,0.21
SAFNATX,1,0.21
XETSSKN,1,0.21
FXTSSKN,1,0.21
FEXSSKN,1,0.21
FETXSKN,1,0.21
FETSSXN,1,0.21
XTSSKNS,1,0.21
EXSSKNS,1,0.21
ETXSKNS,1,0.21
ETSSXNS,1,0.21
ETSSKNX,1,0.21
SXNSINV,1,0.21
SKXSINV,1,0.21
SKNXINV,1,0.21
SKNSXNV,1,0.21
SKNSIXV,1,0.21
SKNSINX,1,0.21
XGNEAVS,1,0.21
QXNEAVS,1,0.21
QGXEAVS,1,0.21
QGNXAVS,1,0.21
QGNEXVS,1,0.21
QGNEAXS,1,0.21
QGNEAVX,1,0.21
XAVSWTK,1,0.21
EXVSWTK,1,0.21
EAXSWTK,1,0.21
EAVXWTK,1,0.21
EAVSXTK,1,0.21
EAVSWXK,1,0.21
EAVSWTX,1,0.21
XSASNDT,1,0.21
TXASNDT,1,0.21
TSXSNDT,1,0.21
TSAXNDT,1,0.21
TSASXDT,1,0.21
TSASNXT,1,0.21
TSASNDX,1,0.21
XKESLGV,1,0.21
AXESLGV,1,0.21
AKXSLGV,1,0.21
AKEXLGV,1,0.21
AKESXGV,1,0.21
AKESLXV,1,0.21
AKESLGX,1,0.21
XEQSTGF,1,0.21
QXQSTGF,1,0.21
QEXSTGF,1,0.21
QEQXTGF,1,0.21
QEQSXGF,1,0.21
QEQSTXF,1,0.21
QEQSTGX,1,0.21
XKLSDQS,1,0.21
FXLSDQS,1,0.21
FKXSDQS,1,0.21
FKLXDQS,1,0.21
FKLSXQS,1,0.21
FKLSDXS,1,0.21
FKLSDQX,1,0.21
XDQSQST,1,0.21
SXQSQST,1,0.21
SDXSQST,1,0.21
SDQXQST,1,0.21
SDQSXST,1,0.21
SDQSQXT,1,0.21
SDQSQSX,1,0.21
XSQSTET,1,0.21
QXQSTET,1,0.21
QSXSTET,1,0.21
QSQXTET,1,0.21
QSQSXET,1,0.21
QSQSTXT,1,0.21
QSQSTEX,1,0.21
XLNSTNV,1,0.21
AXNSTNV,1,0.21
ALNSTXV,1,0.21
ALNSTNX,1,0.21
XKDSGQN,1,0.21
KXDSGQN,1,0.21
KKXSGQN,1,0.21
KKDXGQN,1,0.21
KKDSXQN,1,0.21
KKDSGXN,1,0.21
KKDSGQX,1,0.21
XNPSQMD,1,0.21
QNXSQMD,1,0.21
QNPXQMD,1,0.21
QNPSXMD,1,0.21
QNPSQXD,1,0.21
QNPSQMX,1,0.21
XIDEAAR,1,0.21
NXDEAAR,1,0.21
NIDXAAR,1,0.21
NIDEXAR,1,0.21
NIDEAAX,1,0.21
LXSSNVE,1,0.21
LDXSNVE,1,0.21
LDSXNVE,1,0.21
LDSSXVE,1,0.21
LDSSNXE,1,0.21
XPTSTVN,1,0.21
AXTSTVN,1,0.21
APXSTVN,1,0.21
APTXTVN,1,0.21
APTSXVN,1,0.21
APTSTXN,1,0.21
APTSTVX,1,0.21
XNLSNAS,1,0.21
VXLSNAS,1,0.21
VNXSNAS,1,0.21
VNLXNAS,1,0.21
VNLSXAS,1,0.21
VNLSNXS,1,0.21
VNLSNAX,1,0.21
XLSNASK,1,0.21
NXSNASK,1,0.21
NLXNASK,1,0.21
NLSXASK,1,0.21
NLSNXSK,1,0.21
NLSNAXK,1,0.21
NLSNASX,1,0.21
XKDSINV,1,0.21
AXDSINV,1,0.21
AKDXINV,1,0.21
AKDSIXV,1,0.21
IXVKAVF,1,0.21
INXKAVF,1,0.21
INVXAVF,1,0.21
INVKXVF,1,0.21
INVKAXF,1,0.21
INVKAVX,1,0.21
XTDSIKL,1,0.21
LTDXIKL,1,0.21
LTDSXKL,1,0.21
LTDSIXL,1,0.21
LTDSIKX,1,0.21
XKLSPED,1,0.21
IXLSPED,1,0.21
IKXSPED,1,0.21
IKLXPED,1,0.21
IKLSXED,1,0.21
IKLSPXD,1,0.21
IKLSPEX,1,0.21
RXYGALF,1,0.21
RTXGALF,1,0.21
RTYXALF,1,0.21
RTYGXLF,1,0.21
RTYGAXF,1,0.21
RTYGALX,1,0.21
XPVSISS,1,0.21
PXVSISS,1,0.21
PPXSISS,1,0.21
PPVXISS,1,0.21
PPVSXSS,1,0.21
PPVSIXS,1,0.21
PPVSISX,1,0.21
XSISSKL,1,0.21
VXISSKL,1,0.21
VSXSSKL,1,0.21
VSIXSKL,1,0.21
VSISXKL,1,0.21
VSISSXL,1,0.21
VSISSKX,1,0.21
XISSKLG,1,0.21
SXSSKLG,1,0.21
SIXSKLG,1,0.21
SISXKLG,1,0.21
SISSXLG,1,0.21
SISSKXG,1,0.21
SISSKLX,1,0.21
XAKTAVN,1,0.21
SXKTAVN,1,0.21
SAXTAVN,1,0.21
SAKXAVN,1,0.21
SAKTXVN,1,0.21
SAKTAVX,1,0.21
XNVNAIF,1,0.21
VXVNAIF,1,0.21
VNXNAIF,1,0.21
VNVXAIF,1,0.21
VNVNXIF,1,0.21
VNVNAXF,1,0.21
VNVNAIX,1,0.21
XAMEAVN,1,0.21
SXMEAVN,1,0.21
SAMXAVN,1,0.21
SAMEXVN,1,0.21
SAMEAVX,1,0.21
XDSSNVA,1,0.21
LXSSNVA,1,0.21
LDXSNVA,1,0.21
LDSXNVA,1,0.21
LDSSXVA,1,0.21
LDSSNXA,1,0.21
XSNVAAA,1,0.21
SSXVAAA,1,0.21
SSNXAAA,1,0.21
SSNVXAA,1,0.21
SSNVAXA,1,0.21
SSNVAAX,1,0.21
VXVKAVF,1,0.21
VNXKAVF,1,0.21
VNVXAVF,1,0.21
VNVKXVF,1,0.21
VNVKAXF,1,0.21
VNVKAVX,1,0.21
XYWSVSS,1,0.21
EXWSVSS,1,0.21
EYXSVSS,1,0.21
EYWSXSS,1,0.21
EYWSVXS,1,0.21
XSVSSLT,1,0.21
WSXSSLT,1,0.21
WSVXSLT,1,0.21
WSVSXLT,1,0.21
WSVSSXT,1,0.21
WSVSSLX,1,0.21
SXSSLTG,1,0.21
SVXSLTG,1,0.21
SVSXLTG,1,0.21
SVSSXTG,1,0.21
SVSSLXG,1,0.21
SVSSLTX,1,0.21
AXNSINV,1,0.21
AKNSIXV,1,0.21
AKNSINX,1,0.21
XHYSTSA,1,0.21
IXYSTSA,1,0.21
IHXSTSA,1,0.21
IHYXTSA,1,0.21
IHYSXSA,1,0.21
IHYSTXA,1,0.21
IHYSTSX,1,0.21
XNRSERI,1,0.21
TXRSERI,1,0.21
TNXSERI,1,0.21
TNRXERI,1,0.21
TNRSXRI,1,0.21
TNRSEXI,1,0.21
TNRSERX,1,0.21
XKQSKGV,1,0.21
AXQSKGV,1,0.21
AKXSKGV,1,0.21
AKQXKGV,1,0.21
AKQSXGV,1,0.21
AKQSKXV,1,0.21
AKQSKGX,1,0.21
XKGVAEL,1,0.21
SXGVAEL,1,0.21
SKXVAEL,1,0.21
SKGXAEL,1,0.21
SKGVXEL,1,0.21
SKGVAXL,1,0.21
SKGVAEX,1,0.21
XVESSAK,1,0.21
FVXSSAK,1,0.21
FVEXSAK,1,0.21
FVESXAK,1,0.21
FVESSXK,1,0.21
FVESSAX,1,0.21
XKDSSQS,1,0.21
NXDSSQS,1,0.21
NKXSSQS,1,0.21
NKDXSQS,1,0.21
NKDSXQS,1,0.21
NKDSSXS,1,0.21
NKDSSQX,1,0.21
XDSSQSP,1,0.21
KXSSQSP,1,0.21
KDSXQSP,1,0.21
KDSSXSP,1,0.21
KDSSQXP,1,0.21
KDSSQSX,1,0.21
SXQSPSQ,1,0.21
SSXSPSQ,1,0.21
SSQXPSQ,1,0.21
SSQSXSQ,1,0.21
SSQSPXQ,1,0.21
SSQSPSX,1,0.21
XSPSQVD,1,0.21
QXPSQVD,1,0.21
QSXSQVD,1,0.21
QSPXQVD,1,0.21
QSPSXVD,1,0.21
QSPSQVX,1,0.21
XIEEAAR,1,0.21
NXEEAAR,1,0.21
NIEXAAR,1,0.21
NIEEXAR,1,0.21
NIEEAXR,1,0.21
NIEEAAX,1,0.21
LXCEASA,1,0.21
LFCXASA,1,0.21
LFCEXSA,1,0.21
LFCEAXA,1,0.21
LFCEASX,1,0.21
XIPSIHN,1,0.21
SXPSIHN,1,0.21
SIXSIHN,1,0.21
SIPXIHN,1,0.21
SIPSXHN,1,0.21
SIPSIXN,1,0.21
SIPSIHX,1,0.21
XNVSVKE,1,0.21
HXVSVKE,1,0.21
HNXSVKE,1,0.21
HNVXVKE,1,0.21
HNVSXKE,1,0.21
HNVSVXE,1,0.21
HNVSVKX,1,0.21
XAKTACN,1,0.21
SXKTACN,1,0.21
SAXTACN,1,0.21
SAKXACN,1,0.21
SAKTXCN,1,0.21
SAKTACX,1,0.21
PXMEASA,1,0.21
PFXEASA,1,0.21
PFMXASA,1,0.21
PFMEXSA,1,0.21
PFMEAXA,1,0.21
PFMEASX,1,0.21
XETSVKN,1,0.21
VXTSVKN,1,0.21
VEXSVKN,1,0.21
VETXVKN,1,0.21
VETSVXN,1,0.21
VETSVKX,1,0.21
XTESIKL,1,0.21
LXESIKL,1,0.21
LTEXIKL,1,0.21
LTESXKL,1,0.21
LTESIXL,1,0.21
LTESIKX,1,0.21
XKLSPDQ,1,0.21
IXLSPDQ,1,0.21
IKXSPDQ,1,0.21
IKLXPDQ,1,0.21
IKLSXDQ,1,0.21
IKLSPDX,1,0.21
XGLSSTA,1,0.21
DXLSSTA,1,0.21
DGXSSTA,1,0.21
DGLXSTA,1,0.21
DGLSSXA,1,0.21
DGLSSTX,1,0.21
XLSSTAE,1,0.21
GXSSTAE,1,0.21
GLXSTAE,1,0.21
GLSXTAE,1,0.21
GLSSXAE,1,0.21
GLSSTXE,1,0.21
GLSSTAX,1,0.21
XSSTAEE,1,0.21
LXSTAEE,1,0.21
LSSXAEE,1,0.21
LSSTXEE,1,0.21
LSSTAXE,1,0.21
LSSTAEX,1,0.21
XKCMAPG,1,0.21
DXCMAPG,1,0.21
DKXMAPG,1,0.21
DKCXAPG,1,0.21
DKCMXPG,1,0.21
DKCMAXG,1,0.21
DKCMAPX,1,0.21
XDESEGR,1,0.21
VXESEGR,1,0.21
VDXSEGR,1,0.21
VDEXEGR,1,0.21
VDESXGR,1,0.21
VDESEXR,1,0.21
VDESEGX,1,0.21
XRLWAES,1,0.21
GXLWAES,1,0.21
GRXWAES,1,0.21
GRLXAES,1,0.21
GRLWXES,1,0.21
GRLWAXS,1,0.21
GRLWAEX,1,0.21
XDDSCCH,1,0.21
QXDSCCH,1,0.21
QDXSCCH,1,0.21
QDDXCCH,1,0.21
QDDSXCH,1,0.21
QDDSCXH,1,0.21
QDDSCCX,1,0.21
XHNSQRQ,1,0.21
KXNSQRQ,1,0.21
KHXSQRQ,1,0.21
KHNXQRQ,1,0.21
KHNSXRQ,1,0.21
KHNSQXQ,1,0.21
KHNSQRX,1,0.21
XRQSVVY,1,0.21
QXQSVVY,1,0.21
QRXSVVY,1,0.21
QRQXVVY,1,0.21
QRQSXVY,1,0.21
QRQSVXY,1,0.21
QRQSVVX,1,0.21
XIESSAK,1,0.21
FIXSSAK,1,0.21
FIESXAK,1,0.21
FIESSXK,1,0.21
FIESSAX,1,0.21
XPNSGKD,1,0.21
GXNSGKD,1,0.21
GPXSGKD,1,0.21
GPNXGKD,1,0.21
GPNSXKD,1,0.21
GPNSGXD,1,0.21
GPNSGKX,1,0.21
XNISINA,1,0.21
GXISINA,1,0.21
GNXSINA,1,0.21
GNIXINA,1,0.21
GNISXNA,1,0.21
GNISIXA,1,0.21
GNISINX,1,0.21
XFLEASS,1,0.21
PXLEASS,1,0.21
PFXEASS,1,0.21
PFLXASS,1,0.21
PFLEXSS,1,0.21
PFLEAXS,1,0.21
PFLEASX,1,0.21
XEASSKT,1,0.21
LXASSKT,1,0.21
LEXSSKT,1,0.21
LEAXSKT,1,0.21
LEASSXT,1,0.21
LEASSKX,1,0.21
XASSKTN,1,0.21
EXSSKTN,1,0.21
EAXSKTN,1,0.21
EASSXTN,1,0.21
EASSKXN,1,0.21
EASSKTX,1,0.21
XSAKAGH,1,0.21
TXAKAGH,1,0.21
TSXKAGH,1,0.21
TSAXAGH,1,0.21
TSAKXGH,1,0.21
TSAKAXH,1,0.21
XVMNAPL,1,0.21
QXMNAPL,1,0.21
QVXNAPL,1,0.21
QVMXAPL,1,0.21
QVMNXPL,1,0.21
QVMNAXL,1,0.21
QVMNAPX,1,0.21
XFCSTAK,1,0.21
IXCSTAK,1,0.21
IFXSTAK,1,0.21
IFCXTAK,1,0.21
IFCSXAK,1,0.21
IFCSTXK,1,0.21
IFCSTAX,1,0.21
XCSTAKS,1,0.21
FXSTAKS,1,0.21
FCXTAKS,1,0.21
FCSXAKS,1,0.21
FCSTXKS,1,0.21
FCSTAXS,1,0.21
FCSTAKX,1,0.21
EXYEAPF,1,0.21
ENYXAPF,1,0.21
ENYEXPF,1,0.21
ENYEAXF,1,0.21
ENYEAPX,1,0.21
XNFEAPF,1,0.21
EXFEAPF,1,0.21
ENFXAPF,1,0.21
ENFEXPF,1,0.21
ENFEAXF,1,0.21
ENFEAPX,1,0.21
DXYEAPF,1,0.21
DNXEAPF,1,0.21
DNYXAPF,1,0.21
DNYEXPF,1,0.21
DNYEAXF,1,0.21
DNYEAPX,1,0.21
XMPDAVD,1,0.21
FMXDAVD,1,0.21
FMPXAVD,1,0.21
FMPDXVD,1,0.21
FMPDAXD,1,0.21
FMPDAVX,1,0.21
XNTTATQ,1,0.21
MXTTATQ,1,0.21
MNXTATQ,1,0.21
MNTTXTQ,1,0.21
MNTTAXQ,1,0.21
MNTTATX,1,0.21
XKVRAIS,1,0.21
QXVRAIS,1,0.21
QKXRAIS,1,0.21
QKVXAIS,1,0.21
QKVRXIS,1,0.21
QKVRAXS,1,0.21
QKVRAIX,1,0.21
XAISTEE,1,0.21
RXISTEE,1,0.21
RAXSTEE,1,0.21
RAIXTEE,1,0.21
RAISXEE,1,0.21
RAISTXE,1,0.21
RAISTEX,1,0.21
XTEEAKQ,1,0.21
SXEEAKQ,1,0.21
STXEAKQ,1,0.21
STEXAKQ,1,0.21
STEEXKQ,1,0.21
STEEAXQ,1,0.21
STEEAKX,1,0.21
XKQYAQE,1,0.21
AXQYAQE,1,0.21
AKXYAQE,1,0.21
AKQXAQE,1,0.21
AKQYXQE,1,0.21
AKQYAXE,1,0.21
AKQYAQX,1,0.21
XKESINV,1,0.21
AXESINV,1,0.21
AKESIXV,1,0.21
AKESINX,1,0.21
XVQQAFM,1,0.21
NXQQAFM,1,0.21
NVXQAFM,1,0.21
NVQXAFM,1,0.21
NVQQXFM,1,0.21
NVQQAXM,1,0.21
NVQQAFX,1,0.21
XAFMAMA,1,0.21
QXFMAMA,1,0.21
QAXMAMA,1,0.21
QAFXAMA,1,0.21
QAFMXMA,1,0.21
QAFMAXA,1,0.21
QAFMAMX,1,0.21
XMAMAAS,1,0.21
FXAMAAS,1,0.21
FMXMAAS,1,0.21
FMAXAAS,1,0.21
FMAMXAS,1,0.21
FMAMAXS,1,0.21
FMAMAAX,1,0.21
XAKNASN,1,0.21
SXKNASN,1,0.21
SAXNASN,1,0.21
SAKNXSN,1,0.21
SAKNASX,1,0.21
XNASNVE,1,0.21
KNXSNVE,1,0.21
KNASXVE,1,0.21
KNASNXE,1,0.21
KNASNVX,1,0.21
XAKNAAN,1,0.21
SXKNAAN,1,0.21
SAXNAAN,1,0.21
SAKNXAN,1,0.21
SAKNAAX,1,0.21
XYFEASA,1,0.21
LXFEASA,1,0.21
LYXEASA,1,0.21
LYFXASA,1,0.21
LYFEXSA,1,0.21
LYFEAXA,1,0.21
LYFEASX,1,0.21
XVPDAVD,1,0.21
FVXDAVD,1,0.21
FVPXAVD,1,0.21
FVPDXVD,1,0.21
FVPDAXD,1,0.21
FVPDAVX,1,0.21
XQTVAGK,1,0.21
PXTVAGK,1,0.21
PQXVAGK,1,0.21
PQTXAGK,1,0.21
PQTVXGK,1,0.21
PQTVAXK,1,0.21
PQTVAGX,1,0.21
XWASINL,1,0.21
EXASINL,1,0.21
EWXSINL,1,0.21
EWAXINL,1,0.21
EWASXNL,1,0.21
EWASIXL,1,0.21
EWASINX,1,0.21
XEVTAKD,1,0.21
FXVTAKD,1,0.21
FEXTAKD,1,0.21
FEVTXKD,1,0.21
FEVTAXD,1,0.21
FEVTAKX,1,0.21
XRQSLVD,1,0.21
DXQSLVD,1,0.21
DRXSLVD,1,0.21
DRQXLVD,1,0.21
DRQSXVD,1,0.21
DRQSLXD,1,0.21
DRQSLVX,1,0.21
XMDRANI,1,0.21
VXDRANI,1,0.21
VMXRANI,1,0.21
VMDXANI,1,0.21
VMDRXNI,1,0.21
VMDRAXI,1,0.21
VMDRANX,1,0.21
XDRSTLI,1,0.21
TXRSTLI,1,0.21
TDXSTLI,1,0.21
TDRXTLI,1,0.21
TDRSXLI,1,0.21
TDRSTXI,1,0.21
TDRSTLX,1,0.21
XEISVTD,1,0.21
WXISVTD,1,0.21
WEXSVTD,1,0.21
WEIXVTD,1,0.21
WEISXTD,1,0.21
WEISVXD,1,0.21
WEISVTX,1,0.21
XRRSLLE,1,0.21
DXRSLLE,1,0.21
DRXSLLE,1,0.21
DRRXLLE,1,0.21
DRRSXLE,1,0.21
DRRSLXE,1,0.21
DRRSLLX,1,0.21
XAMKASL,1,0.21
KXMKASL,1,0.21
KAXKASL,1,0.21
KAMXASL,1,0.21
KAMKXSL,1,0.21
KAMKAXL,1,0.21
KAMKASX,1,0.21
XKASLVF,1,0.21
MXASLVF,1,0.21
MKXSLVF,1,0.21
MKAXLVF,1,0.21
MKASXVF,1,0.21
MKASLXF,1,0.21
MKASLVX,1,0.21
XFCSTSH,1,0.21
VXCSTSH,1,0.21
VFXSTSH,1,0.21
VFCXTSH,1,0.21
VFCSXSH,1,0.21
VFCSTXH,1,0.21
VFCSTSX,1,0.21
XSTSHSI,1,0.21
CXTSHSI,1,0.21
CSXSHSI,1,0.21
CSTXHSI,1,0.21
CSTSXSI,1,0.21
CSTSHXI,1,0.21
CSTSHSX,1,0.21
XAMDASN,1,0.21
SXMDASN,1,0.21
SAXDASN,1,0.21
SAMXASN,1,0.21
SAMDXSN,1,0.21
SAMDAXN,1,0.21
SAMDASX,1,0.21
XDASNVE,1,0.21
MXASNVE,1,0.21
MDXSNVE,1,0.21
MDAXNVE,1,0.21
MDASXVE,1,0.21
MDASNXE,1,0.21
MDASNVX,1,0.21
XLNSDNV,1,0.21
AXNSDNV,1,0.21
ALXSDNV,1,0.21
ALNXDNV,1,0.21
ALNSDXV,1,0.21
ALNSDNX,1,0.21
XETSTKA,1,0.21
MXTSTKA,1,0.21
MEXSTKA,1,0.21
METXTKA,1,0.21
METSTXA,1,0.21
METSTKX,1,0.21
XSTKAGY,1,0.21
TXTKAGY,1,0.21
TSTXAGY,1,0.21
TSTKXGY,1,0.21
TSTKAXY,1,0.21
TSTKAGX,1,0.21
XHFEASA,1,0.21
IXFEASA,1,0.21
IHXEASA,1,0.21
IHFXASA,1,0.21
IHFEXSA,1,0.21
IHFEAXA,1,0.21
IHFEASX,1,0.21
XETSSYT,1,0.21
HXTSSYT,1,0.21
HEXSSYT,1,0.21
HETXSYT,1,0.21
HETSXYT,1,0.21
HETSSXT,1,0.21
HETSSYX,1,0.21
XTSSYTG,1,0.21
EXSSYTG,1,0.21
ETXSYTG,1,0.21
ETSXYTG,1,0.21
ETSSYXG,1,0.21
ETSSYTX,1,0.21
XTGSNVE,1,0.21
YXGSNVE,1,0.21
YTXSNVE,1,0.21
YTGXNVE,1,0.21
YTGSXVE,1,0.21
YTGSNXE,1,0.21
YTGSNVX,1,0.21
XAKTAEN,1,0.21
SXKTAEN,1,0.21
SAXTAEN,1,0.21
SAKXAEN,1,0.21
SAKTXEN,1,0.21
SAKTAEX,1,0.21
XLNSENV,1,0.21
AXNSENV,1,0.21
ALXSENV,1,0.21
ALNXENV,1,0.21
ALNSEXV,1,0.21
ALNSENX,1,0.21
XSARANL,1,0.21
TXARANL,1,0.21
TSXRANL,1,0.21
TSAXANL,1,0.21
TSARXNL,1,0.21
TSARAXL,1,0.21
TSARANX,1,0.21
XANLAVG,1,0.21
RXNLAVG,1,0.21
RAXLAVG,1,0.21
RANXAVG,1,0.21
RANLXVG,1,0.21
RANLAXG,1,0.21
RANLAVX,1,0.21
XGKDADA,1,0.21
PXKDADA,1,0.21
PGXDADA,1,0.21
PGKXADA,1,0.21
PGKDXDA,1,0.21
PGKDAXA,1,0.21
PGKDADX,1,0.21
