XETSAKX,213,45.32
FEXSAKX,93,19.79
FETSAXX,90,19.15
LETSAXX,78,16.6
FXTSAKX,78,16.6
XEXSAKT,77,16.38
METSAXX,77,16.38
FETXAKX,76,16.17
FETSXKX,76,16.17
XETSAXT,75,15.96
XETSAXE,70,14.89
XETSALX,65,13.83
XETSAXD,62,13.19
LEXSAKX,57,12.13
MEXSAKX,56,11.91
XEXSAKE,53,11.28
MXTSAKX,52,11.06
METXAKX,52,11.06
METSXKX,52,11.06
XXTSAKT,51,10.85
XETXAKT,51,10.85
XETSXKT,51,10.85
LXTSAKX,47,10
LETXAKX,47,10
LETSXKX,47,10
XETSAXN,44,9.36
MEXSAXT,43,9.15
XXTSAKE,43,9.15
XEXSAKD,42,8.94
XETXAKE,42,8.94
XETSXKE,42,8.94
XEASAKX,41,8.72
IETSAXX,41,8.72
MXXSAKT,40,8.51
MEXXAKT,40,8.51
MEXSXKT,40,8.51
MXTSAXT,38,8.09
METXAXT,38,8.09
METSXXT,38,8.09
XEXSAKN,38,8.09
IEXSAKX,38,8.09
MXTXAKT,36,7.66
MXTSXKT,36,7.66
METXXKT,36,7.66
FXXSAKE,36,7.66
XXTSAKN,35,7.45
FEXXAKE,35,7.45
FEXSXKE,35,7.45
FEXSAXE,35,7.45
XETXAKN,34,7.23
XETSXKN,34,7.23
XXTSAKD,32,6.81
XETXAKD,32,6.81
XETSXKD,32,6.81
XETSAXA,31,6.6
XXTSAKA,30,6.38
XEXSAKA,30,6.38
XETXAKA,30,6.38
XETSXKA,30,6.38
FXTXAKE,28,5.96
FXTSXKE,28,5.96
FXTSAXE,28,5.96
FETXXKE,27,5.74
FETXAXE,27,5.74
FETSXXE,27,5.74
XEASAXT,26,5.53
XXTSALD,26,5.53
XEXSALD,26,5.53
XETXALD,26,5.53
XETSXLD,26,5.53
LXTSALX,25,5.32
LEXSALX,25,5.32
LETXALX,25,5.32
LETSXLX,25,5.32
XXTSALE,25,5.32
XEXSALE,25,5.32
XETXALE,25,5.32
XETSXLE,25,5.32
LXTSAXN,25,5.32
LEXSAXN,25,5.32
LETXAXN,25,5.32
LETSXXN,25,5.32
XXASAKT,24,5.11
XEAXAKT,24,5.11
XEASXKT,24,5.11
MXTSALX,24,5.11
MEXSALX,24,5.11
METXALX,24,5.11
METSXLX,24,5.11
LEXSAXE,23,4.89
IXTSAKX,23,4.89
IETXAKX,23,4.89
IETSXKX,23,4.89
LEXSAXT,22,4.68
FXXSAKD,22,4.68
FEXXAKD,22,4.68
FEXSXKD,22,4.68
FEXSAXD,22,4.68
LXTSAXE,22,4.68
LETXAXE,22,4.68
LETSXXE,22,4.68
LXXSAKN,22,4.68
LXTXAKN,22,4.68
LXTSXKN,22,4.68
LEXXAKN,22,4.68
LEXSXKN,22,4.68
LETXXKN,22,4.68
IXTSAXD,19,4.04
IEXSAXD,19,4.04
IETXAXD,19,4.04
IETSXXD,19,4.04
IEXSAXT,19,4.04
XEXSAKS,17,3.62
XETSAXS,17,3.62
FXTXAKD,17,3.62
FXTSXKD,17,3.62
FXTSAXD,17,3.62
FETXXKD,17,3.62
FETXAXD,17,3.62
FETSXXD,17,3.62
IXXSAKT,17,3.62
IEXXAKT,17,3.62
IEXSXKT,17,3.62
FEXSAXT,15,3.19
MXTSAXE,15,3.19
MEXSAXE,15,3.19
METXAXE,15,3.19
METSXXE,15,3.19
XXTSAKS,14,2.98
XETXAKS,14,2.98
XETSXKS,14,2.98
IEXSALX,14,2.98
FXTSAXT,14,2.98
FETXAXT,14,2.98
FETSXXT,14,2.98
MXXSALE,14,2.98
MXTXALE,14,2.98
MXTSXLE,14,2.98
MEXXALE,14,2.98
MEXSXLE,14,2.98
METXXLE,14,2.98
IXTSALX,13,2.77
IETXALX,13,2.77
IETSXLX,13,2.77
FEXSAXN,12,2.55
LXTSAXT,12,2.55
LETXAXT,12,2.55
LETSXXT,12,2.55
LXTSAXD,12,2.55
LEXSAXD,12,2.55
LETXAXD,12,2.55
LETSXXD,12,2.55
FXASAKX,12,2.55
FEAXAKX,12,2.55
FEASXKX,12,2.55
FEASAXX,12,2.55
IXAXAKT,12,2.55
IXASXKT,12,2.55
IXASAXT,12,2.55
IXASAKX,12,2.55
IEAXXKT,12,2.55
IEAXAXT,12,2.55
IEAXAKX,12,2.55
IEASXXT,12,2.55
IEASXKX,12,2.55
IEASAXX,12,2.55
FXTSAXN,11,2.34
LXXSAKE,11,2.34
LEXXAKE,11,2.34
LEXSXKE,11,2.34
IXXSAKA,11,2.34
IXTXAKA,11,2.34
IXTSXKA,11,2.34
IXTSAXA,11,2.34
IEXXAKA,11,2.34
IEXSXKA,11,2.34
IEXSAXA,11,2.34
IETXXKA,11,2.34
IETXAXA,11,2.34
IETSXXA,11,2.34
LXXSAKT,10,2.13
LEXXAKT,10,2.13
LEXSXKT,10,2.13
MXXSAKA,10,2.13
MXTXAKA,10,2.13
MXTSXKA,10,2.13
MXTSAXA,10,2.13
MEXXAKA,10,2.13
MEXSXKA,10,2.13
MEXSAXA,10,2.13
METXXKA,10,2.13
METXAXA,10,2.13
METSXXA,10,2.13
IXXSALD,10,2.13
IXTXALD,10,2.13
IXTSXLD,10,2.13
IEXXALD,10,2.13
IEXSXLD,10,2.13
IETXXLD,10,2.13
XETSAAX,10,2.13
FXTSAAX,10,2.13
FEXSAAX,10,2.13
FETXAAX,10,2.13
FETSXAX,10,2.13
MXTSAXD,10,2.13
MEXSAXD,10,2.13
METXAXD,10,2.13
METSXXD,10,2.13
XXTSALT,10,2.13
XEXSALT,10,2.13
XETXALT,10,2.13
XETSXLT,10,2.13
FXTSAXS,10,2.13
FEXSAXS,10,2.13
FETXAXS,10,2.13
FETSXXS,10,2.13
LXTXAKE,10,2.13
LXTSXKE,10,2.13
LETXXKE,10,2.13
LEASAXX,9,1.91
YXTSAKX,9,1.91
FETXAXN,9,1.91
FETSXXN,9,1.91
MXXSALD,9,1.91
MXTXALD,9,1.91
MXTSXLD,9,1.91
MEXXALD,9,1.91
MEXSXLD,9,1.91
METXXLD,9,1.91
XXASAKE,9,1.91
XEAXAKE,9,1.91
XEASXKE,9,1.91
XEASAXE,9,1.91
FXXSAKT,9,1.91
FEXXAKT,9,1.91
FEXSXKT,9,1.91
VETSAXX,9,1.91
LXXSALE,9,1.91
LXTXALE,9,1.91
LXTSXLE,9,1.91
LEXXALE,9,1.91
LEXSXLE,9,1.91
LETXXLE,9,1.91
LXASAXT,8,1.7
LXASAKX,8,1.7
LEAXAXT,8,1.7
LEAXAKX,8,1.7
LEASXXT,8,1.7
LEASXKX,8,1.7
XXTSAKQ,8,1.7
FXXSAKN,8,1.7
LXXSALT,8,1.7
LXTXALT,8,1.7
LXTSXLT,8,1.7
LEXXALT,8,1.7
LEXSXLT,8,1.7
LETXXLT,8,1.7
XXVSAKT,8,1.7
CEXSAKX,8,1.7
FXAXAKE,8,1.7
FXASXKE,8,1.7
FXASAXE,8,1.7
FEAXXKE,8,1.7
FEAXAXE,8,1.7
FEASXXE,8,1.7
XEVSAKX,8,1.7
FXTXAKT,8,1.7
FXTSXKT,8,1.7
FETXXKT,8,1.7
VEXSAKX,8,1.7
FXXSAKA,8,1.7
FXTXAKA,8,1.7
FXTSXKA,8,1.7
FXTSAXA,8,1.7
FEXXAKA,8,1.7
FEXSXKA,8,1.7
FEXSAXA,8,1.7
FETXXKA,8,1.7
FETXAXA,8,1.7
FETSXXA,8,1.7
LXAXAKT,7,1.49
LXASXKT,7,1.49
LEAXXKT,7,1.49
LXXSAKS,7,1.49
LEXXAKS,7,1.49
LEXSXKS,7,1.49
LEXSAXS,7,1.49
FEXXAKN,7,1.49
FEXSXKN,7,1.49
FXXSAKS,7,1.49
FXTXAKS,7,1.49
FXTSXKS,7,1.49
FEXXAKS,7,1.49
FEXSXKS,7,1.49
FETXXKS,7,1.49
XETSARX,7,1.49
IXTSAXT,7,1.49
IETXAXT,7,1.49
IETSXXT,7,1.49
XXASAKD,7,1.49
XEAXAKD,7,1.49
XEASXKD,7,1.49
XEASAXD,7,1.49
VXTSAKX,7,1.49
VETXAKX,7,1.49
VETSXKX,7,1.49
YXXSAKQ,6,1.28
YXTXAKQ,6,1.28
YXTSXKQ,6,1.28
YXTSAXQ,6,1.28
LXTXAKS,6,1.28
LXTSXKS,6,1.28
LXTSAXS,6,1.28
LETXXKS,6,1.28
LETXAXS,6,1.28
LETSXXS,6,1.28
XEXSART,6,1.28
YETSAXX,6,1.28
LXXSALD,6,1.28
LXTXALD,6,1.28
LXTSXLD,6,1.28
LEXXALD,6,1.28
LEXSXLD,6,1.28
LETXXLD,6,1.28
CXXSAKD,6,1.28
CEXXAKD,6,1.28
CEXSXKD,6,1.28
CEXSAXD,6,1.28
LXXSAKD,6,1.28
LXTXAKD,6,1.28
LXTSXKD,6,1.28
LEXXAKD,6,1.28
LEXSXKD,6,1.28
LETXXKD,6,1.28
VXXSAKN,6,1.28
VXTXAKN,6,1.28
VXTSXKN,6,1.28
VXTSAXN,6,1.28
VEXXAKN,6,1.28
VEXSXKN,6,1.28
VEXSAXN,6,1.28
VETXXKN,6,1.28
VETXAXN,6,1.28
VETSXXN,6,1.28
XHXSAKQ,5,1.06
XHTXAKQ,5,1.06
XHTSXKQ,5,1.06
XHTSAXQ,5,1.06
XHTSAKX,5,1.06
YHXXAKQ,5,1.06
YHXSXKQ,5,1.06
YHXSAXQ,5,1.06
YHXSAKX,5,1.06
YHTXXKQ,5,1.06
YHTXAXQ,5,1.06
YHTXAKX,5,1.06
YHTSXXQ,5,1.06
YHTSXKX,5,1.06
YHTSAXX,5,1.06
XXTSAKL,5,1.06
XEXSAAT,5,1.06
FXTXAKN,5,1.06
FXTSXKN,5,1.06
XFXSAKT,5,1.06
XFVXAKT,5,1.06
XFVSXKT,5,1.06
XFVSAXT,5,1.06
XFVSAKX,5,1.06
HXXSAKT,5,1.06
HXVXAKT,5,1.06
HXVSXKT,5,1.06
HXVSAXT,5,1.06
HXVSAKX,5,1.06
HFXXAKT,5,1.06
HFXSXKT,5,1.06
HFXSAXT,5,1.06
HFXSAKX,5,1.06
HFVXXKT,5,1.06
HFVXAXT,5,1.06
HFVXAKX,5,1.06
HFVSXXT,5,1.06
HFVSXKX,5,1.06
HFVSAXX,5,1.06
CXASAKX,5,1.06
CEAXAKX,5,1.06
CEASXKX,5,1.06
CEASAXX,5,1.06
IXTXAKT,5,1.06
IXTSXKT,5,1.06
IETXXKT,5,1.06
XXTSAAN,5,1.06
XEXSAAN,5,1.06
XETXAAN,5,1.06
XETSXAN,5,1.06
FXXSAAN,5,1.06
FXTXAAN,5,1.06
FXTSXAN,5,1.06
FEXXAAN,5,1.06
FEXSXAN,5,1.06
FETXXAN,5,1.06
MXASAXT,5,1.06
MEAXAXT,5,1.06
MEASXXT,5,1.06
MEASAXX,5,1.06
IXXSAKD,5,1.06
IXTXAKD,5,1.06
IXTSXKD,5,1.06
IEXXAKD,5,1.06
IEXSXKD,5,1.06
IETXXKD,5,1.06
FXVSAKX,5,1.06
FEVXAKX,5,1.06
FEVSXKX,5,1.06
FEVSAXX,5,1.06
XEXSAKL,4,0.85
XETXAKL,4,0.85
XETSXKL,4,0.85
XETSAXL,4,0.85
XXTSAAT,4,0.85
XETXAAT,4,0.85
XETSXAT,4,0.85
FXXSAAT,4,0.85
FXTXAAT,4,0.85
FXTSXAT,4,0.85
FEXXAAT,4,0.85
FEXSXAT,4,0.85
FETXXAT,4,0.85
FETXXKN,4,0.85
XXTSACT,4,0.85
XEXSACT,4,0.85
XETXACT,4,0.85
XETSXCT,4,0.85
XETSACX,4,0.85
YXXSACT,4,0.85
YXTXACT,4,0.85
YXTSXCT,4,0.85
YXTSAXT,4,0.85
YXTSACX,4,0.85
YEXXACT,4,0.85
YEXSXCT,4,0.85
YEXSAXT,4,0.85
YEXSACX,4,0.85
YETXXCT,4,0.85
YETXAXT,4,0.85
YETXACX,4,0.85
YETSXXT,4,0.85
YETSXCX,4,0.85
XETSAMX,4,0.85
IEXSAXE,4,0.85
CXAXAKD,4,0.85
CXASXKD,4,0.85
CXASAXD,4,0.85
CEAXXKD,4,0.85
CEAXAXD,4,0.85
CEASXXD,4,0.85
XXVSAKD,4,0.85
MXAXAKT,4,0.85
MXASXKT,4,0.85
MXASAKX,4,0.85
MEAXXKT,4,0.85
MEAXAKX,4,0.85
MEASXKX,4,0.85
XXTSALN,4,0.85
XEXSALN,4,0.85
XETXALN,4,0.85
XETSXLN,4,0.85
LXXSART,4,0.85
LEXXART,4,0.85
LEXSXRT,4,0.85
LEXSARX,4,0.85
XETSAQX,4,0.85
FXTSAQX,4,0.85
FEXSAQX,4,0.85
FETXAQX,4,0.85
FETSXQX,4,0.85
XXTSAKV,3,0.64
XEXSAKV,3,0.64
XETXAKV,3,0.64
XETSXKV,3,0.64
XETSAXV,3,0.64
XXTSART,3,0.64
XETXART,3,0.64
XETSXRT,3,0.64
XXTSAME,3,0.64
XEXSAME,3,0.64
XETXAME,3,0.64
XETSXME,3,0.64
LXXSAME,3,0.64
LXTXAME,3,0.64
LXTSXME,3,0.64
LXTSAMX,3,0.64
LEXXAME,3,0.64
LEXSXME,3,0.64
LEXSAMX,3,0.64
LETXXME,3,0.64
LETXAMX,3,0.64
LETSXMX,3,0.64
XECSAXT,3,0.64
IXTSAXE,3,0.64
IETXAXE,3,0.64
IETSXXE,3,0.64
XXTSARD,3,0.64
XEXSARD,3,0.64
XETXARD,3,0.64
XETSXRD,3,0.64
IXXSARD,3,0.64
IXTXARD,3,0.64
IXTSXRD,3,0.64
IXTSARX,3,0.64
IEXXARD,3,0.64
IEXSXRD,3,0.64
IEXSARX,3,0.64
IETXXRD,3,0.64
IETXARX,3,0.64
IETSXRX,3,0.64
XEXSAKQ,3,0.64
YEXSAKX,3,0.64
CXTSAKX,3,0.64
CETXAKX,3,0.64
CETSXKX,3,0.64
CETSAXX,3,0.64
FXAXAKD,3,0.64
FXASXKD,3,0.64
FXASAXD,3,0.64
FEAXXKD,3,0.64
FEAXAXD,3,0.64
FEASXXD,3,0.64
XXVSAKN,3,0.64
XEVXAKN,3,0.64
XEVSXKN,3,0.64
XEVSAXN,3,0.64
FXVXAKN,3,0.64
FXVSXKN,3,0.64
FXVSAXN,3,0.64
FEVXXKN,3,0.64
FEVXAXN,3,0.64
FEVSXXN,3,0.64
TETSAXX,3,0.64
MXXSAKL,2,0.43
MXTXAKL,2,0.43
MXTSXKL,2,0.43
MXTSAXL,2,0.43
MEXXAKL,2,0.43
MEXSXKL,2,0.43
MEXSAXL,2,0.43
METXXKL,2,0.43
METXAXL,2,0.43
METSXXL,2,0.43
FXXSAKV,2,0.43
FXTXAKV,2,0.43
FXTSXKV,2,0.43
FXTSAXV,2,0.43
FEXXAKV,2,0.43
FEXSXKV,2,0.43
FEXSAXV,2,0.43
FETXXKV,2,0.43
FETXAXV,2,0.43
FETSXXV,2,0.43
XXCSART,2,0.43
XECXART,2,0.43
XECSXRT,2,0.43
XECSARX,2,0.43
XECSAKX,2,0.43
LXCSAXT,2,0.43
LECXAXT,2,0.43
LECSXXT,2,0.43
LECSAXX,2,0.43
XSXSAKT,2,0.43
XSVXAKT,2,0.43
XSVSXKT,2,0.43
XSVSAXT,2,0.43
XSVSAKX,2,0.43
WXXSAKT,2,0.43
WXVXAKT,2,0.43
WXVSXKT,2,0.43
WXVSAXT,2,0.43
WXVSAKX,2,0.43
WSXXAKT,2,0.43
WSXSXKT,2,0.43
WSXSAXT,2,0.43
WSXSAKX,2,0.43
WSVXXKT,2,0.43
WSVXAXT,2,0.43
WSVXAKX,2,0.43
WSVSXXT,2,0.43
WSVSXKX,2,0.43
WSVSAXX,2,0.43
IXXSALE,2,0.43
IXTXALE,2,0.43
IXTSXLE,2,0.43
IEXXALE,2,0.43
IEXSXLE,2,0.43
IETXXLE,2,0.43
FXXSAKL,2,0.43
FXTXAKL,2,0.43
FXTSXKL,2,0.43
FXTSAXL,2,0.43
FEXXAKL,2,0.43
FEXSXKL,2,0.43
FEXSAXL,2,0.43
FETXXKL,2,0.43
FETXAXL,2,0.43
FETSXXL,2,0.43
XXCSAAL,2,0.43
XEXSAAL,2,0.43
XECXAAL,2,0.43
XECSXAL,2,0.43
XECSAXL,2,0.43
XECSAAX,2,0.43
GXXSAAL,2,0.43
GXCXAAL,2,0.43
GXCSXAL,2,0.43
GXCSAXL,2,0.43
GXCSAAX,2,0.43
GEXXAAL,2,0.43
GEXSXAL,2,0.43
GEXSAXL,2,0.43
GEXSAAX,2,0.43
GECXXAL,2,0.43
GECXAXL,2,0.43
GECXAAX,2,0.43
GECSXXL,2,0.43
GECSXAX,2,0.43
GECSAXX,2,0.43
XETXAKQ,2,0.43
XETSXKQ,2,0.43
XETSAXQ,2,0.43
XNXSAKD,2,0.43
XNVXAKD,2,0.43
XNVSXKD,2,0.43
XNVSAXD,2,0.43
XNVSAKX,2,0.43
QXXSAKD,2,0.43
QXVXAKD,2,0.43
QXVSXKD,2,0.43
QXVSAXD,2,0.43
QXVSAKX,2,0.43
QNXXAKD,2,0.43
QNXSXKD,2,0.43
QNXSAXD,2,0.43
QNXSAKX,2,0.43
QNVXXKD,2,0.43
QNVXAXD,2,0.43
QNVXAKX,2,0.43
QNVSXXD,2,0.43
QNVSXKX,2,0.43
QNVSAXX,2,0.43
XEVSAXS,2,0.43
XVDSAXE,2,0.43
KXDSAXE,2,0.43
KVXSAXE,2,0.43
KVDXAXE,2,0.43
KVDSXXE,2,0.43
KVDSAXX,2,0.43
XXVSAKE,2,0.43
XEVXAKE,2,0.43
XEVSXKE,2,0.43
XEVSAXE,2,0.43
KXXSAKQ,2,0.43
KXTSAXQ,2,0.43
KEXXAKQ,2,0.43
KEXSXKQ,2,0.43
KEXSAXQ,2,0.43
KEXSAKX,2,0.43
YETXAKX,2,0.43
YETSXKX,2,0.43
IECSAXX,2,0.43
LXXSALN,2,0.43
LXTXALN,2,0.43
LXTSXLN,2,0.43
LEXXALN,2,0.43
LEXSXLN,2,0.43
LETXXLN,2,0.43
CXTXAKD,2,0.43
CXTSXKD,2,0.43
CXTSAXD,2,0.43
CETXXKD,2,0.43
CETXAXD,2,0.43
CETSXXD,2,0.43
XEISAKX,2,0.43
IXXSAKN,2,0.43
IEXXAKN,2,0.43
IEXSXKN,2,0.43
IEXSAXN,2,0.43
XXSSANV,2,0.43
XKXSANV,2,0.43
XKSXANV,2,0.43
XKSSXNV,2,0.43
XKSSAXV,2,0.43
XKSSANX,2,0.43
AXXSANV,2,0.43
AXSXANV,2,0.43
AXSSXNV,2,0.43
AXSSAXV,2,0.43
AXSSANX,2,0.43
AKXXANV,2,0.43
AKXSXNV,2,0.43
AKXSAXV,2,0.43
AKXSANX,2,0.43
AKSXXNV,2,0.43
AKSXAXV,2,0.43
AKSXANX,2,0.43
AKSSXXV,2,0.43
AKSSXNX,2,0.43
AKSSAXX,2,0.43
HEXSAKX,2,0.43
XEVXAKD,2,0.43
XEVSXKD,2,0.43
XEVSAXD,2,0.43
FXVXAKD,2,0.43
FXVSXKD,2,0.43
FXVSAXD,2,0.43
FEVXXKD,2,0.43
FEVXAXD,2,0.43
FEVSXXD,2,0.43
LXTXAKT,2,0.43
LXTSXKT,2,0.43
LETXXKT,2,0.43
IXXSAKE,2,0.43
IEXXAKE,2,0.43
IEXSXKE,2,0.43
XYTSAKX,2,0.43
CXXSAKE,2,0.43
CEXXAKE,2,0.43
CEXSXKE,2,0.43
CEXSAXE,2,0.43
XESSAKX,2,0.43
VXXSAKT,2,0.43
XXTSAQS,2,0.43
XEXSAQS,2,0.43
XETXAQS,2,0.43
XETSXQS,2,0.43
FXXSAQS,2,0.43
FXTXAQS,2,0.43
FXTSXQS,2,0.43
FEXXAQS,2,0.43
FEXSXQS,2,0.43
FETXXQS,2,0.43
XXTSAQT,2,0.43
XEXSAQT,2,0.43
XETXAQT,2,0.43
XETSXQT,2,0.43
FXXSAQT,2,0.43
FXTXAQT,2,0.43
FXTSXQT,2,0.43
FEXXAQT,2,0.43
FEXSXQT,2,0.43
FETXXQT,2,0.43
LXTXART,2,0.43
LXTSXRT,2,0.43
LXTSARX,2,0.43
LETXXRT,2,0.43
LETXARX,2,0.43
LETSXRX,2,0.43
TXXSALN,2,0.43
TXTXALN,2,0.43
TXTSXLN,2,0.43
TXTSAXN,2,0.43
TXTSALX,2,0.43
TEXXALN,2,0.43
TEXSXLN,2,0.43
TEXSAXN,2,0.43
TEXSALX,2,0.43
TETXXLN,2,0.43
TETXAXN,2,0.43
TETXALX,2,0.43
TETSXXN,2,0.43
TETSXLX,2,0.43
MXXSART,1,0.21
MXTXART,1,0.21
MXTSXRT,1,0.21
MXTSARX,1,0.21
MEXXART,1,0.21
MEXSXRT,1,0.21
MEXSARX,1,0.21
METXXRT,1,0.21
METXARX,1,0.21
METSXRX,1,0.21
MXXSAKS,1,0.21
MXTXAKS,1,0.21
MXTSXKS,1,0.21
MXTSAXS,1,0.21
MEXXAKS,1,0.21
MEXSXKS,1,0.21
MEXSAXS,1,0.21
METXXKS,1,0.21
METXAXS,1,0.21
METSXXS,1,0.21
HXXSART,1,0.21
HXCXART,1,0.21
HXCSXRT,1,0.21
HXCSAXT,1,0.21
HXCSARX,1,0.21
HEXXART,1,0.21
HEXSXRT,1,0.21
HEXSAXT,1,0.21
HEXSARX,1,0.21
HECXXRT,1,0.21
HECXAXT,1,0.21
HECXARX,1,0.21
HECSXXT,1,0.21
HECSXRX,1,0.21
HECSAXX,1,0.21
XXCSAKT,1,0.21
XECXAKT,1,0.21
XECSXKT,1,0.21
LXCXAKT,1,0.21
LXCSXKT,1,0.21
LXCSAKX,1,0.21
LECXXKT,1,0.21
LECXAKX,1,0.21
LECSXKX,1,0.21
XXTSATT,1,0.21
XEXSATT,1,0.21
XETXATT,1,0.21
XETSXTT,1,0.21
XETSATX,1,0.21
IXXSATT,1,0.21
IXTXATT,1,0.21
IXTSXTT,1,0.21
IXTSATX,1,0.21
IEXXATT,1,0.21
IEXSXTT,1,0.21
IEXSATX,1,0.21
IETXXTT,1,0.21
IETXATX,1,0.21
IETSXTX,1,0.21
LXXSAKQ,1,0.21
LXTXAKQ,1,0.21
LXTSXKQ,1,0.21
LXTSAXQ,1,0.21
LEXXAKQ,1,0.21
LEXSXKQ,1,0.21
LEXSAXQ,1,0.21
LETXXKQ,1,0.21
LETXAXQ,1,0.21
LETSXXQ,1,0.21
XXTSAAS,1,0.21
XEXSAAS,1,0.21
XETXAAS,1,0.21
XETSXAS,1,0.21
FXXSAAS,1,0.21
FXTXAAS,1,0.21
FXTSXAS,1,0.21
FEXXAAS,1,0.21
FEXSXAS,1,0.21
FETXXAS,1,0.21
XXVSALS,1,0.21
XEXSALS,1,0.21
XEVXALS,1,0.21
XEVSXLS,1,0.21
XEVSALX,1,0.21
SXXSALS,1,0.21
SXVXALS,1,0.21
SXVSXLS,1,0.21
SXVSAXS,1,0.21
SXVSALX,1,0.21
SEXXALS,1,0.21
SEXSXLS,1,0.21
SEXSAXS,1,0.21
SEXSALX,1,0.21
SEVXXLS,1,0.21
SEVXAXS,1,0.21
SEVXALX,1,0.21
SEVSXXS,1,0.21
SEVSXLX,1,0.21
SEVSAXX,1,0.21
XXDSAQE,1,0.21
XVXSAQE,1,0.21
XVDXAQE,1,0.21
XVDSXQE,1,0.21
XVDSAQX,1,0.21
KXXSAQE,1,0.21
KXDXAQE,1,0.21
KXDSXQE,1,0.21
KXDSAQX,1,0.21
KVXXAQE,1,0.21
KVXSXQE,1,0.21
KVXSAQX,1,0.21
KVDXXQE,1,0.21
KVDXAQX,1,0.21
KVDSXQX,1,0.21
LXVXAKE,1,0.21
LXVSXKE,1,0.21
LXVSAXE,1,0.21
LXVSAKX,1,0.21
LEVXXKE,1,0.21
LEVXAXE,1,0.21
LEVXAKX,1,0.21
LEVSXXE,1,0.21
LEVSXKX,1,0.21
LEVSAXX,1,0.21
KXTXAKQ,1,0.21
KXTSXKQ,1,0.21
KXTSAKX,1,0.21
KETXXKQ,1,0.21
KETXAXQ,1,0.21
KETXAKX,1,0.21
KETSXXQ,1,0.21
KETSXKX,1,0.21
KETSAXX,1,0.21
VXXSALD,1,0.21
VXTXALD,1,0.21
VXTSXLD,1,0.21
VXTSAXD,1,0.21
VXTSALX,1,0.21
VEXXALD,1,0.21
VEXSXLD,1,0.21
VEXSAXD,1,0.21
VEXSALX,1,0.21
VETXXLD,1,0.21
VETXAXD,1,0.21
VETXALX,1,0.21
VETSXXD,1,0.21
VETSXLX,1,0.21
YXXSAKV,1,0.21
YXTXAKV,1,0.21
YXTSXKV,1,0.21
YXTSAXV,1,0.21
YEXXAKV,1,0.21
YEXSXKV,1,0.21
YEXSAXV,1,0.21
YETXXKV,1,0.21
YETXAXV,1,0.21
YETSXXV,1,0.21
XXCSAKS,1,0.21
XECXAKS,1,0.21
XECSXKS,1,0.21
XECSAXS,1,0.21
IXXSAKS,1,0.21
IXCXAKS,1,0.21
IXCSXKS,1,0.21
IXCSAXS,1,0.21
IXCSAKX,1,0.21
IEXXAKS,1,0.21
IEXSXKS,1,0.21
IEXSAXS,1,0.21
IECXXKS,1,0.21
IECXAXS,1,0.21
IECXAKX,1,0.21
IECSXXS,1,0.21
IECSXKX,1,0.21
MXXSAKD,1,0.21
MXTXAKD,1,0.21
MXTSXKD,1,0.21
MEXXAKD,1,0.21
MEXSXKD,1,0.21
METXXKD,1,0.21
XXISAKQ,1,0.21
XEIXAKQ,1,0.21
XEISXKQ,1,0.21
XEISAXQ,1,0.21
KXIXAKQ,1,0.21
KXISXKQ,1,0.21
KXISAXQ,1,0.21
KXISAKX,1,0.21
KEIXXKQ,1,0.21
KEIXAXQ,1,0.21
KEIXAKX,1,0.21
KEISXXQ,1,0.21
KEISXKX,1,0.21
KEISAXX,1,0.21
XXASART,1,0.21
XEAXART,1,0.21
XEASXRT,1,0.21
XEASARX,1,0.21
LXAXART,1,0.21
LXASXRT,1,0.21
LXASARX,1,0.21
LEAXXRT,1,0.21
LEAXARX,1,0.21
LEASXRX,1,0.21
IXTXAKN,1,0.21
IXTSXKN,1,0.21
IXTSAXN,1,0.21
IETXXKN,1,0.21
IETXAXN,1,0.21
IETSXXN,1,0.21
HXXSAKE,1,0.21
HXTXAKE,1,0.21
HXTSXKE,1,0.21
HXTSAXE,1,0.21
HXTSAKX,1,0.21
HEXXAKE,1,0.21
HEXSXKE,1,0.21
HEXSAXE,1,0.21
HETXXKE,1,0.21
HETXAXE,1,0.21
HETXAKX,1,0.21
HETSXXE,1,0.21
HETSXKX,1,0.21
HETSAXX,1,0.21
XXESAFT,1,0.21
XVXSAFT,1,0.21
XVEXAFT,1,0.21
XVESXFT,1,0.21
XVESAXT,1,0.21
XVESAFX,1,0.21
NXXSAFT,1,0.21
NXEXAFT,1,0.21
NXESXFT,1,0.21
NXESAXT,1,0.21
NXESAFX,1,0.21
NVXXAFT,1,0.21
NVXSXFT,1,0.21
NVXSAXT,1,0.21
NVXSAFX,1,0.21
NVEXXFT,1,0.21
NVEXAXT,1,0.21
NVEXAFX,1,0.21
NVESXXT,1,0.21
NVESXFX,1,0.21
NVESAXX,1,0.21
MXXSAKE,1,0.21
MXTXAKE,1,0.21
MXTSXKE,1,0.21
MEXXAKE,1,0.21
MEXSXKE,1,0.21
METXXKE,1,0.21
XXVSAKS,1,0.21
XEVXAKS,1,0.21
XEVSXKS,1,0.21
YXXSAKS,1,0.21
YXVXAKS,1,0.21
YXVSXKS,1,0.21
YXVSAXS,1,0.21
YXVSAKX,1,0.21
YEXXAKS,1,0.21
YEXSXKS,1,0.21
YEXSAXS,1,0.21
YEVXXKS,1,0.21
YEVXAXS,1,0.21
YEVXAKX,1,0.21
YEVSXXS,1,0.21
YEVSXKX,1,0.21
YEVSAXX,1,0.21
XXDSAHE,1,0.21
XVXSAHE,1,0.21
XVDXAHE,1,0.21
XVDSXHE,1,0.21
XVDSAHX,1,0.21
KXXSAHE,1,0.21
KXDXAHE,1,0.21
KXDSXHE,1,0.21
KXDSAHX,1,0.21
KVXXAHE,1,0.21
KVXSXHE,1,0.21
KVXSAHX,1,0.21
KVDXXHE,1,0.21
KVDXAHX,1,0.21
KVDSXHX,1,0.21
XXTSAKF,1,0.21
XEXSAKF,1,0.21
XETXAKF,1,0.21
XETSXKF,1,0.21
XETSAXF,1,0.21
FXXSAKF,1,0.21
FXTXAKF,1,0.21
FXTSXKF,1,0.21
FXTSAXF,1,0.21
FEXXAKF,1,0.21
FEXSXKF,1,0.21
FEXSAXF,1,0.21
FETXXKF,1,0.21
FETXAXF,1,0.21
FETSXXF,1,0.21
XXTSAFN,1,0.21
XEXSAFN,1,0.21
XETXAFN,1,0.21
XETSXFN,1,0.21
XETSAFX,1,0.21
LXXSAFN,1,0.21
LXTXAFN,1,0.21
LXTSXFN,1,0.21
LXTSAFX,1,0.21
LEXXAFN,1,0.21
LEXSXFN,1,0.21
LEXSAFX,1,0.21
LETXXFN,1,0.21
LETXAFX,1,0.21
LETSXFX,1,0.21
XXTSALQ,1,0.21
XIXSALQ,1,0.21
XITXALQ,1,0.21
XITSXLQ,1,0.21
XITSAXQ,1,0.21
XITSALX,1,0.21
KXXSALQ,1,0.21
KXTXALQ,1,0.21
KXTSXLQ,1,0.21
KXTSALX,1,0.21
KIXXALQ,1,0.21
KIXSXLQ,1,0.21
KIXSAXQ,1,0.21
KIXSALX,1,0.21
KITXXLQ,1,0.21
KITXAXQ,1,0.21
KITXALX,1,0.21
KITSXXQ,1,0.21
KITSXLX,1,0.21
KITSAXX,1,0.21
XXTSASN,1,0.21
XAXSASN,1,0.21
XATXASN,1,0.21
XATSXSN,1,0.21
XATSAXN,1,0.21
XATSASX,1,0.21
FXXSASN,1,0.21
FXTXASN,1,0.21
FXTSXSN,1,0.21
FXTSASX,1,0.21
FAXXASN,1,0.21
FAXSXSN,1,0.21
FAXSAXN,1,0.21
FAXSASX,1,0.21
FATXXSN,1,0.21
FATXAXN,1,0.21
FATXASX,1,0.21
FATSXXN,1,0.21
FATSXSX,1,0.21
FATSAXX,1,0.21
IXVXAKE,1,0.21
IXVSXKE,1,0.21
IXVSAXE,1,0.21
IXVSAKX,1,0.21
IEVXXKE,1,0.21
IEVXAXE,1,0.21
IEVXAKX,1,0.21
IEVSXXE,1,0.21
IEVSXKX,1,0.21
IEVSAXX,1,0.21
XYXSAKE,1,0.21
XYTXAKE,1,0.21
XYTSXKE,1,0.21
XYTSAXE,1,0.21
FYXXAKE,1,0.21
FYXSXKE,1,0.21
FYXSAXE,1,0.21
FYXSAKX,1,0.21
FYTXXKE,1,0.21
FYTXAXE,1,0.21
FYTXAKX,1,0.21
FYTSXXE,1,0.21
FYTSXKX,1,0.21
FYTSAXX,1,0.21
IXXSALT,1,0.21
IXTXALT,1,0.21
IXTSXLT,1,0.21
IEXXALT,1,0.21
IEXSXLT,1,0.21
IETXXLT,1,0.21
MXXSALT,1,0.21
MXTXALT,1,0.21
MXTSXLT,1,0.21
MEXXALT,1,0.21
MEXSXLT,1,0.21
METXXLT,1,0.21
CXTXAKE,1,0.21
CXTSXKE,1,0.21
CXTSAXE,1,0.21
CETXXKE,1,0.21
CETXAXE,1,0.21
CETSXXE,1,0.21
XXCSALK,1,0.21
XEXSALK,1,0.21
XECXALK,1,0.21
XECSXLK,1,0.21
XECSAXK,1,0.21
XECSALX,1,0.21
IXXSALK,1,0.21
IXCXALK,1,0.21
IXCSXLK,1,0.21
IXCSAXK,1,0.21
IXCSALX,1,0.21
IEXXALK,1,0.21
IEXSXLK,1,0.21
IEXSAXK,1,0.21
IECXXLK,1,0.21
IECXAXK,1,0.21
IECXALX,1,0.21
IECSXXK,1,0.21
IECSXLX,1,0.21
VXXSAKE,1,0.21
VXTXAKE,1,0.21
VXTSXKE,1,0.21
VXTSAXE,1,0.21
VEXXAKE,1,0.21
VEXSXKE,1,0.21
VEXSAXE,1,0.21
VETXXKE,1,0.21
VETXAXE,1,0.21
VETSXXE,1,0.21
XSXSAKL,1,0.21
XSTXAKL,1,0.21
XSTSXKL,1,0.21
XSTSAXL,1,0.21
XSTSAKX,1,0.21
YXXSAKL,1,0.21
YXTXAKL,1,0.21
YXTSXKL,1,0.21
YXTSAXL,1,0.21
YSXXAKL,1,0.21
YSXSXKL,1,0.21
YSXSAXL,1,0.21
YSXSAKX,1,0.21
YSTXXKL,1,0.21
YSTXAXL,1,0.21
YSTXAKX,1,0.21
YSTSXXL,1,0.21
YSTSXKX,1,0.21
YSTSAXX,1,0.21
XYXSAKQ,1,0.21
XYTXAKQ,1,0.21
XYTSXKQ,1,0.21
XYTSAXQ,1,0.21
YYXXAKQ,1,0.21
YYXSXKQ,1,0.21
YYXSAXQ,1,0.21
YYXSAKX,1,0.21
YYTXXKQ,1,0.21
YYTXAXQ,1,0.21
YYTXAKX,1,0.21
YYTSXXQ,1,0.21
YYTSXKX,1,0.21
YYTSAXX,1,0.21
XXSSAKT,1,0.21
XESXAKT,1,0.21
XESSXKT,1,0.21
XESSAXT,1,0.21
VXSXAKT,1,0.21
VXSSXKT,1,0.21
VXSSAXT,1,0.21
VXSSAKX,1,0.21
VEXXAKT,1,0.21
VEXSXKT,1,0.21
VEXSAXT,1,0.21
VESXXKT,1,0.21
VESXAXT,1,0.21
VESXAKX,1,0.21
VESSXXT,1,0.21
VESSXKX,1,0.21
VESSAXX,1,0.21
TXXSAKA,1,0.21
TXTXAKA,1,0.21
TXTSXKA,1,0.21
TXTSAXA,1,0.21
TXTSAKX,1,0.21
TEXXAKA,1,0.21
TEXSXKA,1,0.21
TEXSAXA,1,0.21
TEXSAKX,1,0.21
TETXXKA,1,0.21
TETXAXA,1,0.21
TETXAKX,1,0.21
TETSXXA,1,0.21
TETSXKX,1,0.21
IXTXAKE,1,0.21
IXTSXKE,1,0.21
IETXXKE,1,0.21
CXAXAKE,1,0.21
CXASXKE,1,0.21
CXASAXE,1,0.21
CEAXXKE,1,0.21
CEAXAXE,1,0.21
CEASXXE,1,0.21
XXASAAT,1,0.21
XEAXAAT,1,0.21
XEASXAT,1,0.21
XEASAAX,1,0.21
MXXSAAT,1,0.21
MXAXAAT,1,0.21
MXASXAT,1,0.21
MXASAAX,1,0.21
MEXXAAT,1,0.21
MEXSXAT,1,0.21
MEXSAAX,1,0.21
MEAXXAT,1,0.21
MEAXAAX,1,0.21
MEASXAX,1,0.21
XXASAKS,1,0.21
XEAXAKS,1,0.21
XEASXKS,1,0.21
XEASAXS,1,0.21
LXAXAKS,1,0.21
LXASXKS,1,0.21
LXASAXS,1,0.21
LEAXXKS,1,0.21
LEAXAXS,1,0.21
LEASXXS,1,0.21
LXCXART,1,0.21
LXCSXRT,1,0.21
LXCSARX,1,0.21
LECXXRT,1,0.21
LECXARX,1,0.21
LECSXRX,1,0.21
XXISAKD,1,0.21
XEIXAKD,1,0.21
XEISXKD,1,0.21
XEISAXD,1,0.21
HXXSAKD,1,0.21
HXIXAKD,1,0.21
HXISXKD,1,0.21
HXISAXD,1,0.21
HXISAKX,1,0.21
HEXXAKD,1,0.21
HEXSXKD,1,0.21
HEXSAXD,1,0.21
HEIXXKD,1,0.21
HEIXAXD,1,0.21
HEIXAKX,1,0.21
HEISXXD,1,0.21
HEISXKX,1,0.21
HEISAXX,1,0.21
XXSSAKN,1,0.21
XESXAKN,1,0.21
XESSXKN,1,0.21
XESSAXN,1,0.21
IXSXAKN,1,0.21
IXSSXKN,1,0.21
IXSSAXN,1,0.21
IXSSAKX,1,0.21
IESXXKN,1,0.21
IESXAXN,1,0.21
IESXAKX,1,0.21
IESSXXN,1,0.21
IESSXKX,1,0.21
IESSAXX,1,0.21
MXXSAKN,1,0.21
MXTXAKN,1,0.21
MXTSXKN,1,0.21
MXTSAXN,1,0.21
MEXXAKN,1,0.21
MEXSXKN,1,0.21
MEXSAXN,1,0.21
METXXKN,1,0.21
METXAXN,1,0.21
METSXXN,1,0.21
FXAXAKT,1,0.21
FXASXKT,1,0.21
FXASAXT,1,0.21
FEAXXKT,1,0.21
FEAXAXT,1,0.21
FEASXXT,1,0.21
XXTSATQ,1,0.21
XNXSATQ,1,0.21
XNTXATQ,1,0.21
XNTSXTQ,1,0.21
XNTSAXQ,1,0.21
XNTSATX,1,0.21
MXXSATQ,1,0.21
MXTXATQ,1,0.21
MXTSXTQ,1,0.21
MXTSAXQ,1,0.21
MXTSATX,1,0.21
MNXXATQ,1,0.21
MNXSXTQ,1,0.21
MNXSAXQ,1,0.21
MNXSATX,1,0.21
MNTXXTQ,1,0.21
MNTXAXQ,1,0.21
MNTXATX,1,0.21
MNTSXXQ,1,0.21
MNTSXTX,1,0.21
MNTSAXX,1,0.21
XXVSAGL,1,0.21
XDXSAGL,1,0.21
XDVXAGL,1,0.21
XDVSXGL,1,0.21
XDVSAXL,1,0.21
XDVSAGX,1,0.21
GXXSAGL,1,0.21
GXVXAGL,1,0.21
GXVSXGL,1,0.21
GXVSAXL,1,0.21
GXVSAGX,1,0.21
GDXXAGL,1,0.21
GDXSXGL,1,0.21
GDXSAXL,1,0.21
GDXSAGX,1,0.21
GDVXXGL,1,0.21
GDVXAXL,1,0.21
GDVXAGX,1,0.21
GDVSXXL,1,0.21
GDVSXGX,1,0.21
GDVSAXX,1,0.21
XXGSANW,1,0.21
XHXSANW,1,0.21
XHGXANW,1,0.21
XHGSXNW,1,0.21
XHGSAXW,1,0.21
XHGSANX,1,0.21
TXXSANW,1,0.21
TXGXANW,1,0.21
TXGSXNW,1,0.21
TXGSAXW,1,0.21
TXGSANX,1,0.21
THXXANW,1,0.21
THXSXNW,1,0.21
THXSAXW,1,0.21
THXSANX,1,0.21
THGXXNW,1,0.21
THGXAXW,1,0.21
THGXANX,1,0.21
THGSXXW,1,0.21
THGSXNX,1,0.21
THGSAXX,1,0.21
XXTSAMD,1,0.21
XEXSAMD,1,0.21
XETXAMD,1,0.21
XETSXMD,1,0.21
IXXSAMD,1,0.21
IXTXAMD,1,0.21
IXTSXMD,1,0.21
IXTSAMX,1,0.21
IEXXAMD,1,0.21
IEXSXMD,1,0.21
IEXSAMX,1,0.21
IETXXMD,1,0.21
IETXAMX,1,0.21
IETSXMX,1,0.21
XLXSAKN,1,0.21
XLTXAKN,1,0.21
XLTSXKN,1,0.21
XLTSAXN,1,0.21
XLTSAKX,1,0.21
FLXXAKN,1,0.21
FLXSXKN,1,0.21
FLXSAXN,1,0.21
FLXSAKX,1,0.21
FLTXXKN,1,0.21
FLTXAXN,1,0.21
FLTXAKX,1,0.21
FLTSXXN,1,0.21
FLTSXKX,1,0.21
FLTSAXX,1,0.21
XXTSARA,1,0.21
XEXSARA,1,0.21
XETXARA,1,0.21
XETSXRA,1,0.21
VXXSARA,1,0.21
VXTXARA,1,0.21
VXTSXRA,1,0.21
VXTSAXA,1,0.21
VXTSARX,1,0.21
VEXXARA,1,0.21
VEXSXRA,1,0.21
VEXSAXA,1,0.21
VEXSARX,1,0.21
VETXXRA,1,0.21
VETXAXA,1,0.21
VETXARX,1,0.21
VETSXXA,1,0.21
VETSXRX,1,0.21
YXXSAKD,1,0.21
YXTXAKD,1,0.21
YXTSXKD,1,0.21
YXTSAXD,1,0.21
YEXXAKD,1,0.21
YEXSXKD,1,0.21
YEXSAXD,1,0.21
YETXXKD,1,0.21
YETXAXD,1,0.21
YETSXXD,1,0.21
XAXSAKT,1,0.21
XAVXAKT,1,0.21
XAVSXKT,1,0.21
XAVSAXT,1,0.21
XAVSAKX,1,0.21
VXVXAKT,1,0.21
VXVSXKT,1,0.21
VXVSAXT,1,0.21
VXVSAKX,1,0.21
VAXXAKT,1,0.21
VAXSXKT,1,0.21
VAXSAXT,1,0.21
VAXSAKX,1,0.21
VAVXXKT,1,0.21
VAVXAXT,1,0.21
VAVXAKX,1,0.21
VAVSXXT,1,0.21
VAVSXKX,1,0.21
VAVSAXX,1,0.21
XXVSANP,1,0.21
XDXSANP,1,0.21
XDVXANP,1,0.21
XDVSXNP,1,0.21
XDVSAXP,1,0.21
XDVSANX,1,0.21
FXXSANP,1,0.21
FXVXANP,1,0.21
FXVSXNP,1,0.21
FXVSAXP,1,0.21
FXVSANX,1,0.21
FDXXANP,1,0.21
FDXSXNP,1,0.21
FDXSAXP,1,0.21
FDXSANX,1,0.21
FDVXXNP,1,0.21
FDVXAXP,1,0.21
FDVXANX,1,0.21
FDVSXXP,1,0.21
FDVSXNX,1,0.21
FDVSAXX,1,0.21
