EXSAKXX,126,66.32
ETSAXXX,108,56.84
XTSAKXX,97,51.05
ETXAKXX,94,49.47
ETSXKXX,94,49.47
EXSAXXR,85,44.74
XXSAKXR,84,44.21
EXXAKXR,81,42.63
EXSXKXR,81,42.63
XTSAXXR,76,40
ETXAXXR,73,38.42
ETSXXXR,73,38.42
XTXAKXR,72,37.89
XTSXKXR,72,37.89
ETXXKXR,69,36.32
XXSAKTX,56,29.47
EXSAXTX,55,28.95
XXXAKTR,53,27.89
XXSXKTR,53,27.89
XXSAXTR,53,27.89
XTXAKTX,53,27.89
XTSXKTX,53,27.89
XTSAXTX,53,27.89
EXXAKTX,53,27.89
EXSXKTX,53,27.89
XTXXKTR,51,26.84
XTXAXTR,51,26.84
XTSXXTR,51,26.84
EXXXKTR,50,26.32
EXXAXTR,50,26.32
EXSXXTR,50,26.32
ETXXKTX,50,26.32
ETXAXTX,50,26.32
ETSXXTX,50,26.32
ETXXXTR,48,25.26
EXSAXXK,28,14.74
XXSAKXK,27,14.21
EXXAKXK,27,14.21
EXSXKXK,27,14.21
XXSAKSX,25,13.16
EXXAKSX,25,13.16
EXSXKSX,25,13.16
EXSAXSX,25,13.16
ESSAXXX,21,11.05
EXSAXLX,21,11.05
XXXAKSK,17,8.95
XXSXKSK,17,8.95
XXSAXSK,17,8.95
EXXXKSK,17,8.95
EXXAXSK,17,8.95
EXSXXSK,17,8.95
XSSAKXX,17,8.95
ESXAKXX,17,8.95
ESSXKXX,17,8.95
EXSAXXN,15,7.89
XXSAKQX,14,7.37
EXXAKQX,14,7.37
EXSXKQX,14,7.37
EXSAXQX,14,7.37
XTSAXXK,14,7.37
ETXAXXK,14,7.37
ETSXXXK,14,7.37
KXXAXVD,14,7.37
XTSAXLX,14,7.37
ETXAXLX,14,7.37
ETSXXLX,14,7.37
XTXAKXK,13,6.84
XTSXKXK,13,6.84
ETXXKXK,13,6.84
XTXAKSX,12,6.32
XTSXKSX,12,6.32
XTSAXSX,12,6.32
ETXXKSX,12,6.32
ETXAXSX,12,6.32
ETSXXSX,12,6.32
XTXAKQX,12,6.32
XTSXKQX,12,6.32
XTSAXQX,12,6.32
ETXXKQX,12,6.32
ETXAXQX,12,6.32
ETSXXQX,12,6.32
XSXAKSX,12,6.32
XSSXKSX,12,6.32
XSSAXSX,12,6.32
ESXXKSX,12,6.32
ESXAXSX,12,6.32
ESSXXSX,12,6.32
EXSAAXX,12,6.32
XSXXKSK,11,5.79
XSXAXSK,11,5.79
XSXAKXK,11,5.79
XSSXXSK,11,5.79
XSSXKXK,11,5.79
XSSAXXK,11,5.79
ESXXXSK,11,5.79
ESXXKXK,11,5.79
ESXAXXK,11,5.79
ESSXXXK,11,5.79
KXRANXX,11,5.79
EVSAXXX,11,5.79
XXXANVD,10,5.26
XXRXNVD,10,5.26
XXRAXVD,10,5.26
XXRANXD,10,5.26
XXRANVX,10,5.26
XTXXNVD,10,5.26
XTXAXVD,10,5.26
XTXANXD,10,5.26
XTXANVX,10,5.26
XTRXXVD,10,5.26
XTRXNXD,10,5.26
XTRXNVX,10,5.26
XTRAXXD,10,5.26
XTRAXVX,10,5.26
XTRANXX,10,5.26
KXXXNVD,10,5.26
KXXANXD,10,5.26
KXXANVX,10,5.26
KXRXXVD,10,5.26
KXRXNXD,10,5.26
KXRXNVX,10,5.26
KXRAXXD,10,5.26
KXRAXVX,10,5.26
KTXXXVD,10,5.26
KTXXNXD,10,5.26
KTXXNVX,10,5.26
KTXAXXD,10,5.26
KTXAXVX,10,5.26
KTXANXX,10,5.26
KTRXXXD,10,5.26
KTRXXVX,10,5.26
KTRXNXX,10,5.26
KTRAXXX,10,5.26
EXSAXNX,10,5.26
XXXAKQR,10,5.26
XXSXKQR,10,5.26
XXSAXQR,10,5.26
EXXXKQR,10,5.26
EXXAXQR,10,5.26
EXSXXQR,10,5.26
XXSAKXN,10,5.26
EXXAKXN,10,5.26
EXSXKXN,10,5.26
XTSAAXX,10,5.26
ETXAAXX,10,5.26
ETSXAXX,10,5.26
TSAAXXX,10,5.26
EXSAXEX,9,4.74
XXSAKNX,9,4.74
EXXAKNX,9,4.74
EXSXKNX,9,4.74
XTXXKQR,9,4.74
XTXAXQR,9,4.74
XTSXXQR,9,4.74
ETXXXQR,9,4.74
XXXAKSR,8,4.21
XXSXKSR,8,4.21
XXSAXSR,8,4.21
EXXXKSR,8,4.21
EXXAXSR,8,4.21
EXSXXSR,8,4.21
XSSAXXN,8,4.21
ESXAXXN,8,4.21
ESSXXXN,8,4.21
XXEASXK,8,4.21
XXEASAX,8,4.21
EASAXXX,8,4.21
XXSAALX,8,4.21
XTXAALX,8,4.21
XTSXALX,8,4.21
EXXAALX,8,4.21
EXSXALX,8,4.21
ETXXALX,8,4.21
XSAALXX,8,4.21
TXAALXX,8,4.21
TSXALXX,8,4.21
TSAXLXX,8,4.21
XXXASAK,7,3.68
XXEXSAK,7,3.68
XXEAXAK,7,3.68
XASAKXX,7,3.68
EAXAKXX,7,3.68
EASXKXX,7,3.68
XXSAAXH,7,3.68
EXXAAXH,7,3.68
EXSXAXH,7,3.68
EXSAXXH,7,3.68
XSAAXXH,7,3.68
XSAAXHX,7,3.68
TXAAXXH,7,3.68
TSXAXXH,7,3.68
TSAXXXH,7,3.68
EXSAXXD,7,3.68
XXSAXLR,7,3.68
EXXAXLR,7,3.68
EXSXXLR,7,3.68
XTXXKSR,6,3.16
XTXAXSR,6,3.16
XTSXXSR,6,3.16
ETXXXSR,6,3.16
XTXXKSK,6,3.16
XTXAXSK,6,3.16
XTSXXSK,6,3.16
ETXXXSK,6,3.16
XXXAKNK,6,3.16
XXSXKNK,6,3.16
XXSAXNK,6,3.16
EXXXKNK,6,3.16
EXXAXNK,6,3.16
EXSXXNK,6,3.16
XXXAALH,6,3.16
XXSXALH,6,3.16
XXSAXLH,6,3.16
XTXXALH,6,3.16
XTXAXLH,6,3.16
XTXAAXH,6,3.16
XTSXXLH,6,3.16
XTSXAXH,6,3.16
XTSAXXH,6,3.16
EXXXALH,6,3.16
EXXAXLH,6,3.16
EXSXXLH,6,3.16
ETXXXLH,6,3.16
ETXXAXH,6,3.16
ETXAXXH,6,3.16
ETSXXXH,6,3.16
XXXALHH,6,3.16
XXAXLHH,6,3.16
XXAAXHH,6,3.16
XXAALXH,6,3.16
XXAALHX,6,3.16
XSXXLHH,6,3.16
XSXAXHH,6,3.16
XSXALXH,6,3.16
XSXALHX,6,3.16
XSAXXHH,6,3.16
XSAXLXH,6,3.16
XSAXLHX,6,3.16
TXXXLHH,6,3.16
TXXAXHH,6,3.16
TXXALXH,6,3.16
TXXALHX,6,3.16
TXAXXHH,6,3.16
TXAXLXH,6,3.16
TXAXLHX,6,3.16
TXAAXHX,6,3.16
TSXXXHH,6,3.16
TSXXLXH,6,3.16
TSXXLHX,6,3.16
TSXAXHX,6,3.16
TSAXXHX,6,3.16
XVSAKXX,6,3.16
EVXAKXX,6,3.16
EVSXKXX,6,3.16
EXSACXX,6,3.16
XXSAKLX,6,3.16
EXXAKLX,6,3.16
EXSXKLX,6,3.16
XXSAXEN,5,2.63
XXSARXN,5,2.63
XSXAXEN,5,2.63
XSSXXEN,5,2.63
XSSAXEX,5,2.63
EXXAXEN,5,2.63
EXXARXN,5,2.63
EXSXXEN,5,2.63
EXSXRXN,5,2.63
EXSARXX,5,2.63
ESXXXEN,5,2.63
ESXAXEX,5,2.63
ESSXXEX,5,2.63
XXSAKEX,5,2.63
EXXAKEX,5,2.63
EXSXKEX,5,2.63
XVXAKXR,5,2.63
XVSXKXR,5,2.63
XVSAXXR,5,2.63
EVXXKXR,5,2.63
EVXAXXR,5,2.63
EVSXXXR,5,2.63
XTXAKNX,5,2.63
XTSXKNX,5,2.63
XTSAXNX,5,2.63
ETXXKNX,5,2.63
ETXAXNX,5,2.63
ETSXXNX,5,2.63
EXSAXDX,5,2.63
XVSAXXD,5,2.63
EVXAXXD,5,2.63
EVSXXXD,5,2.63
XTXAKXN,5,2.63
XTSXKXN,5,2.63
XTSAXXN,5,2.63
ETXXKXN,5,2.63
ETXAXXN,5,2.63
ETSXXXN,5,2.63
EXSAXXQ,5,2.63
XSXARXN,4,2.11
XSSXRXN,4,2.11
XSSARXX,4,2.11
ESXXRXN,4,2.11
ESXARXX,4,2.11
ESSXRXX,4,2.11
FXXASXK,4,2.11
FXEXSXK,4,2.11
FXEAXXK,4,2.11
FXEASXX,4,2.11
XXXAKEN,4,2.11
XXSXKEN,4,2.11
XSXXKEN,4,2.11
XSXAKXN,4,2.11
XSXAKEX,4,2.11
XSSXKXN,4,2.11
XSSXKEX,4,2.11
EXXXKEN,4,2.11
ESXXKXN,4,2.11
ESXXKEX,4,2.11
XXXAVDV,4,2.11
XXTXVDV,4,2.11
XXTAXDV,4,2.11
XXTAVXV,4,2.11
XXTAVDX,4,2.11
XQXXVDV,4,2.11
XQXAXDV,4,2.11
XQXAVXV,4,2.11
XQXAVDX,4,2.11
XQTXXDV,4,2.11
XQTXVXV,4,2.11
XQTXVDX,4,2.11
XQTAXXV,4,2.11
XQTAXDX,4,2.11
XQTAVXX,4,2.11
NXXXVDV,4,2.11
NXXAXDV,4,2.11
NXXAVXV,4,2.11
NXXAVDX,4,2.11
NXTXXDV,4,2.11
NXTXVXV,4,2.11
NXTXVDX,4,2.11
NXTAXXV,4,2.11
NXTAXDX,4,2.11
NXTAVXX,4,2.11
NQXXXDV,4,2.11
NQXXVXV,4,2.11
NQXXVDX,4,2.11
NQXAXXV,4,2.11
NQXAXDX,4,2.11
NQXAVXX,4,2.11
NQTXXXV,4,2.11
NQTXXDX,4,2.11
NQTXVXX,4,2.11
NQTAXXX,4,2.11
XTXXKNK,4,2.11
XTXAXNK,4,2.11
XTSXXNK,4,2.11
ETXXXNK,4,2.11
XXXASVD,4,2.11
XXKXSVD,4,2.11
XXKAXVD,4,2.11
XXKASXD,4,2.11
XXKASVX,4,2.11
XNXXSVD,4,2.11
XNXAXVD,4,2.11
XNXASXD,4,2.11
XNXASVX,4,2.11
XNKXXVD,4,2.11
XNKXSXD,4,2.11
XNKXSVX,4,2.11
XNKAXXD,4,2.11
XNKAXVX,4,2.11
XNKASXX,4,2.11
KXXXSVD,4,2.11
KXXASXD,4,2.11
KXXASVX,4,2.11
KXKXXVD,4,2.11
KXKXSXD,4,2.11
KXKXSVX,4,2.11
KXKAXXD,4,2.11
KXKAXVX,4,2.11
KXKASXX,4,2.11
KNXXXVD,4,2.11
KNXXSXD,4,2.11
KNXXSVX,4,2.11
KNXAXXD,4,2.11
KNXAXVX,4,2.11
KNXASXX,4,2.11
KNKXXXD,4,2.11
KNKXXVX,4,2.11
KNKXSXX,4,2.11
KNKAXXX,4,2.11
XXXACLD,4,2.11
XXSXCLD,4,2.11
XXSAXLD,4,2.11
XXSACXD,4,2.11
XXSACLX,4,2.11
XVXXCLD,4,2.11
XVXAXLD,4,2.11
XVXACXD,4,2.11
XVXACLX,4,2.11
XVSXXLD,4,2.11
XVSXCXD,4,2.11
XVSXCLX,4,2.11
XVSAXLX,4,2.11
XVSACXX,4,2.11
EXXXCLD,4,2.11
EXXAXLD,4,2.11
EXXACXD,4,2.11
EXXACLX,4,2.11
EXSXXLD,4,2.11
EXSXCXD,4,2.11
EXSXCLX,4,2.11
EVXXXLD,4,2.11
EVXXCXD,4,2.11
EVXXCLX,4,2.11
EVXAXLX,4,2.11
EVXACXX,4,2.11
EVSXXLX,4,2.11
EVSXCXX,4,2.11
XXXAKLR,4,2.11
XXSXKLR,4,2.11
EXXXKLR,4,2.11
XXSAKIX,4,2.11
EXXAKIX,4,2.11
EXSXKIX,4,2.11
EXSAXIX,4,2.11
XTXAXLR,4,2.11
XTSXXLR,4,2.11
ETXXXLR,4,2.11
YXXXSAK,4,2.11
YXXAXAK,4,2.11
YXXASXK,4,2.11
YXXASAX,4,2.11
YXEXXAK,4,2.11
YXEXSXK,4,2.11
YXEXSAX,4,2.11
YXEAXXK,4,2.11
YXEAXAX,4,2.11
YXEASXX,4,2.11
XAXAKXR,4,2.11
XASXKXR,4,2.11
XASAXXR,4,2.11
EAXXKXR,4,2.11
EAXAXXR,4,2.11
EASXXXR,4,2.11
XTSAXXQ,4,2.11
ETXAXXQ,4,2.11
ETSXXXQ,4,2.11
EXXAREX,3,1.58
FXXXSAK,3,1.58
FXXAXAK,3,1.58
FXXASAX,3,1.58
FXEXXAK,3,1.58
FXEXSAX,3,1.58
FXEAXAX,3,1.58
XXSAKAX,3,1.58
XTXAKAX,3,1.58
XTSXKAX,3,1.58
XTSAXAX,3,1.58
EXXAKAX,3,1.58
EXSXKAX,3,1.58
EXSAXAX,3,1.58
ETXXKAX,3,1.58
ETXAXAX,3,1.58
ETSXXAX,3,1.58
XAXAKXN,3,1.58
XAKAXXN,3,1.58
SXKAXXN,3,1.58
SAXAXXN,3,1.58
SAKXXXN,3,1.58
SAKAXXX,3,1.58
XIXARXS,3,1.58
EXSAXYX,3,1.58
XXXAKDP,3,1.58
XXSXKDP,3,1.58
XXSAXDP,3,1.58
XXSAKXP,3,1.58
XXSAKDX,3,1.58
XTXXKDP,3,1.58
XTXAXDP,3,1.58
XTXAKXP,3,1.58
XTXAKDX,3,1.58
XTSXXDP,3,1.58
XTSXKXP,3,1.58
XTSXKDX,3,1.58
XTSAXXP,3,1.58
XTSAXDX,3,1.58
EXXXKDP,3,1.58
EXXAXDP,3,1.58
EXXAKXP,3,1.58
EXXAKDX,3,1.58
EXSXXDP,3,1.58
EXSXKXP,3,1.58
EXSXKDX,3,1.58
EXSAXXP,3,1.58
ETXXXDP,3,1.58
ETXXKXP,3,1.58
ETXXKDX,3,1.58
ETXAXXP,3,1.58
ETXAXDX,3,1.58
ETSXXXP,3,1.58
ETSXXDX,3,1.58
ECSAXXX,3,1.58
XXXAKIR,3,1.58
XXSXKIR,3,1.58
XXSAXIR,3,1.58
EXXXKIR,3,1.58
EXXAXIR,3,1.58
EXSXXIR,3,1.58
XFXXSAK,3,1.58
XFXAXAK,3,1.58
XFXASXK,3,1.58
XFXASAX,3,1.58
XFEXXAK,3,1.58
XFEXSXK,3,1.58
XFEXSAX,3,1.58
XFEAXXK,3,1.58
XFEAXAX,3,1.58
XFEASXX,3,1.58
XXSAAXR,3,1.58
XTXAAXR,3,1.58
XTSXAXR,3,1.58
EXXAAXR,3,1.58
EXSXAXR,3,1.58
ETXXAXR,3,1.58
XSAAXRX,3,1.58
TXAAXRX,3,1.58
TSXAXRX,3,1.58
TSAXXRX,3,1.58
XAXAKIX,3,1.58
XTXAKLX,3,1.58
XTSXKLX,3,1.58
ETXXKLX,3,1.58
XXXAKQA,2,1.05
XXSXKQA,2,1.05
XXSAXQA,2,1.05
XXSAKXA,2,1.05
XTXXKQA,2,1.05
XTXAXQA,2,1.05
XTXAKXA,2,1.05
XTSXXQA,2,1.05
XTSXKXA,2,1.05
XTSAXXA,2,1.05
EXXXKQA,2,1.05
EXXAXQA,2,1.05
EXXAKXA,2,1.05
EXSXXQA,2,1.05
EXSXKXA,2,1.05
EXSAXXA,2,1.05
ETXXXQA,2,1.05
ETXXKXA,2,1.05
ETXAXXA,2,1.05
ETSXXXA,2,1.05
XXXAINV,2,1.05
XXQXINV,2,1.05
XXQAXNV,2,1.05
XXQAIXV,2,1.05
XXQAINX,2,1.05
XKXXINV,2,1.05
XKXAXNV,2,1.05
XKXAIXV,2,1.05
XKXAINX,2,1.05
XKQXXNV,2,1.05
XKQXIXV,2,1.05
XKQXINX,2,1.05
XKQAXXV,2,1.05
XKQAXNX,2,1.05
XKQAIXX,2,1.05
AXXXINV,2,1.05
AXXAXNV,2,1.05
AXXAIXV,2,1.05
AXXAINX,2,1.05
AXQXXNV,2,1.05
AXQXIXV,2,1.05
AXQXINX,2,1.05
AXQAXXV,2,1.05
AXQAXNX,2,1.05
AXQAIXX,2,1.05
AKXXXNV,2,1.05
AKXXIXV,2,1.05
AKXXINX,2,1.05
AKXAXXV,2,1.05
AKXAXNX,2,1.05
AKXAIXX,2,1.05
AKQXXXV,2,1.05
AKQXXNX,2,1.05
AKQXIXX,2,1.05
AKQAXXX,2,1.05
XLXXSAK,2,1.05
XLXAXAK,2,1.05
XLXASXK,2,1.05
XLXASAX,2,1.05
XLEXXAK,2,1.05
XLEXSXK,2,1.05
XLEXSAX,2,1.05
XLEAXXK,2,1.05
XLEAXAX,2,1.05
XLEASXX,2,1.05
FLXXXAK,2,1.05
FLXXSXK,2,1.05
FLXXSAX,2,1.05
FLXAXXK,2,1.05
FLXAXAX,2,1.05
FLXASXX,2,1.05
FLEXXXK,2,1.05
FLEXXAX,2,1.05
FLEXSXX,2,1.05
FLEAXXX,2,1.05
XAXXKNK,2,1.05
XAXAXNK,2,1.05
XAXAKXK,2,1.05
XAXAKNX,2,1.05
XASXXNK,2,1.05
XASXKXK,2,1.05
XASXKNX,2,1.05
XASAXXK,2,1.05
XASAXNX,2,1.05
EAXXXNK,2,1.05
EAXXKXK,2,1.05
EAXXKNX,2,1.05
EAXAXXK,2,1.05
EAXAXNX,2,1.05
EASXXXK,2,1.05
EASXXNX,2,1.05
XXXAKAK,2,1.05
XXSXKAK,2,1.05
XXSAXAK,2,1.05
XTXXKAK,2,1.05
XTXAXAK,2,1.05
XTSXXAK,2,1.05
EXXXKAK,2,1.05
EXXAXAK,2,1.05
EXSXXAK,2,1.05
ETXXXAK,2,1.05
XXKAKXN,2,1.05
XAKXKXN,2,1.05
XAKAKXX,2,1.05
SXXAKXN,2,1.05
SXKXKXN,2,1.05
SXKAKXX,2,1.05
SAXXKXN,2,1.05
SAXAKXX,2,1.05
SAKXKXX,2,1.05
XTSAXVX,2,1.05
EXSAXVX,2,1.05
ETXAXVX,2,1.05
ETSXXVX,2,1.05
XXXARNS,2,1.05
XXVXRNS,2,1.05
XXVAXNS,2,1.05
XXVARXS,2,1.05
XXVARNX,2,1.05
XIXXRNS,2,1.05
XIXAXNS,2,1.05
XIXARNX,2,1.05
XIVXXNS,2,1.05
XIVXRXS,2,1.05
XIVXRNX,2,1.05
XIVAXXS,2,1.05
XIVAXNX,2,1.05
XIVARXX,2,1.05
RXXXRNS,2,1.05
RXXAXNS,2,1.05
RXXARXS,2,1.05
RXXARNX,2,1.05
RXVXXNS,2,1.05
RXVXRXS,2,1.05
RXVXRNX,2,1.05
RXVAXXS,2,1.05
RXVAXNX,2,1.05
RXVARXX,2,1.05
RIXXXNS,2,1.05
RIXXRXS,2,1.05
RIXXRNX,2,1.05
RIXAXXS,2,1.05
RIXAXNX,2,1.05
RIXARXX,2,1.05
RIVXXXS,2,1.05
RIVXXNX,2,1.05
RIVXRXX,2,1.05
RIVAXXX,2,1.05
XXMAFXA,2,1.05
XKXAFXA,2,1.05
XKMXFXA,2,1.05
XKMAXXA,2,1.05
XKMAFXX,2,1.05
RXXAFXA,2,1.05
RXMXFXA,2,1.05
RXMAXXA,2,1.05
RXMAFXX,2,1.05
RKXXFXA,2,1.05
RKXAXXA,2,1.05
RKXAFXX,2,1.05
RKMXXXA,2,1.05
RKMXFXX,2,1.05
RKMAXXX,2,1.05
XXSAXYK,2,1.05
EXXAXYK,2,1.05
EXSXXYK,2,1.05
XVXXKTR,2,1.05
XVXAXTR,2,1.05
XVXAKTX,2,1.05
XVSXXTR,2,1.05
XVSXKTX,2,1.05
XVSAXTX,2,1.05
EVXXXTR,2,1.05
EVXXKTX,2,1.05
EVXAXTX,2,1.05
EVSXXTX,2,1.05
XXXARDN,2,1.05
XXSXRDN,2,1.05
XXSAXDN,2,1.05
XXSARDX,2,1.05
XSXXRDN,2,1.05
XSXAXDN,2,1.05
XSXARDX,2,1.05
XSSXXDN,2,1.05
XSSXRDX,2,1.05
XSSAXDX,2,1.05
EXXXRDN,2,1.05
EXXAXDN,2,1.05
EXXARDX,2,1.05
EXSXXDN,2,1.05
EXSXRDX,2,1.05
ESXXXDN,2,1.05
ESXXRDX,2,1.05
ESXAXDX,2,1.05
ESSXXDX,2,1.05
XTXAXAR,2,1.05
XAXARXN,2,1.05
XASAXXN,2,1.05
EAXAXXN,2,1.05
EASXXXN,2,1.05
XNVAXXF,2,1.05
KXXXKTR,2,1.05
KXXAXTR,2,1.05
KXXAKXR,2,1.05
KXXAKTX,2,1.05
KXSXXTR,2,1.05
KXSXKXR,2,1.05
KXSXKTX,2,1.05
KXSAXXR,2,1.05
KXSAXTX,2,1.05
KXSAKXX,2,1.05
KTXXXTR,2,1.05
KTXXKXR,2,1.05
KTXXKTX,2,1.05
KTXAXXR,2,1.05
KTXAXTX,2,1.05
KTXAKXX,2,1.05
KTSXXXR,2,1.05
KTSXXTX,2,1.05
KTSXKXX,2,1.05
KTSAXXX,2,1.05
XTXAKIX,2,1.05
XTSXKIX,2,1.05
XTSAXIX,2,1.05
ETXXKIX,2,1.05
ETXAXIX,2,1.05
ETSXXIX,2,1.05
XSXAKXR,2,1.05
XSSXKXR,2,1.05
XSSAXXR,2,1.05
ESXXKXR,2,1.05
ESXAXXR,2,1.05
ESSXXXR,2,1.05
XXXAKQN,2,1.05
XXSXKQN,2,1.05
XXSAXQN,2,1.05
EXXXKQN,2,1.05
EXXAXQN,2,1.05
EXSXXQN,2,1.05
XTSAXYX,2,1.05
ETXAXYX,2,1.05
ETSXXYX,2,1.05
XSAAXXY,2,1.05
XXXAALR,2,1.05
XXSXALR,2,1.05
XTXXALR,2,1.05
EXXXALR,2,1.05
XXXALRF,2,1.05
XXAXLRF,2,1.05
XXAAXRF,2,1.05
XXAALXF,2,1.05
XXAALRX,2,1.05
XSXXLRF,2,1.05
XSXAXRF,2,1.05
XSXALXF,2,1.05
XSXALRX,2,1.05
XSAXXRF,2,1.05
XSAXLXF,2,1.05
XSAXLRX,2,1.05
XSAAXXF,2,1.05
TXXXLRF,2,1.05
TXXAXRF,2,1.05
TXXALXF,2,1.05
TXXALRX,2,1.05
TXAXXRF,2,1.05
TXAXLXF,2,1.05
TXAXLRX,2,1.05
TXAAXXF,2,1.05
TSXXXRF,2,1.05
TSXXLXF,2,1.05
TSXXLRX,2,1.05
TSXAXXF,2,1.05
TSAXXXF,2,1.05
VXXAFXT,2,1.05
XXXAKNR,2,1.05
XXSXKNR,2,1.05
XXSAXNR,2,1.05
XVXXKNR,2,1.05
XVXAXNR,2,1.05
XVXAKNX,2,1.05
XVSXXNR,2,1.05
XVSXKNX,2,1.05
XVSAXNX,2,1.05
EXXXKNR,2,1.05
EXXAXNR,2,1.05
EXSXXNR,2,1.05
EVXXXNR,2,1.05
EVXXKNX,2,1.05
EVXAXNX,2,1.05
EVSXXNX,2,1.05
XXTAREX,2,1.05
XIXAREX,2,1.05
XITXREX,2,1.05
XITAXEX,2,1.05
XITARXX,2,1.05
EXTXREX,2,1.05
EXTAXEX,2,1.05
EXTARXX,2,1.05
EIXXREX,2,1.05
EIXAXEX,2,1.05
EIXARXX,2,1.05
EITXXEX,2,1.05
EITXRXX,2,1.05
EITAXXX,2,1.05
XMXXSAK,2,1.05
XMXAXAK,2,1.05
XMXASXK,2,1.05
XMXASAX,2,1.05
XMEXXAK,2,1.05
XMEXSXK,2,1.05
XMEXSAX,2,1.05
XMEAXXK,2,1.05
XMEAXAX,2,1.05
XMEASXX,2,1.05
YMXXXAK,2,1.05
YMXXSXK,2,1.05
YMXXSAX,2,1.05
YMXAXXK,2,1.05
YMXAXAX,2,1.05
YMXASXX,2,1.05
YMEXXXK,2,1.05
YMEXXAX,2,1.05
YMEXSXX,2,1.05
YMEAXXX,2,1.05
XAXXKIR,2,1.05
XAXAXIR,2,1.05
XASXXIR,2,1.05
XASXKIX,2,1.05
XASAXIX,2,1.05
EAXXXIR,2,1.05
EAXXKIX,2,1.05
EAXAXIX,2,1.05
EASXXIX,2,1.05
XXSAXNN,2,1.05
EXXAXNN,2,1.05
EXSXXNN,2,1.05
XXSAKXD,2,1.05
EXXAKXD,2,1.05
EXSXKXD,2,1.05
XXSAAEX,2,1.05
XLXAAEX,2,1.05
XLSXAEX,2,1.05
XLSAXEX,2,1.05
XLSAAXX,2,1.05
EXXAAEX,2,1.05
EXSXAEX,2,1.05
ELXXAEX,2,1.05
ELXAXEX,2,1.05
ELXAAXX,2,1.05
ELSXXEX,2,1.05
ELSXAXX,2,1.05
ELSAXXX,2,1.05
XSAAEXX,2,1.05
LXAAEXX,2,1.05
LSXAEXX,2,1.05
LSAXEXX,2,1.05
LSAAXXX,2,1.05
XXXACTG,2,1.05
XXSXCTG,2,1.05
XXSAXTG,2,1.05
XXSACXG,2,1.05
XXSACTX,2,1.05
XCXXCTG,2,1.05
XCXAXTG,2,1.05
XCXACXG,2,1.05
XCXACTX,2,1.05
XCSXXTG,2,1.05
XCSXCXG,2,1.05
XCSXCTX,2,1.05
XCSAXXG,2,1.05
XCSAXTX,2,1.05
XCSACXX,2,1.05
EXXXCTG,2,1.05
EXXAXTG,2,1.05
EXXACXG,2,1.05
EXXACTX,2,1.05
EXSXXTG,2,1.05
EXSXCXG,2,1.05
EXSXCTX,2,1.05
EXSAXXG,2,1.05
ECXXXTG,2,1.05
ECXXCXG,2,1.05
ECXXCTX,2,1.05
ECXAXXG,2,1.05
ECXAXTX,2,1.05
ECXACXX,2,1.05
ECSXXXG,2,1.05
ECSXXTX,2,1.05
ECSXCXX,2,1.05
XXSAAXQ,2,1.05
EXXAAXQ,2,1.05
EXSXAXQ,2,1.05
XSAAXQX,2,1.05
XXXATLQ,2,1.05
XXSXTLQ,2,1.05
XXSAXLQ,2,1.05
XXSATXQ,2,1.05
XXSATLX,2,1.05
XTXXTLQ,2,1.05
XTXAXLQ,2,1.05
XTXATXQ,2,1.05
XTXATLX,2,1.05
XTSXXLQ,2,1.05
XTSXTXQ,2,1.05
XTSXTLX,2,1.05
XTSATXX,2,1.05
EXXXTLQ,2,1.05
EXXAXLQ,2,1.05
EXXATXQ,2,1.05
EXXATLX,2,1.05
EXSXXLQ,2,1.05
EXSXTXQ,2,1.05
EXSXTLX,2,1.05
EXSATXX,2,1.05
ETXXXLQ,2,1.05
ETXXTXQ,2,1.05
ETXXTLX,2,1.05
ETXATXX,2,1.05
ETSXTXX,2,1.05
YFXXXAK,2,1.05
YFXXSXK,2,1.05
YFXXSAX,2,1.05
YFXAXXK,2,1.05
YFXAXAX,2,1.05
YFXASXX,2,1.05
YFEXXXK,2,1.05
YFEXXAX,2,1.05
YFEXSXX,2,1.05
YFEAXXX,2,1.05
XAXXKLR,2,1.05
XAXAXLR,2,1.05
XAXAKLX,2,1.05
XASXXLR,2,1.05
XASXKLX,2,1.05
XASAXLX,2,1.05
EAXXXLR,2,1.05
EAXXKLX,2,1.05
EAXAXLX,2,1.05
EASXXLX,2,1.05
XXXAKLN,2,1.05
XXSXKLN,2,1.05
XXSAXLN,2,1.05
XTXXKLN,2,1.05
XTXAXLN,2,1.05
XTSXXLN,2,1.05
EXXXKLN,2,1.05
EXXAXLN,2,1.05
EXSXXLN,2,1.05
ETXXXLN,2,1.05
XXXAREN,1,0.53
XXSXREN,1,0.53
XXSAREX,1,0.53
XSXXREN,1,0.53
XSXAREX,1,0.53
XSSXREX,1,0.53
EXXXREN,1,0.53
EXSXREX,1,0.53
ESXXREX,1,0.53
XXXAKVN,1,0.53
XXKXKVN,1,0.53
XXKAXVN,1,0.53
XXKAKVX,1,0.53
XAXXKVN,1,0.53
XAXAXVN,1,0.53
XAXAKVX,1,0.53
XAKXXVN,1,0.53
XAKXKVX,1,0.53
XAKAXVX,1,0.53
SXXXKVN,1,0.53
SXXAXVN,1,0.53
SXXAKVX,1,0.53
SXKXXVN,1,0.53
SXKXKVX,1,0.53
SXKAXVX,1,0.53
SAXXXVN,1,0.53
SAXXKVX,1,0.53
SAXAXVX,1,0.53
SAKXXVX,1,0.53
XXXAKKR,1,0.53
XXSXKKR,1,0.53
XXSAXKR,1,0.53
XXSAKKX,1,0.53
XTXXKKR,1,0.53
XTXAXKR,1,0.53
XTXAKKX,1,0.53
XTSXXKR,1,0.53
XTSXKKX,1,0.53
XTSAXKX,1,0.53
EXXXKKR,1,0.53
EXXAXKR,1,0.53
EXXAKKX,1,0.53
EXSXXKR,1,0.53
EXSXKKX,1,0.53
EXSAXKX,1,0.53
ETXXXKR,1,0.53
ETXXKKX,1,0.53
ETXAXKX,1,0.53
ETSXXKX,1,0.53
XXXAKVR,1,0.53
XXSXKVR,1,0.53
XXSAXVR,1,0.53
XXSAKVX,1,0.53
XTXXKVR,1,0.53
XTXAXVR,1,0.53
XTXAKVX,1,0.53
XTSXXVR,1,0.53
XTSXKVX,1,0.53
EXXXKVR,1,0.53
EXXAXVR,1,0.53
EXXAKVX,1,0.53
EXSXXVR,1,0.53
EXSXKVX,1,0.53
ETXXXVR,1,0.53
ETXXKVX,1,0.53
XXXAGGC,1,0.53
XXGXGGC,1,0.53
XXGAXGC,1,0.53
XXGAGXC,1,0.53
XXGAGGX,1,0.53
XEXXGGC,1,0.53
XEXAXGC,1,0.53
XEXAGXC,1,0.53
XEXAGGX,1,0.53
XEGXXGC,1,0.53
XEGXGXC,1,0.53
XEGXGGX,1,0.53
XEGAXXC,1,0.53
XEGAXGX,1,0.53
XEGAGXX,1,0.53
DXXXGGC,1,0.53
DXXAXGC,1,0.53
DXXAGXC,1,0.53
DXXAGGX,1,0.53
DXGXXGC,1,0.53
DXGXGXC,1,0.53
DXGXGGX,1,0.53
DXGAXXC,1,0.53
DXGAXGX,1,0.53
DXGAGXX,1,0.53
DEXXXGC,1,0.53
DEXXGXC,1,0.53
DEXXGGX,1,0.53
DEXAXXC,1,0.53
DEXAXGX,1,0.53
DEXAGXX,1,0.53
DEGXXXC,1,0.53
DEGXXGX,1,0.53
DEGXGXX,1,0.53
DEGAXXX,1,0.53
XXXAFLA,1,0.53
XXMXFLA,1,0.53
XXMAXLA,1,0.53
XXMAFLX,1,0.53
XKXXFLA,1,0.53
XKXAXLA,1,0.53
XKXAFLX,1,0.53
XKMXXLA,1,0.53
XKMXFLX,1,0.53
XKMAXLX,1,0.53
RXXXFLA,1,0.53
RXXAXLA,1,0.53
RXXAFLX,1,0.53
RXMXXLA,1,0.53
RXMXFLX,1,0.53
RXMAXLX,1,0.53
RKXXXLA,1,0.53
RKXXFLX,1,0.53
RKXAXLX,1,0.53
RKMXXLX,1,0.53
XVXXKSR,1,0.53
XVXAXSR,1,0.53
XVXAKSX,1,0.53
XVSXXSR,1,0.53
XVSXKSX,1,0.53
XVSAXSX,1,0.53
EVXXXSR,1,0.53
EVXXKSX,1,0.53
EVXAXSX,1,0.53
EVSXXSX,1,0.53
XXXANIE,1,0.53
XXRXNIE,1,0.53
XXRAXIE,1,0.53
XXRANXE,1,0.53
XXRANIX,1,0.53
XSXXNIE,1,0.53
XSXAXIE,1,0.53
XSXANXE,1,0.53
XSXANIX,1,0.53
XSRXXIE,1,0.53
XSRXNXE,1,0.53
XSRXNIX,1,0.53
XSRAXXE,1,0.53
XSRAXIX,1,0.53
XSRANXX,1,0.53
KXXXNIE,1,0.53
KXXAXIE,1,0.53
KXXANXE,1,0.53
KXXANIX,1,0.53
KXRXXIE,1,0.53
KXRXNXE,1,0.53
KXRXNIX,1,0.53
KXRAXXE,1,0.53
KXRAXIX,1,0.53
KSXXXIE,1,0.53
KSXXNXE,1,0.53
KSXXNIX,1,0.53
KSXAXXE,1,0.53
KSXAXIX,1,0.53
KSXANXX,1,0.53
KSRXXXE,1,0.53
KSRXXIX,1,0.53
KSRXNXX,1,0.53
KSRAXXX,1,0.53
XXXAKYK,1,0.53
XXSXKYK,1,0.53
XXSAKYX,1,0.53
XVXXKYK,1,0.53
XVXAXYK,1,0.53
XVXAKXK,1,0.53
XVXAKYX,1,0.53
XVSXXYK,1,0.53
XVSXKXK,1,0.53
XVSXKYX,1,0.53
XVSAXXK,1,0.53
XVSAXYX,1,0.53
EXXXKYK,1,0.53
EXXAKYX,1,0.53
EXSXKYX,1,0.53
EVXXXYK,1,0.53
EVXXKXK,1,0.53
EVXXKYX,1,0.53
EVXAXXK,1,0.53
EVXAXYX,1,0.53
EVSXXXK,1,0.53
EVSXXYX,1,0.53
XXXAFRA,1,0.53
XXMXFRA,1,0.53
XXMAXRA,1,0.53
XXMAFRX,1,0.53
XKXXFRA,1,0.53
XKXAXRA,1,0.53
XKXAFRX,1,0.53
XKMXXRA,1,0.53
XKMXFRX,1,0.53
XKMAXRX,1,0.53
RXXXFRA,1,0.53
RXXAXRA,1,0.53
RXXAFRX,1,0.53
RXMXXRA,1,0.53
RXMXFRX,1,0.53
RXMAXRX,1,0.53
RKXXXRA,1,0.53
RKXXFRX,1,0.53
RKXAXRX,1,0.53
RKMXXRX,1,0.53
XCXXKLR,1,0.53
XCXAXLR,1,0.53
XCXAKXR,1,0.53
XCXAKLX,1,0.53
XCSXXLR,1,0.53
XCSXKXR,1,0.53
XCSXKLX,1,0.53
XCSAXXR,1,0.53
XCSAXLX,1,0.53
XCSAKXX,1,0.53
ECXXXLR,1,0.53
ECXXKXR,1,0.53
ECXXKLX,1,0.53
ECXAXXR,1,0.53
ECXAXLX,1,0.53
ECXAKXX,1,0.53
ECSXXXR,1,0.53
ECSXXLX,1,0.53
ECSXKXX,1,0.53
XXXASAR,1,0.53
XXEXSAR,1,0.53
XXEAXAR,1,0.53
XXEASXR,1,0.53
XTXXSAR,1,0.53
XTXASXR,1,0.53
XTXASAX,1,0.53
XTEXXAR,1,0.53
XTEXSXR,1,0.53
XTEXSAX,1,0.53
XTEAXXR,1,0.53
XTEAXAX,1,0.53
XTEASXX,1,0.53
WXXXSAR,1,0.53
WXXAXAR,1,0.53
WXXASXR,1,0.53
WXXASAX,1,0.53
WXEXXAR,1,0.53
WXEXSXR,1,0.53
WXEXSAX,1,0.53
WXEAXXR,1,0.53
WXEAXAX,1,0.53
WXEASXX,1,0.53
WTXXXAR,1,0.53
WTXXSXR,1,0.53
WTXXSAX,1,0.53
WTXAXXR,1,0.53
WTXAXAX,1,0.53
WTXASXX,1,0.53
WTEXXXR,1,0.53
WTEXXAX,1,0.53
WTEXSXX,1,0.53
WTEAXXX,1,0.53
XXXARHN,1,0.53
XXSXRHN,1,0.53
XXSAXHN,1,0.53
XXSARHX,1,0.53
XAXXRHN,1,0.53
XAXAXHN,1,0.53
XAXARHX,1,0.53
XASXXHN,1,0.53
XASXRXN,1,0.53
XASXRHX,1,0.53
XASAXHX,1,0.53
XASARXX,1,0.53
EXXXRHN,1,0.53
EXXAXHN,1,0.53
EXXARHX,1,0.53
EXSXXHN,1,0.53
EXSXRHX,1,0.53
EXSAXHX,1,0.53
EAXXXHN,1,0.53
EAXXRXN,1,0.53
EAXXRHX,1,0.53
EAXAXHX,1,0.53
EAXARXX,1,0.53
EASXXHX,1,0.53
EASXRXX,1,0.53
XXXARAF,1,0.53
XXVXRAF,1,0.53
XXVAXAF,1,0.53
XXVARXF,1,0.53
XXVARAX,1,0.53
XNXXRAF,1,0.53
XNXAXAF,1,0.53
XNXARXF,1,0.53
XNXARAX,1,0.53
XNVXXAF,1,0.53
XNVXRXF,1,0.53
XNVXRAX,1,0.53
XNVAXAX,1,0.53
XNVARXX,1,0.53
EXXXRAF,1,0.53
EXXAXAF,1,0.53
EXXARXF,1,0.53
EXXARAX,1,0.53
EXVXXAF,1,0.53
EXVXRXF,1,0.53
EXVXRAX,1,0.53
EXVAXXF,1,0.53
EXVAXAX,1,0.53
EXVARXX,1,0.53
ENXXXAF,1,0.53
ENXXRXF,1,0.53
ENXXRAX,1,0.53
ENXAXXF,1,0.53
ENXAXAX,1,0.53
ENXARXX,1,0.53
ENVXXXF,1,0.53
ENVXXAX,1,0.53
ENVXRXX,1,0.53
ENVAXXX,1,0.53
XTXXKIR,1,0.53
XTXAXIR,1,0.53
XTSXXIR,1,0.53
ETXXXIR,1,0.53
XSXXKQR,1,0.53
XSXAXQR,1,0.53
XSXAKQX,1,0.53
XSSXXQR,1,0.53
XSSXKQX,1,0.53
XSSAXQX,1,0.53
ESXXXQR,1,0.53
ESXXKQX,1,0.53
ESXAXQX,1,0.53
ESSXXQX,1,0.53
FFXXXAK,1,0.53
FFXXSXK,1,0.53
FFXXSAX,1,0.53
FFXAXXK,1,0.53
FFXAXAX,1,0.53
FFXASXX,1,0.53
FFEXXXK,1,0.53
FFEXXAX,1,0.53
FFEXSXX,1,0.53
FFEAXXX,1,0.53
XAXXKQN,1,0.53
XAXAXQN,1,0.53
XAXAKQX,1,0.53
XASXXQN,1,0.53
XASXKXN,1,0.53
XASXKQX,1,0.53
XASAXQX,1,0.53
EAXXXQN,1,0.53
EAXXKXN,1,0.53
EAXXKQX,1,0.53
EAXAXQX,1,0.53
EASXXQX,1,0.53
XXXAAYR,1,0.53
XXSXAYR,1,0.53
XXSAXYR,1,0.53
XXSAAYX,1,0.53
XTXXAYR,1,0.53
XTXAXYR,1,0.53
XTXAAYX,1,0.53
XTSXXYR,1,0.53
XTSXAYX,1,0.53
EXXXAYR,1,0.53
EXXAXYR,1,0.53
EXXAAYX,1,0.53
EXSXXYR,1,0.53
EXSXAYX,1,0.53
ETXXXYR,1,0.53
ETXXAYX,1,0.53
XXXAYRY,1,0.53
XXAXYRY,1,0.53
XXAAXRY,1,0.53
XXAAYXY,1,0.53
XXAAYRX,1,0.53
XSXXYRY,1,0.53
XSXAXRY,1,0.53
XSXAYXY,1,0.53
XSXAYRX,1,0.53
XSAXXRY,1,0.53
XSAXYXY,1,0.53
XSAXYRX,1,0.53
XSAAYXX,1,0.53
TXXXYRY,1,0.53
TXXAXRY,1,0.53
TXXAYXY,1,0.53
TXXAYRX,1,0.53
TXAXXRY,1,0.53
TXAXYXY,1,0.53
TXAXYRX,1,0.53
TXAAXXY,1,0.53
TXAAYXX,1,0.53
TSXXXRY,1,0.53
TSXXYXY,1,0.53
TSXXYRX,1,0.53
TSXAXXY,1,0.53
TSXAYXX,1,0.53
TSAXXXY,1,0.53
TSAXYXX,1,0.53
XXXASSK,1,0.53
XXEXSSK,1,0.53
XXEAXSK,1,0.53
XXEASSX,1,0.53
XWXXSSK,1,0.53
XWXAXSK,1,0.53
XWXASXK,1,0.53
XWXASSX,1,0.53
XWEXXSK,1,0.53
XWEXSXK,1,0.53
XWEXSSX,1,0.53
XWEAXXK,1,0.53
XWEAXSX,1,0.53
XWEASXX,1,0.53
FXXXSSK,1,0.53
FXXAXSK,1,0.53
FXXASSX,1,0.53
FXEXXSK,1,0.53
FXEXSSX,1,0.53
FXEAXSX,1,0.53
FWXXXSK,1,0.53
FWXXSXK,1,0.53
FWXXSSX,1,0.53
FWXAXXK,1,0.53
FWXAXSX,1,0.53
FWXASXX,1,0.53
FWEXXXK,1,0.53
FWEXXSX,1,0.53
FWEXSXX,1,0.53
FWEAXXX,1,0.53
XXXAKTK,1,0.53
XXSXKTK,1,0.53
XXSAXTK,1,0.53
XTXXKTK,1,0.53
XTXAXTK,1,0.53
XTSXXTK,1,0.53
EXXXKTK,1,0.53
EXXAXTK,1,0.53
EXSXXTK,1,0.53
ETXXXTK,1,0.53
XXXAFFT,1,0.53
XXEXFFT,1,0.53
XXEAXFT,1,0.53
XXEAFXT,1,0.53
XXEAFFX,1,0.53
XEXXFFT,1,0.53
XEXAXFT,1,0.53
XEXAFXT,1,0.53
XEXAFFX,1,0.53
XEEXXFT,1,0.53
XEEXFXT,1,0.53
XEEXFFX,1,0.53
XEEAXXT,1,0.53
XEEAXFX,1,0.53
XEEAFXX,1,0.53
VXXXFFT,1,0.53
VXXAXFT,1,0.53
VXXAFFX,1,0.53
VXEXXFT,1,0.53
VXEXFXT,1,0.53
VXEXFFX,1,0.53
VXEAXXT,1,0.53
VXEAXFX,1,0.53
VXEAFXX,1,0.53
VEXXXFT,1,0.53
VEXXFXT,1,0.53
VEXXFFX,1,0.53
VEXAXXT,1,0.53
VEXAXFX,1,0.53
VEXAFXX,1,0.53
VEEXXXT,1,0.53
VEEXXFX,1,0.53
VEEXFXX,1,0.53
VEEAXXX,1,0.53
XXXAKER,1,0.53
XXSXKER,1,0.53
XXSAXER,1,0.53
XTXXKER,1,0.53
XTXAXER,1,0.53
XTXAKEX,1,0.53
XTSXXER,1,0.53
XTSXKEX,1,0.53
XTSAXEX,1,0.53
EXXXKER,1,0.53
EXXAXER,1,0.53
EXSXXER,1,0.53
ETXXXER,1,0.53
ETXXKEX,1,0.53
ETXAXEX,1,0.53
ETSXXEX,1,0.53
XTXXKQN,1,0.53
XTXAXQN,1,0.53
XTSXXQN,1,0.53
ETXXXQN,1,0.53
XXXARES,1,0.53
XXTXRES,1,0.53
XXTAXES,1,0.53
XXTARXS,1,0.53
XIXXRES,1,0.53
XIXAXES,1,0.53
XITXXES,1,0.53
XITXRXS,1,0.53
XITAXXS,1,0.53
EXXXRES,1,0.53
EXXAXES,1,0.53
EXXARXS,1,0.53
EXTXXES,1,0.53
EXTXRXS,1,0.53
EXTAXXS,1,0.53
EIXXXES,1,0.53
EIXXRXS,1,0.53
EIXAXXS,1,0.53
EITXXXS,1,0.53
XXXAAFI,1,0.53
XXQXAFI,1,0.53
XXQAXFI,1,0.53
XXQAAXI,1,0.53
XXQAAFX,1,0.53
XNXXAFI,1,0.53
XNXAXFI,1,0.53
XNXAAXI,1,0.53
XNXAAFX,1,0.53
XNQXXFI,1,0.53
XNQXAXI,1,0.53
XNQXAFX,1,0.53
XNQAXXI,1,0.53
XNQAXFX,1,0.53
XNQAAXX,1,0.53
RXXXAFI,1,0.53
RXXAXFI,1,0.53
RXXAAXI,1,0.53
RXXAAFX,1,0.53
RXQXXFI,1,0.53
RXQXAXI,1,0.53
RXQXAFX,1,0.53
RXQAXXI,1,0.53
RXQAXFX,1,0.53
RXQAAXX,1,0.53
RNXXXFI,1,0.53
RNXXAXI,1,0.53
RNXXAFX,1,0.53
RNXAXXI,1,0.53
RNXAXFX,1,0.53
RNXAAXX,1,0.53
RNQXXXI,1,0.53
RNQXXFX,1,0.53
RNQXAXX,1,0.53
RNQAXXX,1,0.53
XXXAFIE,1,0.53
XXAXFIE,1,0.53
XXAAXIE,1,0.53
XXAAFXE,1,0.53
XXAAFIX,1,0.53
XQXXFIE,1,0.53
XQXAXIE,1,0.53
XQXAFXE,1,0.53
XQXAFIX,1,0.53
XQAXXIE,1,0.53
XQAXFXE,1,0.53
XQAXFIX,1,0.53
XQAAXXE,1,0.53
XQAAXIX,1,0.53
XQAAFXX,1,0.53
NXXXFIE,1,0.53
NXXAXIE,1,0.53
NXXAFXE,1,0.53
NXXAFIX,1,0.53
NXAXXIE,1,0.53
NXAXFXE,1,0.53
NXAXFIX,1,0.53
NXAAXXE,1,0.53
NXAAXIX,1,0.53
NXAAFXX,1,0.53
NQXXXIE,1,0.53
NQXXFXE,1,0.53
NQXXFIX,1,0.53
NQXAXXE,1,0.53
NQXAXIX,1,0.53
NQXAFXX,1,0.53
NQAXXXE,1,0.53
NQAXXIX,1,0.53
NQAXFXX,1,0.53
NQAAXXX,1,0.53
XXXARET,1,0.53
XXTXRET,1,0.53
XXTAXET,1,0.53
XXTARXT,1,0.53
XIXXRET,1,0.53
XIXAXET,1,0.53
XIXARXT,1,0.53
XITXXET,1,0.53
XITXRXT,1,0.53
XITAXXT,1,0.53
EXXXRET,1,0.53
EXXAXET,1,0.53
EXXARXT,1,0.53
EXTXXET,1,0.53
EXTXRXT,1,0.53
EXTAXXT,1,0.53
EIXXXET,1,0.53
EIXXRXT,1,0.53
EIXAXXT,1,0.53
EITXXXT,1,0.53
XXXAKIN,1,0.53
XXKXKIN,1,0.53
XXKAXIN,1,0.53
XXKAKIX,1,0.53
XAXXKIN,1,0.53
XAXAXIN,1,0.53
XAKXXIN,1,0.53
XAKXKIX,1,0.53
XAKAXIX,1,0.53
SXXXKIN,1,0.53
SXXAXIN,1,0.53
SXXAKIX,1,0.53
SXKXXIN,1,0.53
SXKXKIX,1,0.53
SXKAXIX,1,0.53
SAXXXIN,1,0.53
SAXXKIX,1,0.53
SAXAXIX,1,0.53
SAKXXIX,1,0.53
XXXARNN,1,0.53
XXSXRNN,1,0.53
XXSARNX,1,0.53
XSXXRNN,1,0.53
XSXAXNN,1,0.53
XSXARNX,1,0.53
XSSXXNN,1,0.53
XSSXRNX,1,0.53
XSSAXNX,1,0.53
EXXXRNN,1,0.53
EXXARNX,1,0.53
EXSXRNX,1,0.53
ESXXXNN,1,0.53
ESXXRNX,1,0.53
ESXAXNX,1,0.53
ESSXXNX,1,0.53
XXXAFYT,1,0.53
XXDXFYT,1,0.53
XXDAXYT,1,0.53
XXDAFXT,1,0.53
XXDAFYX,1,0.53
XDXXFYT,1,0.53
XDXAXYT,1,0.53
XDXAFXT,1,0.53
XDXAFYX,1,0.53
XDDXXYT,1,0.53
XDDXFXT,1,0.53
XDDXFYX,1,0.53
XDDAXXT,1,0.53
XDDAXYX,1,0.53
XDDAFXX,1,0.53
VXXXFYT,1,0.53
VXXAXYT,1,0.53
VXXAFYX,1,0.53
VXDXXYT,1,0.53
VXDXFXT,1,0.53
VXDXFYX,1,0.53
VXDAXXT,1,0.53
VXDAXYX,1,0.53
VXDAFXX,1,0.53
VDXXXYT,1,0.53
VDXXFXT,1,0.53
VDXXFYX,1,0.53
VDXAXXT,1,0.53
VDXAXYX,1,0.53
VDXAFXX,1,0.53
VDDXXXT,1,0.53
VDDXXYX,1,0.53
VDDXFXX,1,0.53
VDDAXXX,1,0.53
XXXAKID,1,0.53
XXSXKID,1,0.53
XXSAXID,1,0.53
XTXXKID,1,0.53
XTXAXID,1,0.53
XTXAKXD,1,0.53
XTSXXID,1,0.53
XTSXKXD,1,0.53
XTSAXXD,1,0.53
EXXXKID,1,0.53
EXXAXID,1,0.53
EXSXXID,1,0.53
ETXXXID,1,0.53
ETXXKXD,1,0.53
ETXAXXD,1,0.53
ETSXXXD,1,0.53
XXXAAEH,1,0.53
XXSXAEH,1,0.53
XXSAXEH,1,0.53
XLXXAEH,1,0.53
XLXAXEH,1,0.53
XLXAAXH,1,0.53
XLSXXEH,1,0.53
XLSXAXH,1,0.53
XLSAXXH,1,0.53
EXXXAEH,1,0.53
EXXAXEH,1,0.53
EXSXXEH,1,0.53
ELXXXEH,1,0.53
ELXXAXH,1,0.53
ELXAXXH,1,0.53
ELSXXXH,1,0.53
XXXAEHY,1,0.53
XXAXEHY,1,0.53
XXAAXHY,1,0.53
XXAAEXY,1,0.53
XXAAEHX,1,0.53
XSXXEHY,1,0.53
XSXAXHY,1,0.53
XSXAEXY,1,0.53
XSXAEHX,1,0.53
XSAXXHY,1,0.53
XSAXEXY,1,0.53
XSAXEHX,1,0.53
LXXXEHY,1,0.53
LXXAXHY,1,0.53
LXXAEXY,1,0.53
LXXAEHX,1,0.53
LXAXXHY,1,0.53
LXAXEXY,1,0.53
LXAXEHX,1,0.53
LXAAXXY,1,0.53
LXAAXHX,1,0.53
LSXXXHY,1,0.53
LSXXEXY,1,0.53
LSXXEHX,1,0.53
LSXAXXY,1,0.53
LSXAXHX,1,0.53
LSAXXXY,1,0.53
LSAXXHX,1,0.53
XSXXKSR,1,0.53
XSXAXSR,1,0.53
XSSXXSR,1,0.53
ESXXXSR,1,0.53
XTXXKLR,1,0.53
XXXAKTQ,1,0.53
XXSXKTQ,1,0.53
XXSAXTQ,1,0.53
XXSAKXQ,1,0.53
XTXXKTQ,1,0.53
XTXAXTQ,1,0.53
XTXAKXQ,1,0.53
XTSXXTQ,1,0.53
XTSXKXQ,1,0.53
EXXXKTQ,1,0.53
EXXAXTQ,1,0.53
EXXAKXQ,1,0.53
EXSXXTQ,1,0.53
EXSXKXQ,1,0.53
ETXXXTQ,1,0.53
ETXXKXQ,1,0.53
XXXAAEQ,1,0.53
XXSXAEQ,1,0.53
XXSAXEQ,1,0.53
XLXXAEQ,1,0.53
XLXAXEQ,1,0.53
XLXAAXQ,1,0.53
XLSXXEQ,1,0.53
XLSXAXQ,1,0.53
XLSAXXQ,1,0.53
EXXXAEQ,1,0.53
EXXAXEQ,1,0.53
EXSXXEQ,1,0.53
ELXXXEQ,1,0.53
ELXXAXQ,1,0.53
ELXAXXQ,1,0.53
ELSXXXQ,1,0.53
XXXAEQS,1,0.53
XXAXEQS,1,0.53
XXAAXQS,1,0.53
XXAAEXS,1,0.53
XXAAEQX,1,0.53
XSXXEQS,1,0.53
XSXAXQS,1,0.53
XSXAEXS,1,0.53
XSXAEQX,1,0.53
XSAXXQS,1,0.53
XSAXEXS,1,0.53
XSAXEQX,1,0.53
XSAAXXS,1,0.53
LXXXEQS,1,0.53
LXXAXQS,1,0.53
LXXAEXS,1,0.53
LXXAEQX,1,0.53
LXAXXQS,1,0.53
LXAXEXS,1,0.53
LXAXEQX,1,0.53
LXAAXXS,1,0.53
LXAAXQX,1,0.53
LSXXXQS,1,0.53
LSXXEXS,1,0.53
LSXXEQX,1,0.53
LSXAXXS,1,0.53
LSXAXQX,1,0.53
LSAXXXS,1,0.53
LSAXXQX,1,0.53
XXXAELF,1,0.53
XXVXELF,1,0.53
XXVAXLF,1,0.53
XXVAEXF,1,0.53
XXVAELX,1,0.53
XNXXELF,1,0.53
XNXAXLF,1,0.53
XNXAEXF,1,0.53
XNXAELX,1,0.53
XNVXXLF,1,0.53
XNVXEXF,1,0.53
XNVXELX,1,0.53
XNVAXLX,1,0.53
XNVAEXX,1,0.53
HXXXELF,1,0.53
HXXAXLF,1,0.53
HXXAEXF,1,0.53
HXXAELX,1,0.53
HXVXXLF,1,0.53
HXVXEXF,1,0.53
HXVXELX,1,0.53
HXVAXXF,1,0.53
HXVAXLX,1,0.53
HXVAEXX,1,0.53
HNXXXLF,1,0.53
HNXXEXF,1,0.53
HNXXELX,1,0.53
HNXAXXF,1,0.53
HNXAXLX,1,0.53
HNXAEXX,1,0.53
HNVXXXF,1,0.53
HNVXXLX,1,0.53
HNVXEXX,1,0.53
HNVAXXX,1,0.53
XXXAKAR,1,0.53
XXSXKAR,1,0.53
XXSAXAR,1,0.53
XTXXKAR,1,0.53
XTSXXAR,1,0.53
EXXXKAR,1,0.53
EXXAXAR,1,0.53
EXSXXAR,1,0.53
ETXXXAR,1,0.53
XXXARLN,1,0.53
XXKXRLN,1,0.53
XXKAXLN,1,0.53
XXKARXN,1,0.53
XXKARLX,1,0.53
XAXXRLN,1,0.53
XAXAXLN,1,0.53
XAXARLX,1,0.53
XAKXXLN,1,0.53
XAKXRXN,1,0.53
XAKXRLX,1,0.53
XAKAXLX,1,0.53
XAKARXX,1,0.53
SXXXRLN,1,0.53
SXXAXLN,1,0.53
SXXARXN,1,0.53
SXXARLX,1,0.53
SXKXXLN,1,0.53
SXKXRXN,1,0.53
SXKXRLX,1,0.53
SXKAXLX,1,0.53
SXKARXX,1,0.53
SAXXXLN,1,0.53
SAXXRXN,1,0.53
SAXXRLX,1,0.53
SAXAXLX,1,0.53
SAXARXX,1,0.53
SAKXXLX,1,0.53
SAKXRXX,1,0.53
XXXAKMN,1,0.53
XXSXKMN,1,0.53
XXSAXMN,1,0.53
XXSAKMX,1,0.53
XTXXKMN,1,0.53
XTXAXMN,1,0.53
XTXAKMX,1,0.53
XTSXXMN,1,0.53
XTSXKMX,1,0.53
XTSAXMX,1,0.53
EXXXKMN,1,0.53
EXXAXMN,1,0.53
EXXAKMX,1,0.53
EXSXXMN,1,0.53
EXSXKMX,1,0.53
EXSAXMX,1,0.53
ETXXXMN,1,0.53
ETXXKMX,1,0.53
ETXAXMX,1,0.53
ETSXXMX,1,0.53
XXXAKTD,1,0.53
XXSXKTD,1,0.53
XXSAXTD,1,0.53
XIXXKTD,1,0.53
XIXAXTD,1,0.53
XIXAKXD,1,0.53
XIXAKTX,1,0.53
XISXXTD,1,0.53
XISXKXD,1,0.53
XISXKTX,1,0.53
XISAXXD,1,0.53
XISAXTX,1,0.53
XISAKXX,1,0.53
EXXXKTD,1,0.53
EXXAXTD,1,0.53
EXSXXTD,1,0.53
EIXXXTD,1,0.53
EIXXKXD,1,0.53
EIXXKTX,1,0.53
EIXAXXD,1,0.53
EIXAXTX,1,0.53
EIXAKXX,1,0.53
EISXXXD,1,0.53
EISXXTX,1,0.53
EISXKXX,1,0.53
EISAXXX,1,0.53
XXXAKNN,1,0.53
XXSXKNN,1,0.53
XTXXKNN,1,0.53
XTXAXNN,1,0.53
XTSXXNN,1,0.53
EXXXKNN,1,0.53
ETXXXNN,1,0.53
XXXASED,1,0.53
XXSXSED,1,0.53
XXSAXED,1,0.53
XXSASXD,1,0.53
XXSASEX,1,0.53
XVXXSED,1,0.53
XVXAXED,1,0.53
XVXASXD,1,0.53
XVXASEX,1,0.53
XVSXXED,1,0.53
XVSXSXD,1,0.53
XVSXSEX,1,0.53
XVSAXEX,1,0.53
XVSASXX,1,0.53
EXXXSED,1,0.53
EXXAXED,1,0.53
EXXASXD,1,0.53
EXXASEX,1,0.53
EXSXXED,1,0.53
EXSXSXD,1,0.53
EXSXSEX,1,0.53
EXSASXX,1,0.53
EVXXXED,1,0.53
EVXXSXD,1,0.53
EVXXSEX,1,0.53
EVXAXEX,1,0.53
EVXASXX,1,0.53
EVSXXEX,1,0.53
EVSXSXX,1,0.53
XXXAAVQ,1,0.53
XXSXAVQ,1,0.53
XXSAXVQ,1,0.53
XXSAAVX,1,0.53
XTXXAVQ,1,0.53
XTXAXVQ,1,0.53
XTXAAXQ,1,0.53
XTXAAVX,1,0.53
XTSXXVQ,1,0.53
XTSXAXQ,1,0.53
XTSXAVX,1,0.53
EXXXAVQ,1,0.53
EXXAXVQ,1,0.53
EXXAAVX,1,0.53
EXSXXVQ,1,0.53
EXSXAVX,1,0.53
ETXXXVQ,1,0.53
ETXXAXQ,1,0.53
ETXXAVX,1,0.53
XXXAVQH,1,0.53
XXAXVQH,1,0.53
XXAAXQH,1,0.53
XXAAVXH,1,0.53
XXAAVQX,1,0.53
XSXXVQH,1,0.53
XSXAXQH,1,0.53
XSXAVXH,1,0.53
XSXAVQX,1,0.53
XSAXXQH,1,0.53
XSAXVXH,1,0.53
XSAXVQX,1,0.53
XSAAVXX,1,0.53
TXXXVQH,1,0.53
TXXAXQH,1,0.53
TXXAVXH,1,0.53
TXXAVQX,1,0.53
TXAXXQH,1,0.53
TXAXVXH,1,0.53
TXAXVQX,1,0.53
TXAAXQX,1,0.53
TXAAVXX,1,0.53
TSXXXQH,1,0.53
TSXXVXH,1,0.53
TSXXVQX,1,0.53
TSXAXQX,1,0.53
TSXAVXX,1,0.53
TSAXXQX,1,0.53
TSAXVXX,1,0.53
DXXXKTR,1,0.53
DXXAXTR,1,0.53
DXXAKXR,1,0.53
DXXAKTX,1,0.53
DXSXXTR,1,0.53
DXSXKXR,1,0.53
DXSXKTX,1,0.53
DXSAXXR,1,0.53
DXSAXTX,1,0.53
DXSAKXX,1,0.53
DTXXXTR,1,0.53
DTXXKXR,1,0.53
DTXXKTX,1,0.53
DTXAXXR,1,0.53
DTXAXTX,1,0.53
DTXAKXX,1,0.53
DTSXXXR,1,0.53
DTSXXTX,1,0.53
DTSXKXX,1,0.53
DTSAXXX,1,0.53
XXXADTN,1,0.53
XXGXDTN,1,0.53
XXGAXTN,1,0.53
XXGADXN,1,0.53
XXGADTX,1,0.53
XPXXDTN,1,0.53
XPXAXTN,1,0.53
XPXADXN,1,0.53
XPXADTX,1,0.53
XPGXXTN,1,0.53
XPGXDXN,1,0.53
XPGXDTX,1,0.53
XPGAXXN,1,0.53
XPGAXTX,1,0.53
XPGADXX,1,0.53
EXXXDTN,1,0.53
EXXAXTN,1,0.53
EXXADXN,1,0.53
EXXADTX,1,0.53
EXGXXTN,1,0.53
EXGXDXN,1,0.53
EXGXDTX,1,0.53
EXGAXXN,1,0.53
EXGAXTX,1,0.53
EXGADXX,1,0.53
EPXXXTN,1,0.53
EPXXDXN,1,0.53
EPXXDTX,1,0.53
EPXAXXN,1,0.53
EPXAXTX,1,0.53
EPXADXX,1,0.53
EPGXXXN,1,0.53
EPGXXTX,1,0.53
EPGXDXX,1,0.53
EPGAXXX,1,0.53
XXXACIE,1,0.53
XXSXCIE,1,0.53
XXSAXIE,1,0.53
XXSACXE,1,0.53
XXSACIX,1,0.53
XPXXCIE,1,0.53
XPXAXIE,1,0.53
XPXACXE,1,0.53
XPXACIX,1,0.53
XPSXXIE,1,0.53
XPSXCXE,1,0.53
XPSXCIX,1,0.53
XPSAXXE,1,0.53
XPSAXIX,1,0.53
XPSACXX,1,0.53
IXXXCIE,1,0.53
IXXAXIE,1,0.53
IXXACXE,1,0.53
IXXACIX,1,0.53
IXSXXIE,1,0.53
IXSXCXE,1,0.53
IXSXCIX,1,0.53
IXSAXXE,1,0.53
IXSAXIX,1,0.53
IXSACXX,1,0.53
IPXXXIE,1,0.53
IPXXCXE,1,0.53
IPXXCIX,1,0.53
IPXAXXE,1,0.53
IPXAXIX,1,0.53
IPXACXX,1,0.53
IPSXXXE,1,0.53
IPSXXIX,1,0.53
IPSXCXX,1,0.53
IPSAXXX,1,0.53
XXXALLR,1,0.53
XXSXLLR,1,0.53
XXSALXR,1,0.53
XXSALLX,1,0.53
XTXXLLR,1,0.53
XTXALXR,1,0.53
XTXALLX,1,0.53
XTSXLXR,1,0.53
XTSXLLX,1,0.53
XTSALXX,1,0.53
EXXXLLR,1,0.53
EXXALXR,1,0.53
EXXALLX,1,0.53
EXSXLXR,1,0.53
EXSXLLX,1,0.53
EXSALXX,1,0.53
ETXXLXR,1,0.53
ETXXLLX,1,0.53
ETXALXX,1,0.53
ETSXLXX,1,0.53
XXXAMYK,1,0.53
XXSXMYK,1,0.53
XXSAMXK,1,0.53
XXSAMYX,1,0.53
XTXXMYK,1,0.53
XTXAXYK,1,0.53
XTXAMXK,1,0.53
XTXAMYX,1,0.53
XTSXXYK,1,0.53
XTSXMXK,1,0.53
XTSXMYX,1,0.53
XTSAMXX,1,0.53
EXXXMYK,1,0.53
EXXAMXK,1,0.53
EXXAMYX,1,0.53
EXSXMXK,1,0.53
EXSXMYX,1,0.53
EXSAMXX,1,0.53
ETXXXYK,1,0.53
ETXXMXK,1,0.53
ETXXMYX,1,0.53
ETXAMXX,1,0.53
ETSXMXX,1,0.53
