XXSAXTG,8,30.77
XXXAKTG,5,19.23
XXSXKTG,5,19.23
XXSAKXG,5,19.23
XXSAKTX,5,19.23
XISAXXG,4,15.38
XVSAKXX,4,15.38
XVXAXTG,4,15.38
XVSXXTG,4,15.38
XVSAXXG,4,15.38
XVSAXTX,4,15.38
XIXAXTG,3,11.54
XISXXTG,3,11.54
XISAXTX,3,11.54
ELKAXXX,3,11.54
XVXXKTG,3,11.54
XVXAKXG,3,11.54
XVXAKTX,3,11.54
XVSXKXG,3,11.54
XVSXKTX,3,11.54
XXXAQTG,2,7.69
XXSXQTG,2,7.69
XXSAQXG,2,7.69
XXSAQTX,2,7.69
XLSAQXX,2,7.69
XISAXXR,2,7.69
XIXXKTG,2,7.69
XIXAKXG,2,7.69
XIXAKTX,2,7.69
XISXKXG,2,7.69
XISXKTX,2,7.69
XISAKXX,2,7.69
LXXXKTG,2,7.69
LXXAXTG,2,7.69
LXXAKXG,2,7.69
LXXAKTX,2,7.69
LXSXXTG,2,7.69
LXSXKXG,2,7.69
LXSXKTX,2,7.69
LXSAXXG,2,7.69
LXSAXTX,2,7.69
LXSAKXX,2,7.69
LISAXXX,2,7.69
EXDAAXX,2,7.69
XDAAXXK,2,7.69
XXEAIXR,2,7.69
XLKAXLX,2,7.69
XLKAEXX,2,7.69
EXKAXLX,2,7.69
ELXAXLX,2,7.69
ELKXXLX,2,7.69
XLXAXVL,2,7.69
ELXAAXX,2,7.69
XDXAXLK,2,7.69
XVSAXXD,2,7.69
XLEAIXX,2,7.69
XXXADLK,2,7.69
EXXXDLK,2,7.69
EXXAXLK,2,7.69
EXXADXK,2,7.69
EXXADLX,2,7.69
XLKAXEX,2,7.69
XXSARXG,2,7.69
XIXARXG,2,7.69
XISXRXG,2,7.69
XISARXX,2,7.69
XXXALEA,2,7.69
LXXXLEA,2,7.69
LXXAXEA,2,7.69
LXXALXA,2,7.69
LXXALEX,2,7.69
ALEAXXX,2,7.69
PXXXKTG,2,7.69
PXXAXTG,2,7.69
PXXAKXG,2,7.69
PXXAKTX,2,7.69
PXSXXTG,2,7.69
PXSXKXG,2,7.69
PXSXKTX,2,7.69
PXSAXXG,2,7.69
PXSAXTX,2,7.69
PXSAKXX,2,7.69
PVXXXTG,2,7.69
PVXXKXG,2,7.69
PVXXKTX,2,7.69
PVXAXXG,2,7.69
PVXAXTX,2,7.69
PVXAKXX,2,7.69
PVSXXXG,2,7.69
PVSXXTX,2,7.69
PVSXKXX,2,7.69
PVSAXXX,2,7.69
XLXXQTG,1,3.85
XLXAXTG,1,3.85
XLXAQXG,1,3.85
XLXAQTX,1,3.85
XLSXXTG,1,3.85
XLSXQXG,1,3.85
XLSXQTX,1,3.85
XLSAXXG,1,3.85
XLSAXTX,1,3.85
WXXXQTG,1,3.85
WXXAXTG,1,3.85
WXXAQXG,1,3.85
WXXAQTX,1,3.85
WXSXXTG,1,3.85
WXSXQXG,1,3.85
WXSXQTX,1,3.85
WXSAXXG,1,3.85
WXSAXTX,1,3.85
WXSAQXX,1,3.85
WLXXXTG,1,3.85
WLXXQXG,1,3.85
WLXXQTX,1,3.85
WLXAXXG,1,3.85
WLXAXTX,1,3.85
WLXAQXX,1,3.85
WLSXXXG,1,3.85
WLSXXTX,1,3.85
WLSXQXX,1,3.85
WLSAXXX,1,3.85
XXXAGIP,1,3.85
XXGXGIP,1,3.85
XXGAXIP,1,3.85
XXGAGXP,1,3.85
XXGAGIX,1,3.85
XTXXGIP,1,3.85
XTXAXIP,1,3.85
XTXAGXP,1,3.85
XTXAGIX,1,3.85
XTGXXIP,1,3.85
XTGXGXP,1,3.85
XTGXGIX,1,3.85
XTGAXXP,1,3.85
XTGAXIX,1,3.85
XTGAGXX,1,3.85
QXXXGIP,1,3.85
QXXAXIP,1,3.85
QXXAGXP,1,3.85
QXXAGIX,1,3.85
QXGXXIP,1,3.85
QXGXGXP,1,3.85
QXGXGIX,1,3.85
QXGAXXP,1,3.85
QXGAXIX,1,3.85
QXGAGXX,1,3.85
QTXXXIP,1,3.85
QTXXGXP,1,3.85
QTXXGIX,1,3.85
QTXAXXP,1,3.85
QTXAXIX,1,3.85
QTXAGXX,1,3.85
QTGXXXP,1,3.85
QTGXXIX,1,3.85
QTGXGXX,1,3.85
QTGAXXX,1,3.85
XXXALKR,1,3.85
XXSXLKR,1,3.85
XXSAXKR,1,3.85
XXSALXR,1,3.85
XXSALKX,1,3.85
XIXXLKR,1,3.85
XIXAXKR,1,3.85
XIXALXR,1,3.85
XIXALKX,1,3.85
XISXXKR,1,3.85
XISXLXR,1,3.85
XISXLKX,1,3.85
XISAXKX,1,3.85
XISALXX,1,3.85
PXXXLKR,1,3.85
PXXAXKR,1,3.85
PXXALXR,1,3.85
PXXALKX,1,3.85
PXSXXKR,1,3.85
PXSXLXR,1,3.85
PXSXLKX,1,3.85
PXSAXXR,1,3.85
PXSAXKX,1,3.85
PXSALXX,1,3.85
PIXXXKR,1,3.85
PIXXLXR,1,3.85
PIXXLKX,1,3.85
PIXAXXR,1,3.85
PIXAXKX,1,3.85
PIXALXX,1,3.85
PISXXXR,1,3.85
PISXXKX,1,3.85
PISXLXX,1,3.85
PISAXXX,1,3.85
LIXXXTG,1,3.85
LIXXKXG,1,3.85
LIXXKTX,1,3.85
LIXAXXG,1,3.85
LIXAXTX,1,3.85
LIXAKXX,1,3.85
LISXXXG,1,3.85
LISXXTX,1,3.85
LISXKXX,1,3.85
XXXAAAF,1,3.85
XXDXAAF,1,3.85
XXDAXAF,1,3.85
XXDAAXF,1,3.85
XXDAAAX,1,3.85
XDXXAAF,1,3.85
XDXAXAF,1,3.85
XDXAAXF,1,3.85
XDXAAAX,1,3.85
XDDXXAF,1,3.85
XDDXAXF,1,3.85
XDDXAAX,1,3.85
XDDAXXF,1,3.85
XDDAXAX,1,3.85
XDDAAXX,1,3.85
EXXXAAF,1,3.85
EXXAXAF,1,3.85
EXXAAXF,1,3.85
EXXAAAX,1,3.85
EXDXXAF,1,3.85
EXDXAXF,1,3.85
EXDXAAX,1,3.85
EXDAXXF,1,3.85
EXDAXAX,1,3.85
EDXXXAF,1,3.85
EDXXAXF,1,3.85
EDXXAAX,1,3.85
EDXAXXF,1,3.85
EDXAXAX,1,3.85
EDXAAXX,1,3.85
EDDXXXF,1,3.85
EDDXXAX,1,3.85
EDDXAXX,1,3.85
EDDAXXX,1,3.85
XXXAAFK,1,3.85
XXAXAFK,1,3.85
XXAAXFK,1,3.85
XXAAAXK,1,3.85
XXAAAFX,1,3.85
XDXXAFK,1,3.85
XDXAXFK,1,3.85
XDXAAXK,1,3.85
XDXAAFX,1,3.85
XDAXXFK,1,3.85
XDAXAXK,1,3.85
XDAXAFX,1,3.85
XDAAXFX,1,3.85
XDAAAXX,1,3.85
DXXXAFK,1,3.85
DXXAXFK,1,3.85
DXXAAXK,1,3.85
DXXAAFX,1,3.85
DXAXXFK,1,3.85
DXAXAXK,1,3.85
DXAXAFX,1,3.85
DXAAXXK,1,3.85
DXAAXFX,1,3.85
DXAAAXX,1,3.85
DDXXXFK,1,3.85
DDXXAXK,1,3.85
DDXXAFX,1,3.85
DDXAXXK,1,3.85
DDXAXFX,1,3.85
DDXAAXX,1,3.85
DDAXXXK,1,3.85
DDAXXFX,1,3.85
DDAXAXX,1,3.85
DDAAXXX,1,3.85
XXXAFKE,1,3.85
XXAXFKE,1,3.85
XXAAXKE,1,3.85
XXAAFXE,1,3.85
XXAAFKX,1,3.85
XAXXFKE,1,3.85
XAXAXKE,1,3.85
XAXAFXE,1,3.85
XAXAFKX,1,3.85
XAAXXKE,1,3.85
XAAXFXE,1,3.85
XAAXFKX,1,3.85
XAAAXXE,1,3.85
XAAAXKX,1,3.85
XAAAFXX,1,3.85
DXXXFKE,1,3.85
DXXAXKE,1,3.85
DXXAFXE,1,3.85
DXXAFKX,1,3.85
DXAXXKE,1,3.85
DXAXFXE,1,3.85
DXAXFKX,1,3.85
DXAAXXE,1,3.85
DXAAXKX,1,3.85
DXAAFXX,1,3.85
DAXXXKE,1,3.85
DAXXFXE,1,3.85
DAXXFKX,1,3.85
DAXAXXE,1,3.85
DAXAXKX,1,3.85
DAXAFXX,1,3.85
DAAXXXE,1,3.85
DAAXXKX,1,3.85
DAAXFXX,1,3.85
DAAAXXX,1,3.85
XXXAIQR,1,3.85
XXEXIQR,1,3.85
XXEAXQR,1,3.85
XXEAIQX,1,3.85
XKXXIQR,1,3.85
XKXAXQR,1,3.85
XKXAIXR,1,3.85
XKXAIQX,1,3.85
XKEXXQR,1,3.85
XKEXIXR,1,3.85
XKEXIQX,1,3.85
XKEAXXR,1,3.85
XKEAXQX,1,3.85
XKEAIXX,1,3.85
FXXXIQR,1,3.85
FXXAXQR,1,3.85
FXXAIXR,1,3.85
FXXAIQX,1,3.85
FXEXXQR,1,3.85
FXEXIXR,1,3.85
FXEXIQX,1,3.85
FXEAXXR,1,3.85
FXEAXQX,1,3.85
FXEAIXX,1,3.85
FKXXXQR,1,3.85
FKXXIXR,1,3.85
FKXXIQX,1,3.85
FKXAXXR,1,3.85
FKXAXQX,1,3.85
FKXAIXX,1,3.85
FKEXXXR,1,3.85
FKEXXQX,1,3.85
FKEXIXX,1,3.85
FKEAXXX,1,3.85
XXXAELD,1,3.85
XXKXELD,1,3.85
XXKAXLD,1,3.85
XXKAEXD,1,3.85
XXKAELX,1,3.85
XLXXELD,1,3.85
XLXAXLD,1,3.85
XLXAEXD,1,3.85
XLXAELX,1,3.85
XLKXXLD,1,3.85
XLKXEXD,1,3.85
XLKXELX,1,3.85
XLKAXXD,1,3.85
EXXXELD,1,3.85
EXXAXLD,1,3.85
EXXAEXD,1,3.85
EXXAELX,1,3.85
EXKXXLD,1,3.85
EXKXEXD,1,3.85
EXKXELX,1,3.85
EXKAXXD,1,3.85
EXKAEXX,1,3.85
ELXXXLD,1,3.85
ELXXEXD,1,3.85
ELXXELX,1,3.85
ELXAXXD,1,3.85
ELXAEXX,1,3.85
ELKXXXD,1,3.85
ELKXEXX,1,3.85
XXXAAVL,1,3.85
XXDXAVL,1,3.85
XXDAXVL,1,3.85
XXDAAXL,1,3.85
XXDAAVX,1,3.85
XLXXAVL,1,3.85
XLXAAXL,1,3.85
XLXAAVX,1,3.85
XLDXXVL,1,3.85
XLDXAXL,1,3.85
XLDXAVX,1,3.85
XLDAXXL,1,3.85
XLDAXVX,1,3.85
XLDAAXX,1,3.85
EXXXAVL,1,3.85
EXXAXVL,1,3.85
EXXAAXL,1,3.85
EXXAAVX,1,3.85
EXDXXVL,1,3.85
EXDXAXL,1,3.85
EXDXAVX,1,3.85
EXDAXXL,1,3.85
EXDAXVX,1,3.85
ELXXXVL,1,3.85
ELXXAXL,1,3.85
ELXXAVX,1,3.85
ELXAXXL,1,3.85
ELXAXVX,1,3.85
ELDXXXL,1,3.85
ELDXXVX,1,3.85
ELDXAXX,1,3.85
ELDAXXX,1,3.85
XXXAVLK,1,3.85
XXAXVLK,1,3.85
XXAAXLK,1,3.85
XXAAVXK,1,3.85
XXAAVLX,1,3.85
XDXXVLK,1,3.85
XDXAVXK,1,3.85
XDXAVLX,1,3.85
XDAXXLK,1,3.85
XDAXVXK,1,3.85
XDAXVLX,1,3.85
XDAAXLX,1,3.85
XDAAVXX,1,3.85
LXXXVLK,1,3.85
LXXAXLK,1,3.85
LXXAVXK,1,3.85
LXXAVLX,1,3.85
LXAXXLK,1,3.85
LXAXVXK,1,3.85
LXAXVLX,1,3.85
LXAAXXK,1,3.85
LXAAXLX,1,3.85
LXAAVXX,1,3.85
LDXXXLK,1,3.85
LDXXVXK,1,3.85
LDXXVLX,1,3.85
LDXAXXK,1,3.85
LDXAXLX,1,3.85
LDXAVXX,1,3.85
LDAXXXK,1,3.85
LDAXXLX,1,3.85
LDAXVXX,1,3.85
LDAAXXX,1,3.85
XXXAHAP,1,3.85
XXSXHAP,1,3.85
XXSAXAP,1,3.85
XXSAHXP,1,3.85
XXSAHAX,1,3.85
XLXXHAP,1,3.85
XLXAXAP,1,3.85
XLXAHXP,1,3.85
XLXAHAX,1,3.85
XLSXXAP,1,3.85
XLSXHXP,1,3.85
XLSXHAX,1,3.85
XLSAXXP,1,3.85
XLSAXAX,1,3.85
XLSAHXX,1,3.85
MXXXHAP,1,3.85
MXXAXAP,1,3.85
MXXAHXP,1,3.85
MXXAHAX,1,3.85
MXSXXAP,1,3.85
MXSXHXP,1,3.85
MXSXHAX,1,3.85
MXSAXXP,1,3.85
MXSAXAX,1,3.85
MXSAHXX,1,3.85
MLXXXAP,1,3.85
MLXXHXP,1,3.85
MLXXHAX,1,3.85
MLXAXXP,1,3.85
MLXAXAX,1,3.85
MLXAHXX,1,3.85
MLSXXXP,1,3.85
MLSXXAX,1,3.85
MLSXHXX,1,3.85
MLSAXXX,1,3.85
XXXAPGD,1,3.85
XXHXPGD,1,3.85
XXHAXGD,1,3.85
XXHAPXD,1,3.85
XXHAPGX,1,3.85
XAXXPGD,1,3.85
XAXAXGD,1,3.85
XAXAPXD,1,3.85
XAXAPGX,1,3.85
XAHXXGD,1,3.85
XAHXPXD,1,3.85
XAHXPGX,1,3.85
XAHAXXD,1,3.85
XAHAXGX,1,3.85
XAHAPXX,1,3.85
SXXXPGD,1,3.85
SXXAXGD,1,3.85
SXXAPXD,1,3.85
SXXAPGX,1,3.85
SXHXXGD,1,3.85
SXHXPXD,1,3.85
SXHXPGX,1,3.85
SXHAXXD,1,3.85
SXHAXGX,1,3.85
SXHAPXX,1,3.85
SAXXXGD,1,3.85
SAXXPXD,1,3.85
SAXXPGX,1,3.85
SAXAXXD,1,3.85
SAXAXGX,1,3.85
SAXAPXX,1,3.85
SAHXXXD,1,3.85
SAHXXGX,1,3.85
SAHXPXX,1,3.85
SAHAXXX,1,3.85
XXXALRD,1,3.85
XXSXLRD,1,3.85
XXSAXRD,1,3.85
XXSALXD,1,3.85
XXSALRX,1,3.85
XVXXLRD,1,3.85
XVXAXRD,1,3.85
XVXALXD,1,3.85
XVXALRX,1,3.85
XVSXXRD,1,3.85
XVSXLXD,1,3.85
XVSXLRX,1,3.85
XVSAXRX,1,3.85
XVSALXX,1,3.85
DXXXLRD,1,3.85
DXXAXRD,1,3.85
DXXALXD,1,3.85
DXXALRX,1,3.85
DXSXXRD,1,3.85
DXSXLXD,1,3.85
DXSXLRX,1,3.85
DXSAXXD,1,3.85
DXSAXRX,1,3.85
DXSALXX,1,3.85
DVXXXRD,1,3.85
DVXXLXD,1,3.85
DVXXLRX,1,3.85
DVXAXXD,1,3.85
DVXAXRX,1,3.85
DVXALXX,1,3.85
DVSXXXD,1,3.85
DVSXXRX,1,3.85
DVSXLXX,1,3.85
DVSAXXX,1,3.85
XXXAIAD,1,3.85
XXEXIAD,1,3.85
XXEAXAD,1,3.85
XXEAIXD,1,3.85
XXEAIAX,1,3.85
XLXXIAD,1,3.85
XLXAXAD,1,3.85
XLXAIXD,1,3.85
XLXAIAX,1,3.85
XLEXXAD,1,3.85
XLEXIXD,1,3.85
XLEXIAX,1,3.85
XLEAXXD,1,3.85
XLEAXAX,1,3.85
GXXXIAD,1,3.85
GXXAXAD,1,3.85
GXXAIXD,1,3.85
GXXAIAX,1,3.85
GXEXXAD,1,3.85
GXEXIXD,1,3.85
GXEXIAX,1,3.85
GXEAXXD,1,3.85
GXEAXAX,1,3.85
GXEAIXX,1,3.85
GLXXXAD,1,3.85
GLXXIXD,1,3.85
GLXXIAX,1,3.85
GLXAXXD,1,3.85
GLXAXAX,1,3.85
GLXAIXX,1,3.85
GLEXXXD,1,3.85
GLEXXAX,1,3.85
GLEXIXX,1,3.85
GLEAXXX,1,3.85
XXIXDLK,1,3.85
XXIAXLK,1,3.85
XXIADXK,1,3.85
XXIADLX,1,3.85
XAXXDLK,1,3.85
XAXAXLK,1,3.85
XAXADXK,1,3.85
XAXADLX,1,3.85
XAIXXLK,1,3.85
XAIXDXK,1,3.85
XAIXDLX,1,3.85
XAIAXXK,1,3.85
XAIAXLX,1,3.85
XAIADXX,1,3.85
EXIXXLK,1,3.85
EXIXDXK,1,3.85
EXIXDLX,1,3.85
EXIAXXK,1,3.85
EXIAXLX,1,3.85
EXIADXX,1,3.85
EAXXXLK,1,3.85
EAXXDXK,1,3.85
EAXXDLX,1,3.85
EAXAXXK,1,3.85
EAXAXLX,1,3.85
EAXADXX,1,3.85
EAIXXXK,1,3.85
EAIXXLX,1,3.85
EAIXDXX,1,3.85
EAIAXXX,1,3.85
XXXASLQ,1,3.85
XXLXSLQ,1,3.85
XXLAXLQ,1,3.85
XXLASXQ,1,3.85
XXLASLX,1,3.85
XFXXSLQ,1,3.85
XFXAXLQ,1,3.85
XFXASXQ,1,3.85
XFXASLX,1,3.85
XFLXXLQ,1,3.85
XFLXSXQ,1,3.85
XFLXSLX,1,3.85
XFLAXXQ,1,3.85
XFLAXLX,1,3.85
XFLASXX,1,3.85
KXXXSLQ,1,3.85
KXXAXLQ,1,3.85
KXXASXQ,1,3.85
KXXASLX,1,3.85
KXLXXLQ,1,3.85
KXLXSXQ,1,3.85
KXLXSLX,1,3.85
KXLAXXQ,1,3.85
KXLAXLX,1,3.85
KXLASXX,1,3.85
KFXXXLQ,1,3.85
KFXXSXQ,1,3.85
KFXXSLX,1,3.85
KFXAXXQ,1,3.85
KFXAXLX,1,3.85
KFXASXX,1,3.85
KFLXXXQ,1,3.85
KFLXXLX,1,3.85
KFLXSXX,1,3.85
KFLAXXX,1,3.85
XXXALEK,1,3.85
XXKXLEK,1,3.85
XXKAXEK,1,3.85
XXKALXK,1,3.85
XXKALEX,1,3.85
XLXXLEK,1,3.85
XLXAXEK,1,3.85
XLXALXK,1,3.85
XLXALEX,1,3.85
XLKXXEK,1,3.85
XLKXLXK,1,3.85
XLKXLEX,1,3.85
XLKAXXK,1,3.85
XLKALXX,1,3.85
EXXXLEK,1,3.85
EXXAXEK,1,3.85
EXXALXK,1,3.85
EXXALEX,1,3.85
EXKXXEK,1,3.85
EXKXLXK,1,3.85
EXKXLEX,1,3.85
EXKAXXK,1,3.85
EXKAXEX,1,3.85
EXKALXX,1,3.85
ELXXXEK,1,3.85
ELXXLXK,1,3.85
ELXXLEX,1,3.85
ELXAXXK,1,3.85
ELXAXEX,1,3.85
ELXALXX,1,3.85
ELKXXXK,1,3.85
ELKXXEX,1,3.85
ELKXLXX,1,3.85
XXXAREG,1,3.85
XXSXREG,1,3.85
XXSAXEG,1,3.85
XXSAREX,1,3.85
XIXXREG,1,3.85
XIXAXEG,1,3.85
XIXAREX,1,3.85
XISXXEG,1,3.85
XISXREX,1,3.85
XISAXEX,1,3.85
KXXXREG,1,3.85
KXXAXEG,1,3.85
KXXARXG,1,3.85
KXXAREX,1,3.85
KXSXXEG,1,3.85
KXSXRXG,1,3.85
KXSXREX,1,3.85
KXSAXXG,1,3.85
KXSAXEX,1,3.85
KXSARXX,1,3.85
KIXXXEG,1,3.85
KIXXRXG,1,3.85
KIXXREX,1,3.85
KIXAXXG,1,3.85
KIXAXEX,1,3.85
KIXARXX,1,3.85
KISXXXG,1,3.85
KISXXEX,1,3.85
KISXRXX,1,3.85
KISAXXX,1,3.85
XXXAKYD,1,3.85
XXSXKYD,1,3.85
XXSAXYD,1,3.85
XXSAKXD,1,3.85
XXSAKYX,1,3.85
XVXXKYD,1,3.85
XVXAXYD,1,3.85
XVXAKXD,1,3.85
XVXAKYX,1,3.85
XVSXXYD,1,3.85
XVSXKXD,1,3.85
XVSXKYX,1,3.85
XVSAXYX,1,3.85
FXXXKYD,1,3.85
FXXAXYD,1,3.85
FXXAKXD,1,3.85
FXXAKYX,1,3.85
FXSXXYD,1,3.85
FXSXKXD,1,3.85
FXSXKYX,1,3.85
FXSAXXD,1,3.85
FXSAXYX,1,3.85
FXSAKXX,1,3.85
FVXXXYD,1,3.85
FVXXKXD,1,3.85
FVXXKYX,1,3.85
FVXAXXD,1,3.85
FVXAXYX,1,3.85
FVXAKXX,1,3.85
FVSXXXD,1,3.85
FVSXXYX,1,3.85
FVSXKXX,1,3.85
FVSAXXX,1,3.85
XXEXDLK,1,3.85
XXEAXLK,1,3.85
XXEADXK,1,3.85
XXEADLX,1,3.85
XDXXDLK,1,3.85
XDXADXK,1,3.85
XDXADLX,1,3.85
XDEXXLK,1,3.85
XDEXDXK,1,3.85
XDEXDLX,1,3.85
XDEAXXK,1,3.85
XDEAXLX,1,3.85
XDEADXX,1,3.85
EXEXXLK,1,3.85
EXEXDXK,1,3.85
EXEXDLX,1,3.85
EXEAXXK,1,3.85
EXEAXLX,1,3.85
EXEADXX,1,3.85
EDXXXLK,1,3.85
EDXXDXK,1,3.85
EDXXDLX,1,3.85
EDXAXXK,1,3.85
EDXAXLX,1,3.85
EDXADXX,1,3.85
EDEXXXK,1,3.85
EDEXXLX,1,3.85
EDEXDXX,1,3.85
EDEAXXX,1,3.85
XXXAEET,1,3.85
XXKXEET,1,3.85
XXKAXET,1,3.85
XXKAEXT,1,3.85
XXKAEEX,1,3.85
XLXXEET,1,3.85
XLXAXET,1,3.85
XLXAEXT,1,3.85
XLXAEEX,1,3.85
XLKXXET,1,3.85
XLKXEXT,1,3.85
XLKXEEX,1,3.85
XLKAXXT,1,3.85
DXXXEET,1,3.85
DXXAXET,1,3.85
DXXAEXT,1,3.85
DXXAEEX,1,3.85
DXKXXET,1,3.85
DXKXEXT,1,3.85
DXKXEEX,1,3.85
DXKAXXT,1,3.85
DXKAXEX,1,3.85
DXKAEXX,1,3.85
DLXXXET,1,3.85
DLXXEXT,1,3.85
DLXXEEX,1,3.85
DLXAXXT,1,3.85
DLXAXEX,1,3.85
DLXAEXX,1,3.85
DLKXXXT,1,3.85
DLKXXEX,1,3.85
DLKXEXX,1,3.85
DLKAXXX,1,3.85
XXPXLEA,1,3.85
XXPAXEA,1,3.85
XXPALXA,1,3.85
XXPALEX,1,3.85
XYXXLEA,1,3.85
XYXAXEA,1,3.85
XYXALXA,1,3.85
XYXALEX,1,3.85
XYPXXEA,1,3.85
XYPXLXA,1,3.85
XYPXLEX,1,3.85
XYPAXXA,1,3.85
XYPAXEX,1,3.85
XYPALXX,1,3.85
LXPXXEA,1,3.85
LXPXLXA,1,3.85
LXPXLEX,1,3.85
LXPAXXA,1,3.85
LXPAXEX,1,3.85
LXPALXX,1,3.85
LYXXXEA,1,3.85
LYXXLXA,1,3.85
LYXXLEX,1,3.85
LYXAXXA,1,3.85
LYXAXEX,1,3.85
LYXALXX,1,3.85
LYPXXXA,1,3.85
LYPXXEX,1,3.85
LYPXLXX,1,3.85
LYPAXXX,1,3.85
XXXAVIP,1,3.85
XXEXVIP,1,3.85
XXEAXIP,1,3.85
XXEAVXP,1,3.85
XXEAVIX,1,3.85
XLXXVIP,1,3.85
XLXAXIP,1,3.85
XLXAVXP,1,3.85
XLXAVIX,1,3.85
XLEXXIP,1,3.85
XLEXVXP,1,3.85
XLEXVIX,1,3.85
XLEAXXP,1,3.85
XLEAXIX,1,3.85
XLEAVXX,1,3.85
AXXXVIP,1,3.85
AXXAXIP,1,3.85
AXXAVXP,1,3.85
AXXAVIX,1,3.85
AXEXXIP,1,3.85
AXEXVXP,1,3.85
AXEXVIX,1,3.85
AXEAXXP,1,3.85
AXEAXIX,1,3.85
AXEAVXX,1,3.85
ALXXXIP,1,3.85
ALXXVXP,1,3.85
ALXXVIX,1,3.85
ALXAXXP,1,3.85
ALXAXIX,1,3.85
ALXAVXX,1,3.85
ALEXXXP,1,3.85
ALEXXIX,1,3.85
ALEXVXX,1,3.85
XXXAIER,1,3.85
XXEXIER,1,3.85
XXEAXER,1,3.85
XXEAIEX,1,3.85
XLXXIER,1,3.85
XLXAXER,1,3.85
XLXAIXR,1,3.85
XLXAIEX,1,3.85
XLEXXER,1,3.85
XLEXIXR,1,3.85
XLEXIEX,1,3.85
XLEAXXR,1,3.85
XLEAXEX,1,3.85
LXXXIER,1,3.85
LXXAXER,1,3.85
LXXAIXR,1,3.85
LXXAIEX,1,3.85
LXEXXER,1,3.85
LXEXIXR,1,3.85
LXEXIEX,1,3.85
LXEAXXR,1,3.85
LXEAXEX,1,3.85
LXEAIXX,1,3.85
LLXXXER,1,3.85
LLXXIXR,1,3.85
LLXXIEX,1,3.85
LLXAXXR,1,3.85
LLXAXEX,1,3.85
LLXAIXX,1,3.85
LLEXXXR,1,3.85
LLEXXEX,1,3.85
LLEXIXX,1,3.85
LLEAXXX,1,3.85
XVXXQTG,1,3.85
XVXAQXG,1,3.85
XVXAQTX,1,3.85
XVSXQXG,1,3.85
XVSXQTX,1,3.85
XVSAQXX,1,3.85
GXXXQTG,1,3.85
GXXAXTG,1,3.85
GXXAQXG,1,3.85
GXXAQTX,1,3.85
GXSXXTG,1,3.85
GXSXQXG,1,3.85
GXSXQTX,1,3.85
GXSAXXG,1,3.85
GXSAXTX,1,3.85
GXSAQXX,1,3.85
GVXXXTG,1,3.85
GVXXQXG,1,3.85
GVXXQTX,1,3.85
GVXAXXG,1,3.85
GVXAXTX,1,3.85
GVXAQXX,1,3.85
GVSXXXG,1,3.85
GVSXXTX,1,3.85
GVSXQXX,1,3.85
GVSAXXX,1,3.85
XXXARTG,1,3.85
XXSXRTG,1,3.85
XXSARTX,1,3.85
XIXXRTG,1,3.85
XIXARTX,1,3.85
XISXRTX,1,3.85
AXXXRTG,1,3.85
AXXAXTG,1,3.85
AXXARXG,1,3.85
AXXARTX,1,3.85
AXSXXTG,1,3.85
AXSXRXG,1,3.85
AXSXRTX,1,3.85
AXSAXXG,1,3.85
AXSAXTX,1,3.85
AXSARXX,1,3.85
AIXXXTG,1,3.85
AIXXRXG,1,3.85
AIXXRTX,1,3.85
AIXAXXG,1,3.85
AIXAXTX,1,3.85
AIXARXX,1,3.85
AISXXXG,1,3.85
AISXXTX,1,3.85
AISXRXX,1,3.85
AISAXXX,1,3.85
XXXAARR,1,3.85
XXSXARR,1,3.85
XXSAXRR,1,3.85
XXSAAXR,1,3.85
XXSAARX,1,3.85
XIXXARR,1,3.85
XIXAXRR,1,3.85
XIXAAXR,1,3.85
XIXAARX,1,3.85
XISXXRR,1,3.85
XISXAXR,1,3.85
XISXARX,1,3.85
XISAXRX,1,3.85
XISAAXX,1,3.85
LXXXARR,1,3.85
LXXAXRR,1,3.85
LXXAAXR,1,3.85
LXXAARX,1,3.85
LXSXXRR,1,3.85
LXSXAXR,1,3.85
LXSXARX,1,3.85
LXSAXXR,1,3.85
LXSAXRX,1,3.85
LXSAAXX,1,3.85
LIXXXRR,1,3.85
LIXXAXR,1,3.85
LIXXARX,1,3.85
LIXAXXR,1,3.85
LIXAXRX,1,3.85
LIXAAXX,1,3.85
LISXXXR,1,3.85
LISXXRX,1,3.85
LISXAXX,1,3.85
XXXARRI,1,3.85
XXAXRRI,1,3.85
XXAAXRI,1,3.85
XXAARXI,1,3.85
XXAARRX,1,3.85
XSXXRRI,1,3.85
XSXAXRI,1,3.85
XSXARXI,1,3.85
XSXARRX,1,3.85
XSAXXRI,1,3.85
XSAXRXI,1,3.85
XSAXRRX,1,3.85
XSAAXXI,1,3.85
XSAAXRX,1,3.85
XSAARXX,1,3.85
IXXXRRI,1,3.85
IXXAXRI,1,3.85
IXXARXI,1,3.85
IXXARRX,1,3.85
IXAXXRI,1,3.85
IXAXRXI,1,3.85
IXAXRRX,1,3.85
IXAAXXI,1,3.85
IXAAXRX,1,3.85
IXAARXX,1,3.85
ISXXXRI,1,3.85
ISXXRXI,1,3.85
ISXXRRX,1,3.85
ISXAXXI,1,3.85
ISXAXRX,1,3.85
ISXARXX,1,3.85
ISAXXXI,1,3.85
ISAXXRX,1,3.85
ISAXRXX,1,3.85
ISAAXXX,1,3.85
RXXXKTG,1,3.85
RXXAXTG,1,3.85
RXXAKXG,1,3.85
RXXAKTX,1,3.85
RXSXXTG,1,3.85
RXSXKXG,1,3.85
RXSXKTX,1,3.85
RXSAXXG,1,3.85
RXSAXTX,1,3.85
RXSAKXX,1,3.85
RIXXXTG,1,3.85
RIXXKXG,1,3.85
RIXXKTX,1,3.85
RIXAXXG,1,3.85
RIXAXTX,1,3.85
RIXAKXX,1,3.85
RISXXXG,1,3.85
RISXXTX,1,3.85
RISXKXX,1,3.85
RISAXXX,1,3.85
XXXALKV,1,3.85
XXLXLKV,1,3.85
XXLAXKV,1,3.85
XXLALXV,1,3.85
XXLALKX,1,3.85
XLXXLKV,1,3.85
XLXAXKV,1,3.85
XLXALXV,1,3.85
XLXALKX,1,3.85
XLLXXKV,1,3.85
XLLXLXV,1,3.85
XLLXLKX,1,3.85
XLLAXXV,1,3.85
XLLAXKX,1,3.85
XLLALXX,1,3.85
DXXXLKV,1,3.85
DXXAXKV,1,3.85
DXXALXV,1,3.85
DXXALKX,1,3.85
DXLXXKV,1,3.85
DXLXLXV,1,3.85
DXLXLKX,1,3.85
DXLAXXV,1,3.85
DXLAXKX,1,3.85
DXLALXX,1,3.85
DLXXXKV,1,3.85
DLXXLXV,1,3.85
DLXXLKX,1,3.85
DLXAXXV,1,3.85
DLXAXKX,1,3.85
DLXALXX,1,3.85
DLLXXXV,1,3.85
DLLXXKX,1,3.85
DLLXLXX,1,3.85
DLLAXXX,1,3.85
XXXALKG,1,3.85
XXQXLKG,1,3.85
XXQAXKG,1,3.85
XXQALXG,1,3.85
XXQALKX,1,3.85
XEXXLKG,1,3.85
XEXAXKG,1,3.85
XEXALXG,1,3.85
XEXALKX,1,3.85
XEQXXKG,1,3.85
XEQXLXG,1,3.85
XEQXLKX,1,3.85
XEQAXXG,1,3.85
XEQAXKX,1,3.85
XEQALXX,1,3.85
IXXXLKG,1,3.85
IXXAXKG,1,3.85
IXXALXG,1,3.85
IXXALKX,1,3.85
IXQXXKG,1,3.85
IXQXLXG,1,3.85
IXQXLKX,1,3.85
IXQAXXG,1,3.85
IXQAXKX,1,3.85
IXQALXX,1,3.85
IEXXXKG,1,3.85
IEXXLXG,1,3.85
IEXXLKX,1,3.85
IEXAXXG,1,3.85
IEXAXKX,1,3.85
IEXALXX,1,3.85
IEQXXXG,1,3.85
IEQXXKX,1,3.85
IEQXLXX,1,3.85
IEQAXXX,1,3.85
XXXAQLN,1,3.85
XXSXQLN,1,3.85
XXSAXLN,1,3.85
XXSAQXN,1,3.85
XXSAQLX,1,3.85
XLXXQLN,1,3.85
XLXAXLN,1,3.85
XLXAQXN,1,3.85
XLXAQLX,1,3.85
XLSXXLN,1,3.85
XLSXQXN,1,3.85
XLSXQLX,1,3.85
XLSAXXN,1,3.85
XLSAXLX,1,3.85
YXXXQLN,1,3.85
YXXAXLN,1,3.85
YXXAQXN,1,3.85
YXXAQLX,1,3.85
YXSXXLN,1,3.85
YXSXQXN,1,3.85
YXSXQLX,1,3.85
YXSAXXN,1,3.85
YXSAXLX,1,3.85
YXSAQXX,1,3.85
YLXXXLN,1,3.85
YLXXQXN,1,3.85
YLXXQLX,1,3.85
YLXAXXN,1,3.85
YLXAXLX,1,3.85
YLXAQXX,1,3.85
YLSXXXN,1,3.85
YLSXXLX,1,3.85
YLSXQXX,1,3.85
YLSAXXX,1,3.85
LVXXXTG,1,3.85
LVXXKXG,1,3.85
LVXXKTX,1,3.85
LVXAXXG,1,3.85
LVXAXTX,1,3.85
LVXAKXX,1,3.85
LVSXXXG,1,3.85
LVSXXTX,1,3.85
LVSXKXX,1,3.85
LVSAXXX,1,3.85
XXXAALE,1,3.85
XXKXALE,1,3.85
XXKAXLE,1,3.85
XXKAAXE,1,3.85
XXKAALX,1,3.85
XLXXALE,1,3.85
XLXAXLE,1,3.85
XLXAAXE,1,3.85
XLXAALX,1,3.85
XLKXXLE,1,3.85
XLKXAXE,1,3.85
XLKXALX,1,3.85
XLKAXXE,1,3.85
XLKAAXX,1,3.85
EXXXALE,1,3.85
EXXAXLE,1,3.85
EXXAAXE,1,3.85
EXXAALX,1,3.85
EXKXXLE,1,3.85
EXKXAXE,1,3.85
EXKXALX,1,3.85
EXKAXXE,1,3.85
EXKAAXX,1,3.85
ELXXXLE,1,3.85
ELXXAXE,1,3.85
ELXXALX,1,3.85
ELXAXXE,1,3.85
ELKXXXE,1,3.85
ELKXAXX,1,3.85
XXAXLEA,1,3.85
XXAAXEA,1,3.85
XXAALXA,1,3.85
XXAALEX,1,3.85
XKXXLEA,1,3.85
XKXAXEA,1,3.85
XKXALXA,1,3.85
XKXALEX,1,3.85
XKAXXEA,1,3.85
XKAXLXA,1,3.85
XKAXLEX,1,3.85
XKAAXXA,1,3.85
XKAAXEX,1,3.85
XKAALXX,1,3.85
LXAXXEA,1,3.85
LXAXLXA,1,3.85
LXAXLEX,1,3.85
LXAAXXA,1,3.85
LXAAXEX,1,3.85
LXAALXX,1,3.85
LKXXXEA,1,3.85
LKXXLXA,1,3.85
LKXXLEX,1,3.85
LKXAXXA,1,3.85
LKXAXEX,1,3.85
LKXALXX,1,3.85
LKAXXXA,1,3.85
LKAXXEX,1,3.85
LKAXLXX,1,3.85
LKAAXXX,1,3.85
XXXASVL,1,3.85
XXEXSVL,1,3.85
XXEAXVL,1,3.85
XXEASXL,1,3.85
XXEASVX,1,3.85
XLXXSVL,1,3.85
XLXASXL,1,3.85
XLXASVX,1,3.85
XLEXXVL,1,3.85
XLEXSXL,1,3.85
XLEXSVX,1,3.85
XLEAXXL,1,3.85
XLEAXVX,1,3.85
XLEASXX,1,3.85
AXXXSVL,1,3.85
AXXAXVL,1,3.85
AXXASXL,1,3.85
AXXASVX,1,3.85
AXEXXVL,1,3.85
AXEXSXL,1,3.85
AXEXSVX,1,3.85
AXEAXXL,1,3.85
AXEAXVX,1,3.85
AXEASXX,1,3.85
ALXXXVL,1,3.85
ALXXSXL,1,3.85
ALXXSVX,1,3.85
ALXAXXL,1,3.85
ALXAXVX,1,3.85
ALXASXX,1,3.85
ALEXXXL,1,3.85
ALEXXVX,1,3.85
ALEXSXX,1,3.85
XXXAVMK,1,3.85
XXTXVMK,1,3.85
XXTAXMK,1,3.85
XXTAVXK,1,3.85
XXTAVMX,1,3.85
XEXXVMK,1,3.85
XEXAXMK,1,3.85
XEXAVXK,1,3.85
XEXAVMX,1,3.85
XETXXMK,1,3.85
XETXVXK,1,3.85
XETXVMX,1,3.85
XETAXXK,1,3.85
XETAXMX,1,3.85
XETAVXX,1,3.85
VXXXVMK,1,3.85
VXXAXMK,1,3.85
VXXAVXK,1,3.85
VXXAVMX,1,3.85
VXTXXMK,1,3.85
VXTXVXK,1,3.85
VXTXVMX,1,3.85
VXTAXXK,1,3.85
VXTAXMX,1,3.85
VXTAVXX,1,3.85
VEXXXMK,1,3.85
VEXXVXK,1,3.85
VEXXVMX,1,3.85
VEXAXXK,1,3.85
VEXAXMX,1,3.85
VEXAVXX,1,3.85
VETXXXK,1,3.85
VETXXMX,1,3.85
VETXVXX,1,3.85
VETAXXX,1,3.85
