IXVSAKX,3,11.54
IXVSAXT,3,11.54
VXLSAQX,2,7.69
XXISAKT,2,7.69
VXXSAKT,2,7.69
VXIXAKT,2,7.69
VXISXKT,2,7.69
VXISAXT,2,7.69
VXISAKX,2,7.69
XXVSAKT,2,7.69
XPXSAKT,2,7.69
XPVXAKT,2,7.69
XPVSXKT,2,7.69
XPVSAXT,2,7.69
XPVSAKX,2,7.69
IXXSAKT,2,7.69
IXVXAKT,2,7.69
IXVSXKT,2,7.69
IPXXAKT,2,7.69
IPXSXKT,2,7.69
IPXSAXT,2,7.69
IPXSAKX,2,7.69
IPVXXKT,2,7.69
IPVXAXT,2,7.69
IPVXAKX,2,7.69
IPVSXXT,2,7.69
IPVSXKX,2,7.69
IPVSAXX,2,7.69
XXLSAQT,1,3.85
XWXSAQT,1,3.85
XWLXAQT,1,3.85
XWLSXQT,1,3.85
XWLSAXT,1,3.85
XWLSAQX,1,3.85
VXXSAQT,1,3.85
VXLXAQT,1,3.85
VXLSXQT,1,3.85
VXLSAXT,1,3.85
VWXXAQT,1,3.85
VWXSXQT,1,3.85
VWXSAXT,1,3.85
VWXSAQX,1,3.85
VWLXXQT,1,3.85
VWLXAXT,1,3.85
VWLXAQX,1,3.85
VWLSXXT,1,3.85
VWLSXQX,1,3.85
VWLSAXX,1,3.85
XXISALK,1,3.85
XPXSALK,1,3.85
XPIXALK,1,3.85
XPISXLK,1,3.85
XPISAXK,1,3.85
XPISALX,1,3.85
IXXSALK,1,3.85
IXIXALK,1,3.85
IXISXLK,1,3.85
IXISAXK,1,3.85
IXISALX,1,3.85
IPXXALK,1,3.85
IPXSXLK,1,3.85
IPXSAXK,1,3.85
IPXSALX,1,3.85
IPIXXLK,1,3.85
IPIXAXK,1,3.85
IPIXALX,1,3.85
IPISXXK,1,3.85
IPISXLX,1,3.85
IPISAXX,1,3.85
XLXSAKT,1,3.85
XLIXAKT,1,3.85
XLISXKT,1,3.85
XLISAXT,1,3.85
XLISAKX,1,3.85
VLXXAKT,1,3.85
VLXSXKT,1,3.85
VLXSAXT,1,3.85
VLXSAKX,1,3.85
VLIXXKT,1,3.85
VLIXAXT,1,3.85
VLIXAKX,1,3.85
VLISXXT,1,3.85
VLISXKX,1,3.85
VLISAXX,1,3.85
XXLSAHA,1,3.85
XMXSAHA,1,3.85
XMLXAHA,1,3.85
XMLSXHA,1,3.85
XMLSAXA,1,3.85
XMLSAHX,1,3.85
IXXSAHA,1,3.85
IXLXAHA,1,3.85
IXLSXHA,1,3.85
IXLSAXA,1,3.85
IXLSAHX,1,3.85
IMXXAHA,1,3.85
IMXSXHA,1,3.85
IMXSAXA,1,3.85
IMXSAHX,1,3.85
IMLXXHA,1,3.85
IMLXAXA,1,3.85
IMLXAHX,1,3.85
IMLSXXA,1,3.85
IMLSXHX,1,3.85
IMLSAXX,1,3.85
XXVSALR,1,3.85
XDXSALR,1,3.85
XDVXALR,1,3.85
XDVSXLR,1,3.85
XDVSAXR,1,3.85
XDVSALX,1,3.85
GXXSALR,1,3.85
GXVXALR,1,3.85
GXVSXLR,1,3.85
GXVSAXR,1,3.85
GXVSALX,1,3.85
GDXXALR,1,3.85
GDXSXLR,1,3.85
GDXSAXR,1,3.85
GDXSALX,1,3.85
GDVXXLR,1,3.85
GDVXAXR,1,3.85
GDVXALX,1,3.85
GDVSXXR,1,3.85
GDVSXLX,1,3.85
GDVSAXX,1,3.85
XXISARE,1,3.85
XKXSARE,1,3.85
XKIXARE,1,3.85
XKISXRE,1,3.85
XKISAXE,1,3.85
XKISARX,1,3.85
VXXSARE,1,3.85
VXIXARE,1,3.85
VXISXRE,1,3.85
VXISAXE,1,3.85
VXISARX,1,3.85
VKXXARE,1,3.85
VKXSXRE,1,3.85
VKXSAXE,1,3.85
VKXSARX,1,3.85
VKIXXRE,1,3.85
VKIXAXE,1,3.85
VKIXARX,1,3.85
VKISXXE,1,3.85
VKISXRX,1,3.85
VKISAXX,1,3.85
XXVSAKY,1,3.85
XFXSAKY,1,3.85
XFVXAKY,1,3.85
XFVSXKY,1,3.85
XFVSAXY,1,3.85
XFVSAKX,1,3.85
IXXSAKY,1,3.85
IXVXAKY,1,3.85
IXVSXKY,1,3.85
IXVSAXY,1,3.85
IFXXAKY,1,3.85
IFXSXKY,1,3.85
IFXSAXY,1,3.85
IFXSAKX,1,3.85
IFVXXKY,1,3.85
IFVXAXY,1,3.85
IFVXAKX,1,3.85
IFVSXXY,1,3.85
IFVSXKX,1,3.85
IFVSAXX,1,3.85
XXVSAQT,1,3.85
XGXSAQT,1,3.85
XGVXAQT,1,3.85
XGVSXQT,1,3.85
XGVSAXT,1,3.85
XGVSAQX,1,3.85
IXXSAQT,1,3.85
IXVXAQT,1,3.85
IXVSXQT,1,3.85
IXVSAQX,1,3.85
IGXXAQT,1,3.85
IGXSXQT,1,3.85
IGXSAXT,1,3.85
IGXSAQX,1,3.85
IGVXXQT,1,3.85
IGVXAXT,1,3.85
IGVXAQX,1,3.85
IGVSXXT,1,3.85
IGVSXQX,1,3.85
IGVSAXX,1,3.85
XXISART,1,3.85
XAXSART,1,3.85
XAIXART,1,3.85
XAISXRT,1,3.85
XAISAXT,1,3.85
XAISARX,1,3.85
MXXSART,1,3.85
MXIXART,1,3.85
MXISXRT,1,3.85
MXISAXT,1,3.85
MXISARX,1,3.85
MAXXART,1,3.85
MAXSXRT,1,3.85
MAXSAXT,1,3.85
MAXSARX,1,3.85
MAIXXRT,1,3.85
MAIXAXT,1,3.85
MAIXARX,1,3.85
MAISXXT,1,3.85
MAISXRX,1,3.85
MAISAXX,1,3.85
XXISAAR,1,3.85
XLXSAAR,1,3.85
XLIXAAR,1,3.85
XLISXAR,1,3.85
XLISAXR,1,3.85
XLISAAX,1,3.85
TXXSAAR,1,3.85
TXIXAAR,1,3.85
TXISXAR,1,3.85
TXISAXR,1,3.85
TXISAAX,1,3.85
TLXXAAR,1,3.85
TLXSXAR,1,3.85
TLXSAXR,1,3.85
TLXSAAX,1,3.85
TLIXXAR,1,3.85
TLIXAXR,1,3.85
TLIXAAX,1,3.85
TLISXXR,1,3.85
TLISXAX,1,3.85
TLISAXX,1,3.85
XRXSAKT,1,3.85
XRIXAKT,1,3.85
XRISXKT,1,3.85
XRISAXT,1,3.85
XRISAKX,1,3.85
VRXXAKT,1,3.85
VRXSXKT,1,3.85
VRXSAXT,1,3.85
VRXSAKX,1,3.85
VRIXXKT,1,3.85
VRIXAXT,1,3.85
VRIXAKX,1,3.85
VRISXXT,1,3.85
VRISXKX,1,3.85
VRISAXX,1,3.85
XXLSAQL,1,3.85
XYXSAQL,1,3.85
XYLXAQL,1,3.85
XYLSXQL,1,3.85
XYLSAXL,1,3.85
XYLSAQX,1,3.85
VXXSAQL,1,3.85
VXLXAQL,1,3.85
VXLSXQL,1,3.85
VXLSAXL,1,3.85
VYXXAQL,1,3.85
VYXSXQL,1,3.85
VYXSAXL,1,3.85
VYXSAQX,1,3.85
VYLXXQL,1,3.85
VYLXAXL,1,3.85
VYLXAQX,1,3.85
VYLSXXL,1,3.85
VYLSXQX,1,3.85
VYLSAXX,1,3.85
