XECSXXX,55,42.97
XEXSAXX,53,41.41
XXCSAXX,50,39.06
XECXAXX,50,39.06
XEXSXXT,43,33.59
XXXSAXT,42,32.81
XEXXAXT,42,32.81
XXCSXXT,40,31.25
XECXXXT,40,31.25
LEXSXXX,40,31.25
XXCXAXT,39,30.47
LXXSAXX,38,29.69
LEXXAXX,38,29.69
LXCSXXX,37,28.91
LECXXXX,37,28.91
LXCXAXX,35,27.34
LXXXAXT,28,21.88
LXXSXXT,28,21.88
LEXXXXT,28,21.88
XXCSXKX,26,20.31
XEXSXKX,26,20.31
XECXXKX,26,20.31
XXCSXLX,25,19.53
XEXSXLX,25,19.53
XECXXLX,25,19.53
LXCXXXT,25,19.53
XXXSAKX,25,19.53
XXCXAKX,25,19.53
XEXXAKX,25,19.53
XXXSALX,22,17.19
XXCXALX,22,17.19
XEXXALX,22,17.19
XXXXAVF,21,16.41
XNXXXVF,21,16.41
XNXXAXF,21,16.41
XNXXAVX,21,16.41
XXXXAKT,20,15.62
XXXSXKT,20,15.62
XXCXXKT,20,15.62
XEXXXKT,20,15.62
XXXSXLT,19,14.84
XXCXXLT,19,14.84
XEXXXLT,19,14.84
XXXKXVF,19,14.84
XXXKAXF,19,14.84
XXXKAVX,19,14.84
XNXKXXF,19,14.84
XNXKXVX,19,14.84
XNXKAXX,19,14.84
XXVXAVX,19,14.84
XXXXALT,18,14.06
XXVXXVF,18,14.06
XXVXAXF,18,14.06
XNVXXXF,18,14.06
XNVXXVX,18,14.06
XNVXAXX,18,14.06
LXXSXLX,17,13.28
LXCXXLX,17,13.28
LEXXXLX,17,13.28
XXFXXAI,17,13.28
LXXSXKX,17,13.28
LXCXXKX,17,13.28
LEXXXKX,17,13.28
LXXXALX,16,12.5
XXVKXXF,16,12.5
XXVKXVX,16,12.5
XXVKAXX,16,12.5
XNVKXXX,16,12.5
QXXXXVF,16,12.5
QXXXAXF,16,12.5
QXXXAVX,16,12.5
QXXKXXF,16,12.5
QXXKXVX,16,12.5
QXXKAXX,16,12.5
QNXXXXF,16,12.5
QNXXXVX,16,12.5
QNXXAXX,16,12.5
QNXKXXX,16,12.5
XXXXAAI,16,12.5
XXFXAXI,16,12.5
XXFXAAX,16,12.5
XVXXXAI,16,12.5
XVXXAXI,16,12.5
XVXXAAX,16,12.5
XVFXXXI,16,12.5
XVFXXAX,16,12.5
XVFXAXX,16,12.5
LXXXAKX,16,12.5
XXXDXAI,15,11.72
XXXDAXI,15,11.72
XXXDAAX,15,11.72
XXFDXXI,15,11.72
XXFDXAX,15,11.72
XXFDAXX,15,11.72
XVXDXXI,15,11.72
XVXDXAX,15,11.72
XVXDAXX,15,11.72
XVFDXXX,15,11.72
QXVXXXF,14,10.94
QXVXXVX,14,10.94
QXVXAXX,14,10.94
QXVKXXX,14,10.94
QNVXXXX,14,10.94
LXXXXLT,13,10.16
AXXXAAX,13,10.16
AXXXXAI,12,9.38
AXXXAXI,12,9.38
AXXDXXI,12,9.38
AXXDXAX,12,9.38
AXXDAXX,12,9.38
AXFXXXI,12,9.38
AXFXXAX,12,9.38
AXFXAXX,12,9.38
AXFDXXX,12,9.38
AVXXXXI,12,9.38
AVXXXAX,12,9.38
AVXXAXX,12,9.38
AVXDXXX,12,9.38
AVFXXXX,12,9.38
LXXXXKT,11,8.59
VFXXAXX,8,6.25
MXXSXXT,7,5.47
MXCXXXT,7,5.47
MXCSXXX,7,5.47
MEXXXXT,7,5.47
MEXSXXX,7,5.47
MECXXXX,7,5.47
IXXSAXX,7,5.47
IXCXAXX,7,5.47
IXCSXXX,7,5.47
IEXXAXX,7,5.47
IEXSXXX,7,5.47
IECXXXX,7,5.47
MXXXAXT,6,4.69
MXXSAXX,6,4.69
MXCXAXX,6,4.69
MEXXAXX,6,4.69
IXXXAXT,6,4.69
IXXSXXT,6,4.69
IXCXXXT,6,4.69
IEXXXXT,6,4.69
XCSSXXX,6,4.69
EXSSXXX,6,4.69
ECXSXXX,6,4.69
ECSXXXX,6,4.69
XFXXAXR,5,3.91
SXKSXXX,5,3.91
XXXSEXS,5,3.91
AXXSEXX,5,3.91
AXTSXXX,5,3.91
XEXSXXS,5,3.91
SEXSXXX,5,3.91
MXXXXKT,5,3.91
MXXXAKX,5,3.91
MXXSXKX,5,3.91
MXCXXKX,5,3.91
MEXXXKX,5,3.91
XFXXAIX,5,3.91
XXCSSXX,5,3.91
XEXSSXX,5,3.91
XECXSXX,5,3.91
XEXSXRX,5,3.91
XFXEAXX,4,3.12
XFEXAXX,4,3.12
VXEXAXX,4,3.12
VFEXXXX,4,3.12
GVXXAXX,4,3.12
XXXXAFT,4,3.12
XEGXAXX,4,3.12
XXTSEXX,4,3.12
AXXXEXS,4,3.12
AXXSXXS,4,3.12
AXTXEXX,4,3.12
AFTXXXX,4,3.12
SXXSXXS,4,3.12
SXXSXXR,4,3.12
IXXXALX,4,3.12
IXXSXLX,4,3.12
IXCXXLX,4,3.12
IEXXXLX,4,3.12
EXXSLXX,4,3.12
XXCSXRX,4,3.12
XECXXRX,4,3.12
XXXXALQ,4,3.12
XXXSXLQ,4,3.12
XXXSAXQ,4,3.12
XXCXXLQ,4,3.12
XXCXAXQ,4,3.12
XXCSXXQ,4,3.12
XEXXXLQ,4,3.12
XEXXAXQ,4,3.12
XEXSXXQ,4,3.12
XECXXXQ,4,3.12
VXXXAIX,4,3.12
VFXXXIX,4,3.12
XXIXXVF,3,2.34
XXIXAXF,3,2.34
XXIXAVX,3,2.34
XXIKXXF,3,2.34
XXIKXVX,3,2.34
XXIKAXX,3,2.34
XNIXXXF,3,2.34
XNIXXVX,3,2.34
XNIXAXX,3,2.34
XNIKXXX,3,2.34
XXXEAXR,3,2.34
XXEXAXR,3,2.34
XFXEXXR,3,2.34
XFEXXXR,3,2.34
VXXXAXR,3,2.34
VXXEAXX,3,2.34
VXEXXXR,3,2.34
VFXXXXR,3,2.34
VFXEXXX,3,2.34
SXXSXEX,3,2.34
SSXSXXX,3,2.34
GXXXXAI,3,2.34
GXXXAXI,3,2.34
GXXXAAX,3,2.34
GXXDXXI,3,2.34
GXXDXAX,3,2.34
GXXDAXX,3,2.34
GXFXXXI,3,2.34
GXFXXAX,3,2.34
GXFXAXX,3,2.34
GXFDXXX,3,2.34
GVXXXXI,3,2.34
GVXXXAX,3,2.34
GVXDXXX,3,2.34
GVFXXXX,3,2.34
XXXXAKF,3,2.34
XXXSXKF,3,2.34
XXXSAXF,3,2.34
XXCXXKF,3,2.34
XXCXAXF,3,2.34
XXCSXXF,3,2.34
XEXXXKF,3,2.34
XEXXAXF,3,2.34
XEXSXXF,3,2.34
XECXXXF,3,2.34
LXXXXKF,3,2.34
LXXXAXF,3,2.34
LXXSXXF,3,2.34
LXCXXXF,3,2.34
LEXXXXF,3,2.34
XXXSXFT,3,2.34
XXXSAFX,3,2.34
XXGXXFT,3,2.34
XXGXAXT,3,2.34
XXGXAFX,3,2.34
XXGSXXT,3,2.34
XXGSXFX,3,2.34
XXGSAXX,3,2.34
XEXXXFT,3,2.34
XEXXAFX,3,2.34
XEXSXFX,3,2.34
XEGXXXT,3,2.34
XEGXXFX,3,2.34
XEGSXXX,3,2.34
LXXXXFT,3,2.34
LXXXAFX,3,2.34
LXXSXFX,3,2.34
LXGXXXT,3,2.34
LXGXXFX,3,2.34
LXGXAXX,3,2.34
LXGSXXX,3,2.34
LEXXXFX,3,2.34
LEGXXXX,3,2.34
XXXSXKS,3,2.34
XXTXEXS,3,2.34
XXTSXXS,3,2.34
XFXXEXS,3,2.34
XFXSXXS,3,2.34
XFXSEXX,3,2.34
XFTXXXS,3,2.34
XFTXEXX,3,2.34
XFTSXXX,3,2.34
AXTXXXS,3,2.34
AFXXXXS,3,2.34
AFXXEXX,3,2.34
AFXSXXX,3,2.34
XXXXIHS,3,2.34
XXXSXHS,3,2.34
XXXSIXS,3,2.34
XXXSIHX,3,2.34
XEXXXHS,3,2.34
XEXXIXS,3,2.34
XEXXIHX,3,2.34
XEXSXHX,3,2.34
XEXSIXX,3,2.34
SXXXXHS,3,2.34
SXXXIXS,3,2.34
SXXXIHX,3,2.34
SXXSXHX,3,2.34
SXXSIXX,3,2.34
SEXXXXS,3,2.34
SEXXXHX,3,2.34
SEXXIXX,3,2.34
XXXXIFR,3,2.34
XXXSXFR,3,2.34
XXXSIXR,3,2.34
XXXSIFX,3,2.34
XXHXXFR,3,2.34
XXHXIXR,3,2.34
XXHXIFX,3,2.34
XXHSXXR,3,2.34
XXHSXFX,3,2.34
XXHSIXX,3,2.34
XIXXXFR,3,2.34
XIXXIXR,3,2.34
XIXXIFX,3,2.34
XIXSXXR,3,2.34
XIXSXFX,3,2.34
XIXSIXX,3,2.34
XIHXXXR,3,2.34
XIHXXFX,3,2.34
XIHXIXX,3,2.34
XIHSXXX,3,2.34
SXXXXFR,3,2.34
SXXXIXR,3,2.34
SXXXIFX,3,2.34
SXXSXFX,3,2.34
SXHXXXR,3,2.34
SXHXXFX,3,2.34
SXHXIXX,3,2.34
SXHSXXX,3,2.34
SIXXXXR,3,2.34
SIXXXFX,3,2.34
SIXXIXX,3,2.34
SIXSXXX,3,2.34
SIHXXXX,3,2.34
XXTXXNL,3,2.34
AXXXXNL,3,2.34
AXXSXNX,3,2.34
AXTXXXL,3,2.34
AXTXXNX,3,2.34
IXXXXLT,3,2.34
XXRSVXX,3,2.34
AIXXAXX,3,2.34
XXXSSLX,3,2.34
XXCXSLX,3,2.34
XEXXSLX,3,2.34
XXSSLXX,3,2.34
XCXSLXX,3,2.34
XCSXLXX,3,2.34
EXSXLXX,3,2.34
ECXXLXX,3,2.34
XXXSARX,3,2.34
XXCXARX,3,2.34
XEXXARX,3,2.34
LXXXARX,3,2.34
LXXSXRX,3,2.34
LXCXXRX,3,2.34
LEXXXRX,3,2.34
XXXSAXL,3,2.34
XXCXAXL,3,2.34
XXCSXXL,3,2.34
XEXXAXL,3,2.34
XEXSXXL,3,2.34
XECXXXL,3,2.34
LXXXAXL,3,2.34
LXXSXXL,3,2.34
LXCXXXL,3,2.34
LEXXXXL,3,2.34
XXXSVXD,3,2.34
LXXXXLQ,3,2.34
LXXXAXQ,3,2.34
LXXSXXQ,3,2.34
LXCXXXQ,3,2.34
LEXXXXQ,3,2.34
IXXXXKT,3,2.34
IXXXAKX,3,2.34
IXXSXKX,3,2.34
IXCXXKX,3,2.34
IEXXXKX,3,2.34
XXXTAIX,3,2.34
XFXTXIX,3,2.34
XFXTAXX,3,2.34
VXXTXIX,3,2.34
VXXTAXX,3,2.34
VFXTXXX,3,2.34
XXEEXXR,2,1.56
XXEEAXX,2,1.56
XFEEXXX,2,1.56
VXXEXXR,2,1.56
VXEEXXX,2,1.56
XXXSQXN,2,1.56
XXKXQXN,2,1.56
XXKSXXN,2,1.56
XXKSXEX,2,1.56
XXKSQXX,2,1.56
XSXXQXN,2,1.56
XSXSXXN,2,1.56
XSXSXEX,2,1.56
XSXSQXX,2,1.56
XSKXXXN,2,1.56
XSKXQXX,2,1.56
XSKSXXX,2,1.56
SXXXQXN,2,1.56
SXXSXXN,2,1.56
SXXSQXX,2,1.56
SXKXXXN,2,1.56
SXKXXEX,2,1.56
SXKXQXX,2,1.56
SSXXXXN,2,1.56
SSXXXEX,2,1.56
SSXXQXX,2,1.56
SSKXXXX,2,1.56
XXXXEKS,2,1.56
XXXSEKX,2,1.56
XXTXXKS,2,1.56
XXTXEKX,2,1.56
XXTSXKX,2,1.56
XFXXXKS,2,1.56
XFXXEKX,2,1.56
XFXSXKX,2,1.56
XFTXXKX,2,1.56
AXXXXKS,2,1.56
AXXXEKX,2,1.56
AXXSXKX,2,1.56
AXTXXKX,2,1.56
AFXXXKX,2,1.56
XXKXXHS,2,1.56
XXKXIXS,2,1.56
XXKXIHX,2,1.56
XXKSXXS,2,1.56
XXKSXHX,2,1.56
XXKSIXX,2,1.56
XEKXXXS,2,1.56
XEKXXHX,2,1.56
XEKXIXX,2,1.56
XEKSXXX,2,1.56
SXKXXXS,2,1.56
SXKXXHX,2,1.56
SXKXIXX,2,1.56
SEKXXXX,2,1.56
XXXSXNL,2,1.56
XXTSXXL,2,1.56
XXTSXNX,2,1.56
XKXXXNL,2,1.56
XKXSXXL,2,1.56
XKXSXNX,2,1.56
XKTXXXL,2,1.56
XKTXXNX,2,1.56
XKTSXXX,2,1.56
AXXSXXL,2,1.56
AKXXXXL,2,1.56
AKXXXNX,2,1.56
AKXSXXX,2,1.56
AKTXXXX,2,1.56
FDXXXXI,2,1.56
XXXXVIY,2,1.56
XXXSXIY,2,1.56
XXXSVXY,2,1.56
XXXSVIX,2,1.56
XXRXXIY,2,1.56
XXRXVXY,2,1.56
XXRXVIX,2,1.56
XXRSXXY,2,1.56
XXRSXIX,2,1.56
XIXXXIY,2,1.56
XIXXVXY,2,1.56
XIXXVIX,2,1.56
XIXSXXY,2,1.56
XIXSXIX,2,1.56
XIXSVXX,2,1.56
XIRXXXY,2,1.56
XIRXXIX,2,1.56
XIRXVXX,2,1.56
XIRSXXX,2,1.56
CXXXXIY,2,1.56
CXXXVXY,2,1.56
CXXXVIX,2,1.56
CXXSXXY,2,1.56
CXXSXIX,2,1.56
CXXSVXX,2,1.56
CXRXXXY,2,1.56
CXRXXIX,2,1.56
CXRXVXX,2,1.56
CXRSXXX,2,1.56
CIXXXXY,2,1.56
CIXXXIX,2,1.56
CIXXVXX,2,1.56
CIXSXXX,2,1.56
CIRXXXX,2,1.56
XXXSXAI,2,1.56
XXFSXXI,2,1.56
XXFSXAX,2,1.56
EXXXXAI,2,1.56
EXXSXXI,2,1.56
EXXSXAX,2,1.56
EXFXXXI,2,1.56
EXFXXAX,2,1.56
EXFSXXX,2,1.56
XFXLAXX,2,1.56
XIXTAXX,2,1.56
AXXXXTS,2,1.56
AXXTAXX,2,1.56
AIXTXXX,2,1.56
LXXSSXX,2,1.56
LXCXSXX,2,1.56
LEXXSXX,2,1.56
XXSSXXN,2,1.56
XCXSXXN,2,1.56
XCSXXXN,2,1.56
EXXSXXN,2,1.56
EXSXXXN,2,1.56
ECXXXXN,2,1.56
QXIXXXF,2,1.56
QXIXXVX,2,1.56
QXIXAXX,2,1.56
QXIKXXX,2,1.56
QNIXXXX,2,1.56
XXXMAKX,2,1.56
XXAXAKX,2,1.56
XXAMXKX,2,1.56
XXAMAXX,2,1.56
XLXXAKX,2,1.56
XLXMXKX,2,1.56
XLXMAXX,2,1.56
XLAXXKX,2,1.56
XLAXAXX,2,1.56
XLAMXXX,2,1.56
GXXXAKX,2,1.56
GXXMXKX,2,1.56
GXXMAXX,2,1.56
GXAXXKX,2,1.56
GXAXAXX,2,1.56
GXAMXXX,2,1.56
GLXXXKX,2,1.56
GLXXAXX,2,1.56
GLXMXXX,2,1.56
GLAXXXX,2,1.56
EXXXAVX,2,1.56
EXVXXVX,2,1.56
EXVXAXX,2,1.56
XXXEAVX,2,1.56
XFXXAVX,2,1.56
VXXXAVX,2,1.56
VFXXXVX,2,1.56
XXVXAXE,2,1.56
EAXXAXX,2,1.56
XXXXARL,2,1.56
XXXSXRL,2,1.56
XXCXXRL,2,1.56
XEXXXRL,2,1.56
LXXXXRL,2,1.56
DXXXXVF,2,1.56
DXXXAXF,2,1.56
DXXXAVX,2,1.56
DXVXXXF,2,1.56
DXVXXVX,2,1.56
DXVXAXX,2,1.56
DNXXXXF,2,1.56
DNXXXVX,2,1.56
DNXXAXX,2,1.56
DNVXXXX,2,1.56
XXCSXXS,2,1.56
XECXXXS,2,1.56
SXXSXRX,2,1.56
XXXXVRD,2,1.56
XXXSXRD,2,1.56
XXXSVRX,2,1.56
XEXXXRD,2,1.56
XEXXVXD,2,1.56
XEXXVRX,2,1.56
XEXSXXD,2,1.56
XEXSVXX,2,1.56
SXXXXRD,2,1.56
SXXXVXD,2,1.56
SXXXVRX,2,1.56
SXXSXXD,2,1.56
SXXSVXX,2,1.56
SEXXXXD,2,1.56
SEXXXRX,2,1.56
SEXXVXX,2,1.56
XXXSENX,2,1.56
AXXXENX,2,1.56
ALXXXNX,2,1.56
XXXSKEX,2,1.56
EXXXAAX,2,1.56
XXXXAIH,2,1.56
XXXTXIH,2,1.56
XXXTAXH,2,1.56
XFXXXIH,2,1.56
XFXXAXH,2,1.56
XFXTXXH,2,1.56
VXXXXIH,2,1.56
VXXXAXH,2,1.56
VXXTXXH,2,1.56
VFXXXXH,2,1.56
XIXXALX,2,1.56
AXXXALX,2,1.56
AIXXXLX,2,1.56
XXXXANI,2,1.56
XXXVXNI,2,1.56
XXXVAXI,2,1.56
XXXVANX,2,1.56
XXMXXNI,2,1.56
XXMXAXI,2,1.56
XXMXANX,2,1.56
XXMVXXI,2,1.56
XXMVXNX,2,1.56
XXMVAXX,2,1.56
XMXXXNI,2,1.56
XMXXAXI,2,1.56
XMXXANX,2,1.56
XMXVXXI,2,1.56
XMXVXNX,2,1.56
XMXVAXX,2,1.56
XMMXXXI,2,1.56
XMMXXNX,2,1.56
XMMXAXX,2,1.56
XMMVXXX,2,1.56
RXXXXNI,2,1.56
RXXXAXI,2,1.56
RXXXANX,2,1.56
RXXVXXI,2,1.56
RXXVXNX,2,1.56
RXXVAXX,2,1.56
RXMXXXI,2,1.56
RXMXXNX,2,1.56
RXMXAXX,2,1.56
RXMVXXX,2,1.56
RMXXXXI,2,1.56
RMXXXNX,2,1.56
RMXXAXX,2,1.56
RMXVXXX,2,1.56
RMMXXXX,2,1.56
XXSSKXX,2,1.56
XCXSKXX,2,1.56
XCSXKXX,2,1.56
EXXSKXX,2,1.56
EXSXKXX,2,1.56
ECXXKXX,2,1.56
XXXSVFX,2,1.56
XVXXVFX,2,1.56
XVXSXFX,2,1.56
XVXSVXX,2,1.56
GVXXXFX,2,1.56
YXCSXXX,2,1.56
YEXSXXX,2,1.56
YECXXXX,2,1.56
AXTXAXX,2,1.56
XXDXAIX,2,1.56
XFDXXIX,2,1.56
XFDXAXX,2,1.56
VXDXXIX,2,1.56
VXDXAXX,2,1.56
VFDXXXX,2,1.56
MXXXXLT,2,1.56
MXXSXLX,2,1.56
MXCXXLX,2,1.56
MEXXXLX,2,1.56
RXXXXVF,1,0.78
RXXXAXF,1,0.78
RXXXAVX,1,0.78
RXXKXXF,1,0.78
RXXKXVX,1,0.78
RXXKAXX,1,0.78
RXIXXXF,1,0.78
RXIXXVX,1,0.78
RXIXAXX,1,0.78
RXIKXXX,1,0.78
RNXXXXF,1,0.78
RNXXXVX,1,0.78
RNXXAXX,1,0.78
RNXKXXX,1,0.78
RNIXXXX,1,0.78
XXXXAGR,1,0.78
XXXEXGR,1,0.78
XXXEAGX,1,0.78
XXEXXGR,1,0.78
XXEXAGX,1,0.78
XXEEXGX,1,0.78
XFXXXGR,1,0.78
XFXXAGX,1,0.78
XFXEXGX,1,0.78
XFEXXGX,1,0.78
VXXXXGR,1,0.78
VXXXAGX,1,0.78
VXXEXGX,1,0.78
VXEXXGX,1,0.78
VFXXXGX,1,0.78
XXXXQEN,1,0.78
XXXSXEN,1,0.78
XXXSQEX,1,0.78
XXKXXEN,1,0.78
XXKXQEX,1,0.78
XSXXXEN,1,0.78
XSXXQEX,1,0.78
XSKXXEX,1,0.78
SXXXXEN,1,0.78
SXXXQEX,1,0.78
XXXXQNL,1,0.78
XXXSQXL,1,0.78
XXXSQNX,1,0.78
XXTXQXL,1,0.78
XXTXQNX,1,0.78
XXTSQXX,1,0.78
XKXXQXL,1,0.78
XKXXQNX,1,0.78
XKXSQXX,1,0.78
XKTXQXX,1,0.78
AXXXQXL,1,0.78
AXXXQNX,1,0.78
AXXSQXX,1,0.78
AXTXQXX,1,0.78
AKXXQXX,1,0.78
XXXXINI,1,0.78
XXXSXNI,1,0.78
XXXSIXI,1,0.78
XXXSINX,1,0.78
XXEXXNI,1,0.78
XXEXIXI,1,0.78
XXEXINX,1,0.78
XXESXXI,1,0.78
XXESXNX,1,0.78
XXESIXX,1,0.78
XDXXXNI,1,0.78
XDXXIXI,1,0.78
XDXXINX,1,0.78
XDXSXXI,1,0.78
XDXSXNX,1,0.78
XDXSIXX,1,0.78
XDEXXXI,1,0.78
XDEXXNX,1,0.78
XDEXIXX,1,0.78
XDESXXX,1,0.78
FXXXXNI,1,0.78
FXXXIXI,1,0.78
FXXXINX,1,0.78
FXXSXXI,1,0.78
FXXSXNX,1,0.78
FXXSIXX,1,0.78
FXEXXXI,1,0.78
FXEXXNX,1,0.78
FXEXIXX,1,0.78
FXESXXX,1,0.78
FDXXXNX,1,0.78
FDXXIXX,1,0.78
FDXSXXX,1,0.78
FDEXXXX,1,0.78
XXXXLAI,1,0.78
XXXSLXI,1,0.78
XXXSLAX,1,0.78
XXFXLXI,1,0.78
XXFXLAX,1,0.78
XXFSLXX,1,0.78
XLXXXAI,1,0.78
XLXXLXI,1,0.78
XLXXLAX,1,0.78
XLXSXXI,1,0.78
XLXSXAX,1,0.78
XLXSLXX,1,0.78
XLFXXXI,1,0.78
XLFXXAX,1,0.78
XLFXLXX,1,0.78
XLFSXXX,1,0.78
EXXXLXI,1,0.78
EXXXLAX,1,0.78
EXFXLXX,1,0.78
ELXXXXI,1,0.78
ELXXXAX,1,0.78
ELXXLXX,1,0.78
ELXSXXX,1,0.78
ELFXXXX,1,0.78
XXXXAIR,1,0.78
XXXLXIR,1,0.78
XXXLAXR,1,0.78
XXXLAIX,1,0.78
XXSXXIR,1,0.78
XXSXAXR,1,0.78
XXSXAIX,1,0.78
XXSLXXR,1,0.78
XXSLXIX,1,0.78
XXSLAXX,1,0.78
XFXXXIR,1,0.78
XFXLXXR,1,0.78
XFXLXIX,1,0.78
XFSXXXR,1,0.78
XFSXXIX,1,0.78
XFSXAXX,1,0.78
XFSLXXX,1,0.78
LXXXXIR,1,0.78
LXXXAXR,1,0.78
LXXXAIX,1,0.78
LXXLXXR,1,0.78
LXXLXIX,1,0.78
LXXLAXX,1,0.78
LXSXXXR,1,0.78
LXSXXIX,1,0.78
LXSXAXX,1,0.78
LXSLXXX,1,0.78
LFXXXXR,1,0.78
LFXXXIX,1,0.78
LFXXAXX,1,0.78
LFXLXXX,1,0.78
LFSXXXX,1,0.78
XXXXATS,1,0.78
XXXTXTS,1,0.78
XXXTAXS,1,0.78
XXXTATX,1,0.78
XXRXXTS,1,0.78
XXRXAXS,1,0.78
XXRXATX,1,0.78
XXRTXXS,1,0.78
XXRTXTX,1,0.78
XXRTAXX,1,0.78
XIXXXTS,1,0.78
XIXXAXS,1,0.78
XIXXATX,1,0.78
XIXTXXS,1,0.78
XIXTXTX,1,0.78
XIRXXXS,1,0.78
XIRXXTX,1,0.78
XIRXAXX,1,0.78
XIRTXXX,1,0.78
AXXXAXS,1,0.78
AXXXATX,1,0.78
AXXTXXS,1,0.78
AXXTXTX,1,0.78
AXRXXXS,1,0.78
AXRXXTX,1,0.78
AXRXAXX,1,0.78
AXRTXXX,1,0.78
AIXXXXS,1,0.78
AIXXXTX,1,0.78
AIRXXXX,1,0.78
XXXXETS,1,0.78
XXXSXTS,1,0.78
XXXSETX,1,0.78
XXTXXTS,1,0.78
XXTXETX,1,0.78
XXTSXTX,1,0.78
XFXXXTS,1,0.78
XFXXETX,1,0.78
XFXSXTX,1,0.78
XFTXXTX,1,0.78
AXXXETX,1,0.78
AXXSXTX,1,0.78
AXTXXTX,1,0.78
AFXXXTX,1,0.78
XXTXXHS,1,0.78
XXTXIXS,1,0.78
XXTXIHX,1,0.78
XXTSXHX,1,0.78
XXTSIXX,1,0.78
XETXXXS,1,0.78
XETXXHX,1,0.78
XETXIXX,1,0.78
XETSXXX,1,0.78
SXTXXXS,1,0.78
SXTXXHX,1,0.78
SXTXIXX,1,0.78
SXTSXXX,1,0.78
SETXXXX,1,0.78
XXXXSLC,1,0.78
XXXSXLC,1,0.78
XXXSSXC,1,0.78
XXCXXLC,1,0.78
XXCXSXC,1,0.78
XXCSXXC,1,0.78
XEXXXLC,1,0.78
XEXXSXC,1,0.78
XEXSXXC,1,0.78
XECXXXC,1,0.78
LXXXXLC,1,0.78
LXXXSXC,1,0.78
LXXXSLX,1,0.78
LXXSXXC,1,0.78
LXCXXXC,1,0.78
LEXXXXC,1,0.78
XXXXLCN,1,0.78
XXXSXCN,1,0.78
XXXSLXN,1,0.78
XXXSLCX,1,0.78
XXSXXCN,1,0.78
XXSXLXN,1,0.78
XXSXLCX,1,0.78
XXSSXCX,1,0.78
XCXXXCN,1,0.78
XCXXLXN,1,0.78
XCXXLCX,1,0.78
XCXSXCX,1,0.78
XCSXXCX,1,0.78
EXXXXCN,1,0.78
EXXXLXN,1,0.78
EXXXLCX,1,0.78
EXXSXCX,1,0.78
EXSXXCX,1,0.78
ECXXXCX,1,0.78
XXXXAQM,1,0.78
XXXKXQM,1,0.78
XXXKAXM,1,0.78
XXXKAQX,1,0.78
XXSXXQM,1,0.78
XXSXAXM,1,0.78
XXSXAQX,1,0.78
XXSKXXM,1,0.78
XXSKXQX,1,0.78
XXSKAXX,1,0.78
XSXXXQM,1,0.78
XSXXAXM,1,0.78
XSXXAQX,1,0.78
XSXKXXM,1,0.78
XSXKXQX,1,0.78
XSXKAXX,1,0.78
XSSXXXM,1,0.78
XSSXXQX,1,0.78
XSSXAXX,1,0.78
XSSKXXX,1,0.78
CXXXXQM,1,0.78
CXXXAXM,1,0.78
CXXXAQX,1,0.78
CXXKXXM,1,0.78
CXXKXQX,1,0.78
CXXKAXX,1,0.78
CXSXXXM,1,0.78
CXSXXQX,1,0.78
CXSXAXX,1,0.78
CXSKXXX,1,0.78
CSXXXXM,1,0.78
CSXXXQX,1,0.78
CSXXAXX,1,0.78
CSXKXXX,1,0.78
CSSXXXX,1,0.78
MXXXXVF,1,0.78
MXXXAXF,1,0.78
MXXXAVX,1,0.78
MXXKXXF,1,0.78
MXXKXVX,1,0.78
MXXKAXX,1,0.78
MXVXXXF,1,0.78
MXVXXVX,1,0.78
MXVXAXX,1,0.78
MXVKXXX,1,0.78
MNXXXXF,1,0.78
MNXXXVX,1,0.78
MNXXAXX,1,0.78
MNXKXXX,1,0.78
MNVXXXX,1,0.78
XXXXAKQ,1,0.78
XXXMXKQ,1,0.78
XXXMAXQ,1,0.78
XXAXXKQ,1,0.78
XXAXAXQ,1,0.78
XXAMXXQ,1,0.78
XLXXXKQ,1,0.78
XLXXAXQ,1,0.78
XLXMXXQ,1,0.78
XLAXXXQ,1,0.78
GXXXXKQ,1,0.78
GXXXAXQ,1,0.78
GXXMXXQ,1,0.78
GXAXXXQ,1,0.78
GLXXXXQ,1,0.78
XXXXALR,1,0.78
XXXGXLR,1,0.78
XXXGAXR,1,0.78
XXXGALX,1,0.78
XXIXXLR,1,0.78
XXIXAXR,1,0.78
XXIXALX,1,0.78
XXIGXXR,1,0.78
XXIGXLX,1,0.78
XXIGAXX,1,0.78
XQXXXLR,1,0.78
XQXXAXR,1,0.78
XQXXALX,1,0.78
XQXGXXR,1,0.78
XQXGXLX,1,0.78
XQXGAXX,1,0.78
XQIXXXR,1,0.78
XQIXXLX,1,0.78
XQIXAXX,1,0.78
XQIGXXX,1,0.78
KXXXXLR,1,0.78
KXXXAXR,1,0.78
KXXXALX,1,0.78
KXXGXXR,1,0.78
KXXGXLX,1,0.78
KXXGAXX,1,0.78
KXIXXXR,1,0.78
KXIXXLX,1,0.78
KXIXAXX,1,0.78
KXIGXXX,1,0.78
KQXXXXR,1,0.78
KQXXXLX,1,0.78
KQXXAXX,1,0.78
KQXGXXX,1,0.78
KQIXXXX,1,0.78
FXXXXLT,1,0.78
FXXXAXT,1,0.78
FXXXALX,1,0.78
FXXSXXT,1,0.78
FXXSXLX,1,0.78
FXXSAXX,1,0.78
FXCXXXT,1,0.78
FXCXXLX,1,0.78
FXCXAXX,1,0.78
FXCSXXX,1,0.78
FEXXXXT,1,0.78
FEXXXLX,1,0.78
FEXXAXX,1,0.78
FEXSXXX,1,0.78
FECXXXX,1,0.78
XXXXAII,1,0.78
XXXMXII,1,0.78
XXXMAXI,1,0.78
XXXMAIX,1,0.78
XXTXXII,1,0.78
XXTXAXI,1,0.78
XXTXAIX,1,0.78
XXTMXXI,1,0.78
XXTMXIX,1,0.78
XXTMAXX,1,0.78
XDXXXII,1,0.78
XDXXAXI,1,0.78
XDXXAIX,1,0.78
XDXMXXI,1,0.78
XDXMXIX,1,0.78
XDXMAXX,1,0.78
XDTXXXI,1,0.78
XDTXXIX,1,0.78
XDTXAXX,1,0.78
XDTMXXX,1,0.78
FXXXXII,1,0.78
FXXXAXI,1,0.78
FXXXAIX,1,0.78
FXXMXXI,1,0.78
FXXMXIX,1,0.78
FXXMAXX,1,0.78
FXTXXXI,1,0.78
FXTXXIX,1,0.78
FXTXAXX,1,0.78
FXTMXXX,1,0.78
FDXXXIX,1,0.78
FDXXAXX,1,0.78
FDXMXXX,1,0.78
FDTXXXX,1,0.78
EXXXXVF,1,0.78
EXXXAXF,1,0.78
EXXKXXF,1,0.78
EXXKXVX,1,0.78
EXXKAXX,1,0.78
EXVXXXF,1,0.78
EXVKXXX,1,0.78
ENXXXXF,1,0.78
ENXXXVX,1,0.78
ENXXAXX,1,0.78
ENXKXXX,1,0.78
ENVXXXX,1,0.78
XXXXART,1,0.78
XXXSXRT,1,0.78
XXCXXRT,1,0.78
XEXXXRT,1,0.78
LXXXXRT,1,0.78
XXXXAVR,1,0.78
XXXEXVR,1,0.78
XXEXXVR,1,0.78
XXEXAVX,1,0.78
XXEEXVX,1,0.78
XFXXXVR,1,0.78
XFXEXVX,1,0.78
XFEXXVX,1,0.78
VXXXXVR,1,0.78
VXXEXVX,1,0.78
VXEXXVX,1,0.78
XXXXAVE,1,0.78
XXXRXVE,1,0.78
XXXRAXE,1,0.78
XXXRAVX,1,0.78
XXVXXVE,1,0.78
XXVRXXE,1,0.78
XXVRXVX,1,0.78
XXVRAXX,1,0.78
XAXXXVE,1,0.78
XAXXAXE,1,0.78
XAXXAVX,1,0.78
XAXRXXE,1,0.78
XAXRXVX,1,0.78
XAXRAXX,1,0.78
XAVXXXE,1,0.78
XAVXXVX,1,0.78
XAVXAXX,1,0.78
XAVRXXX,1,0.78
EXXXXVE,1,0.78
EXXXAXE,1,0.78
EXXRXXE,1,0.78
EXXRXVX,1,0.78
EXXRAXX,1,0.78
EXVXXXE,1,0.78
EXVRXXX,1,0.78
EAXXXXE,1,0.78
EAXXXVX,1,0.78
EAXRXXX,1,0.78
EAVXXXX,1,0.78
XXXHXVF,1,0.78
XXXHAXF,1,0.78
XXXHAVX,1,0.78
XXVHXXF,1,0.78
XXVHXVX,1,0.78
XXVHAXX,1,0.78
XNXHXXF,1,0.78
XNXHXVX,1,0.78
XNXHAXX,1,0.78
XNVHXXX,1,0.78
DXXHXXF,1,0.78
DXXHXVX,1,0.78
DXXHAXX,1,0.78
DXVHXXX,1,0.78
DNXHXXX,1,0.78
XXXXSRS,1,0.78
XXXSXRS,1,0.78
XXXSSXS,1,0.78
XXXSSRX,1,0.78
XXCXXRS,1,0.78
XXCXSXS,1,0.78
XXCXSRX,1,0.78
XEXXXRS,1,0.78
XEXXSXS,1,0.78
XEXXSRX,1,0.78
VXXXXRS,1,0.78
VXXXSXS,1,0.78
VXXXSRX,1,0.78
VXXSXXS,1,0.78
VXXSXRX,1,0.78
VXXSSXX,1,0.78
VXCXXXS,1,0.78
VXCXXRX,1,0.78
VXCXSXX,1,0.78
VXCSXXX,1,0.78
VEXXXXS,1,0.78
VEXXXRX,1,0.78
VEXXSXX,1,0.78
VEXSXXX,1,0.78
VECXXXX,1,0.78
XXXXRSS,1,0.78
XXXSXSS,1,0.78
XXXSRXS,1,0.78
XXXSRSX,1,0.78
XXSXXSS,1,0.78
XXSXRXS,1,0.78
XXSXRSX,1,0.78
XXSSXXS,1,0.78
XXSSXSX,1,0.78
XXSSRXX,1,0.78
XCXXXSS,1,0.78
XCXXRXS,1,0.78
XCXXRSX,1,0.78
XCXSXXS,1,0.78
XCXSXSX,1,0.78
XCXSRXX,1,0.78
XCSXXXS,1,0.78
XCSXXSX,1,0.78
XCSXRXX,1,0.78
EXXXXSS,1,0.78
EXXXRXS,1,0.78
EXXXRSX,1,0.78
EXXSXXS,1,0.78
EXXSXSX,1,0.78
EXXSRXX,1,0.78
EXSXXXS,1,0.78
EXSXXSX,1,0.78
EXSXRXX,1,0.78
ECXXXXS,1,0.78
ECXXXSX,1,0.78
ECXXRXX,1,0.78
XXXXSER,1,0.78
XXXSXER,1,0.78
XXXSSXR,1,0.78
XXXSSEX,1,0.78
XXRXXER,1,0.78
XXRXSXR,1,0.78
XXRXSEX,1,0.78
XXRSXXR,1,0.78
XXRSXEX,1,0.78
XXRSSXX,1,0.78
XSXXXER,1,0.78
XSXXSXR,1,0.78
XSXXSEX,1,0.78
XSXSXXR,1,0.78
XSXSSXX,1,0.78
XSRXXXR,1,0.78
XSRXXEX,1,0.78
XSRXSXX,1,0.78
XSRSXXX,1,0.78
SXXXXER,1,0.78
SXXXSXR,1,0.78
SXXXSEX,1,0.78
SXXSSXX,1,0.78
SXRXXXR,1,0.78
SXRXXEX,1,0.78
SXRXSXX,1,0.78
SXRSXXX,1,0.78
SSXXXXR,1,0.78
SSXXSXX,1,0.78
SSRXXXX,1,0.78
XXXXERS,1,0.78
XXXSERX,1,0.78
XXSXXRS,1,0.78
XXSXEXS,1,0.78
XXSXERX,1,0.78
XXSSXRX,1,0.78
XXSSEXX,1,0.78
XRXXXRS,1,0.78
XRXXEXS,1,0.78
XRXXERX,1,0.78
XRXSXXS,1,0.78
XRXSXRX,1,0.78
XRXSEXX,1,0.78
XRSXXXS,1,0.78
XRSXXRX,1,0.78
XRSXEXX,1,0.78
XRSSXXX,1,0.78
SXXXXRS,1,0.78
SXXXEXS,1,0.78
SXXXERX,1,0.78
SXXSEXX,1,0.78
SXSXXXS,1,0.78
SXSXXRX,1,0.78
SXSXEXX,1,0.78
SXSSXXX,1,0.78
SRXXXXS,1,0.78
SRXXXRX,1,0.78
SRXXEXX,1,0.78
SRXSXXX,1,0.78
SRSXXXX,1,0.78
XXRXXRD,1,0.78
XXRXVXD,1,0.78
XXRXVRX,1,0.78
XXRSXXD,1,0.78
XXRSXRX,1,0.78
XERXXXD,1,0.78
XERXXRX,1,0.78
XERXVXX,1,0.78
XERSXXX,1,0.78
SXRXXXD,1,0.78
SXRXXRX,1,0.78
SXRXVXX,1,0.78
SERXXXX,1,0.78
IXXXXLQ,1,0.78
IXXXAXQ,1,0.78
IXXSXXQ,1,0.78
IXCXXXQ,1,0.78
IEXXXXQ,1,0.78
XXXXENS,1,0.78
XXXSXNS,1,0.78
XXQXXNS,1,0.78
XXQXEXS,1,0.78
XXQXENX,1,0.78
XXQSXXS,1,0.78
XXQSXNX,1,0.78
XXQSEXX,1,0.78
XLXXXNS,1,0.78
XLXXEXS,1,0.78
XLXXENX,1,0.78
XLXSXXS,1,0.78
XLXSXNX,1,0.78
XLXSEXX,1,0.78
XLQXXXS,1,0.78
XLQXXNX,1,0.78
XLQXEXX,1,0.78
XLQSXXX,1,0.78
AXXXXNS,1,0.78
AXQXXXS,1,0.78
AXQXXNX,1,0.78
AXQXEXX,1,0.78
AXQSXXX,1,0.78
ALXXXXS,1,0.78
ALXXEXX,1,0.78
ALXSXXX,1,0.78
ALQXXXX,1,0.78
XXNXXRD,1,0.78
XXNXVXD,1,0.78
XXNXVRX,1,0.78
XXNSXXD,1,0.78
XXNSXRX,1,0.78
XXNSVXX,1,0.78
XENXXXD,1,0.78
XENXXRX,1,0.78
XENXVXX,1,0.78
XENSXXX,1,0.78
SXNXXXD,1,0.78
SXNXXRX,1,0.78
SXNXVXX,1,0.78
SXNSXXX,1,0.78
SENXXXX,1,0.78
XXXXAKS,1,0.78
XXXSAXS,1,0.78
XXCXXKS,1,0.78
XXCXAXS,1,0.78
XEXXXKS,1,0.78
XEXXAXS,1,0.78
LXXXXKS,1,0.78
LXXXAXS,1,0.78
LXXSXXS,1,0.78
LXCXXXS,1,0.78
LEXXXXS,1,0.78
XXXXKEG,1,0.78
XXXSXEG,1,0.78
XXXSKXG,1,0.78
XXKXXEG,1,0.78
XXKXKXG,1,0.78
XXKXKEX,1,0.78
XXKSXXG,1,0.78
XXKSKXX,1,0.78
XAXXXEG,1,0.78
XAXXKXG,1,0.78
XAXXKEX,1,0.78
XAXSXXG,1,0.78
XAXSXEX,1,0.78
XAXSKXX,1,0.78
XAKXXXG,1,0.78
XAKXXEX,1,0.78
XAKXKXX,1,0.78
XAKSXXX,1,0.78
SXXXXEG,1,0.78
SXXXKXG,1,0.78
SXXXKEX,1,0.78
SXXSXXG,1,0.78
SXXSKXX,1,0.78
SXKXXXG,1,0.78
SXKXKXX,1,0.78
SAXXXXG,1,0.78
SAXXXEX,1,0.78
SAXXKXX,1,0.78
SAXSXXX,1,0.78
SAKXXXX,1,0.78
XXXEXVF,1,0.78
XXXEAXF,1,0.78
XXVEXXF,1,0.78
XXVEXVX,1,0.78
XXVEAXX,1,0.78
XNXEXXF,1,0.78
XNXEXVX,1,0.78
XNXEAXX,1,0.78
XNVEXXX,1,0.78
DXXEXXF,1,0.78
DXXEXVX,1,0.78
DXXEAXX,1,0.78
DXVEXXX,1,0.78
DNXEXXX,1,0.78
XXXXAKL,1,0.78
XXXSXKL,1,0.78
XXCXXKL,1,0.78
XEXXXKL,1,0.78
LXXXXKL,1,0.78
XXXSAXI,1,0.78
XXXSAAX,1,0.78
XXFSAXX,1,0.78
XVXSXXI,1,0.78
XVXSXAX,1,0.78
XVXSAXX,1,0.78
XVFSXXX,1,0.78
EXXXAXI,1,0.78
EXXSAXX,1,0.78
EXFXAXX,1,0.78
EVXXXXI,1,0.78
EVXXXAX,1,0.78
EVXXAXX,1,0.78
EVXSXXX,1,0.78
EVFXXXX,1,0.78
XXNXXIH,1,0.78
XXNXAXH,1,0.78
XXNXAIX,1,0.78
XXNTXXH,1,0.78
XXNTXIX,1,0.78
XXNTAXX,1,0.78
XFNXXXH,1,0.78
XFNXXIX,1,0.78
XFNXAXX,1,0.78
XFNTXXX,1,0.78
VXNXXXH,1,0.78
VXNXXIX,1,0.78
VXNXAXX,1,0.78
VXNTXXX,1,0.78
VFNXXXX,1,0.78
XXXXALY,1,0.78
XXXTXLY,1,0.78
XXXTAXY,1,0.78
XXXTALX,1,0.78
XXHXXLY,1,0.78
XXHXAXY,1,0.78
XXHXALX,1,0.78
XXHTXXY,1,0.78
XXHTXLX,1,0.78
XXHTAXX,1,0.78
XIXXXLY,1,0.78
XIXXAXY,1,0.78
XIXTXXY,1,0.78
XIXTXLX,1,0.78
XIHXXXY,1,0.78
XIHXXLX,1,0.78
XIHXAXX,1,0.78
XIHTXXX,1,0.78
AXXXXLY,1,0.78
AXXXAXY,1,0.78
AXXTXXY,1,0.78
AXXTXLX,1,0.78
AXHXXXY,1,0.78
AXHXXLX,1,0.78
AXHXAXX,1,0.78
AXHTXXX,1,0.78
AIXXXXY,1,0.78
AIHXXXX,1,0.78
XXXXSKH,1,0.78
XXXSXKH,1,0.78
XXXSSXH,1,0.78
XXXSSKX,1,0.78
XXCXXKH,1,0.78
XXCXSXH,1,0.78
XXCXSKX,1,0.78
XXCSXXH,1,0.78
XEXXXKH,1,0.78
XEXXSXH,1,0.78
XEXXSKX,1,0.78
XEXSXXH,1,0.78
XECXXXH,1,0.78
LXXXXKH,1,0.78
LXXXSXH,1,0.78
LXXXSKX,1,0.78
LXXSXXH,1,0.78
LXCXXXH,1,0.78
LEXXXXH,1,0.78
XXXXKHN,1,0.78
XXXSXHN,1,0.78
XXXSKXN,1,0.78
XXXSKHX,1,0.78
XXSXXHN,1,0.78
XXSXKXN,1,0.78
XXSXKHX,1,0.78
XXSSXHX,1,0.78
XCXXXHN,1,0.78
XCXXKXN,1,0.78
XCXXKHX,1,0.78
XCXSXHX,1,0.78
XCSXXHX,1,0.78
EXXXXHN,1,0.78
EXXXKXN,1,0.78
EXXXKHX,1,0.78
EXXSXHX,1,0.78
EXSXXHX,1,0.78
ECXXXHX,1,0.78
XXXXKEM,1,0.78
XXXSXEM,1,0.78
XXXSKXM,1,0.78
XXSXXEM,1,0.78
XXSXKXM,1,0.78
XXSXKEX,1,0.78
XXSSXXM,1,0.78
XXSSXEX,1,0.78
XCXXXEM,1,0.78
XCXXKXM,1,0.78
XCXXKEX,1,0.78
XCXSXXM,1,0.78
XCXSXEX,1,0.78
XCSXXXM,1,0.78
XCSXXEX,1,0.78
EXXXXEM,1,0.78
EXXXKXM,1,0.78
EXXXKEX,1,0.78
EXXSXXM,1,0.78
EXXSXEX,1,0.78
EXSXXXM,1,0.78
EXSXXEX,1,0.78
ECXXXXM,1,0.78
ECXXXEX,1,0.78
XXXXVFQ,1,0.78
XXXSXFQ,1,0.78
XXXSVXQ,1,0.78
XXDXXFQ,1,0.78
XXDXVXQ,1,0.78
XXDXVFX,1,0.78
XXDSXXQ,1,0.78
XXDSXFX,1,0.78
XXDSVXX,1,0.78
XVXXXFQ,1,0.78
XVXXVXQ,1,0.78
XVXSXXQ,1,0.78
XVDXXXQ,1,0.78
XVDXXFX,1,0.78
XVDXVXX,1,0.78
XVDSXXX,1,0.78
GXXXXFQ,1,0.78
GXXXVXQ,1,0.78
GXXXVFX,1,0.78
GXXSXXQ,1,0.78
GXXSXFX,1,0.78
GXXSVXX,1,0.78
GXDXXXQ,1,0.78
GXDXXFX,1,0.78
GXDXVXX,1,0.78
GXDSXXX,1,0.78
GVXXXXQ,1,0.78
GVXXVXX,1,0.78
GVXSXXX,1,0.78
GVDXXXX,1,0.78
XXXXAVD,1,0.78
XXXLXVD,1,0.78
XXXLAXD,1,0.78
XXXLAVX,1,0.78
XXQXXVD,1,0.78
XXQXAXD,1,0.78
XXQXAVX,1,0.78
XXQLXXD,1,0.78
XXQLXVX,1,0.78
XXQLAXX,1,0.78
XFXXXVD,1,0.78
XFXXAXD,1,0.78
XFXLXXD,1,0.78
XFXLXVX,1,0.78
XFQXXXD,1,0.78
XFQXXVX,1,0.78
XFQXAXX,1,0.78
XFQLXXX,1,0.78
VXXXXVD,1,0.78
VXXXAXD,1,0.78
VXXLXXD,1,0.78
VXXLXVX,1,0.78
VXXLAXX,1,0.78
VXQXXXD,1,0.78
VXQXXVX,1,0.78
VXQXAXX,1,0.78
VXQLXXX,1,0.78
VFXXXXD,1,0.78
VFXLXXX,1,0.78
VFQXXXX,1,0.78
XXXXATR,1,0.78
XXXVXTR,1,0.78
XXXVAXR,1,0.78
XXXVATX,1,0.78
XXEXXTR,1,0.78
XXEXATX,1,0.78
XXEVXXR,1,0.78
XXEVXTX,1,0.78
XXEVAXX,1,0.78
XFXXXTR,1,0.78
XFXXATX,1,0.78
XFXVXXR,1,0.78
XFXVXTX,1,0.78
XFXVAXX,1,0.78
XFEXXTX,1,0.78
XFEVXXX,1,0.78
VXXXXTR,1,0.78
VXXXATX,1,0.78
VXXVXXR,1,0.78
VXXVXTX,1,0.78
VXXVAXX,1,0.78
VXEXXTX,1,0.78
VXEVXXX,1,0.78
VFXXXTX,1,0.78
VFXVXXX,1,0.78
XXXXVFD,1,0.78
XXXSXFD,1,0.78
XXKXXFD,1,0.78
XXKXVXD,1,0.78
XXKXVFX,1,0.78
XXKSXXD,1,0.78
XXKSXFX,1,0.78
XXKSVXX,1,0.78
XVXXXFD,1,0.78
XVXXVXD,1,0.78
XVXSXXD,1,0.78
XVKXXXD,1,0.78
XVKXXFX,1,0.78
XVKXVXX,1,0.78
XVKSXXX,1,0.78
NXXXXFD,1,0.78
NXXXVXD,1,0.78
NXXXVFX,1,0.78
NXXSXXD,1,0.78
NXXSXFX,1,0.78
NXXSVXX,1,0.78
NXKXXXD,1,0.78
NXKXXFX,1,0.78
NXKXVXX,1,0.78
NXKSXXX,1,0.78
NVXXXXD,1,0.78
NVXXXFX,1,0.78
NVXXVXX,1,0.78
NVXSXXX,1,0.78
NVKXXXX,1,0.78
XXXXSLK,1,0.78
XXXSXLK,1,0.78
XXXSSXK,1,0.78
XXCXXLK,1,0.78
XXCXSXK,1,0.78
XXCSXXK,1,0.78
XEXXXLK,1,0.78
XEXXSXK,1,0.78
XEXSXXK,1,0.78
XECXXXK,1,0.78
YXXXXLK,1,0.78
YXXXSXK,1,0.78
YXXXSLX,1,0.78
YXXSXXK,1,0.78
YXXSXLX,1,0.78
YXXSSXX,1,0.78
YXCXXXK,1,0.78
YXCXXLX,1,0.78
YXCXSXX,1,0.78
YEXXXXK,1,0.78
YEXXXLX,1,0.78
YEXXSXX,1,0.78
XXXXLKK,1,0.78
XXXSXKK,1,0.78
XXXSLXK,1,0.78
XXXSLKX,1,0.78
XXSXXKK,1,0.78
XXSXLXK,1,0.78
XXSXLKX,1,0.78
XXSSXXK,1,0.78
XXSSXKX,1,0.78
XCXXXKK,1,0.78
XCXXLXK,1,0.78
XCXXLKX,1,0.78
XCXSXXK,1,0.78
XCXSXKX,1,0.78
XCSXXXK,1,0.78
XCSXXKX,1,0.78
EXXXXKK,1,0.78
EXXXLXK,1,0.78
EXXXLKX,1,0.78
EXXSXXK,1,0.78
EXXSXKX,1,0.78
EXSXXXK,1,0.78
EXSXXKX,1,0.78
ECXXXXK,1,0.78
ECXXXKX,1,0.78
XXXXELF,1,0.78
XXXSXLF,1,0.78
XXXSEXF,1,0.78
XXXSELX,1,0.78
XXLXXLF,1,0.78
XXLXEXF,1,0.78
XXLXELX,1,0.78
XXLSXXF,1,0.78
XXLSXLX,1,0.78
XXLSEXX,1,0.78
XGXXXLF,1,0.78
XGXXEXF,1,0.78
XGXXELX,1,0.78
XGXSXXF,1,0.78
XGXSXLX,1,0.78
XGXSEXX,1,0.78
XGLXXXF,1,0.78
XGLXXLX,1,0.78
XGLXEXX,1,0.78
XGLSXXX,1,0.78
KXXXXLF,1,0.78
KXXXEXF,1,0.78
KXXXELX,1,0.78
KXXSXXF,1,0.78
KXXSXLX,1,0.78
KXXSEXX,1,0.78
KXLXXXF,1,0.78
KXLXXLX,1,0.78
KXLXEXX,1,0.78
KXLSXXX,1,0.78
KGXXXXF,1,0.78
KGXXXLX,1,0.78
KGXXEXX,1,0.78
KGXSXXX,1,0.78
KGLXXXX,1,0.78
XXXEXFT,1,0.78
XXXEAXT,1,0.78
XXXEAFX,1,0.78
XXNXXFT,1,0.78
XXNXAXT,1,0.78
XXNXAFX,1,0.78
XXNEXXT,1,0.78
XXNEXFX,1,0.78
XXNEAXX,1,0.78
XVXXXFT,1,0.78
XVXXAXT,1,0.78
XVXXAFX,1,0.78
XVXEXXT,1,0.78
XVXEXFX,1,0.78
XVXEAXX,1,0.78
XVNXXXT,1,0.78
XVNXXFX,1,0.78
XVNXAXX,1,0.78
XVNEXXX,1,0.78
GXXXXFT,1,0.78
GXXXAXT,1,0.78
GXXXAFX,1,0.78
GXXEXXT,1,0.78
GXXEXFX,1,0.78
GXXEAXX,1,0.78
GXNXXXT,1,0.78
GXNXXFX,1,0.78
GXNXAXX,1,0.78
GXNEXXX,1,0.78
GVXXXXT,1,0.78
GVXEXXX,1,0.78
GVNXXXX,1,0.78
XXXXAAR,1,0.78
XXXEXAR,1,0.78
XXXEAAX,1,0.78
XXTXXAR,1,0.78
XXTXAXR,1,0.78
XXTXAAX,1,0.78
XXTEXXR,1,0.78
XXTEXAX,1,0.78
XXTEAXX,1,0.78
XFXXXAR,1,0.78
XFXXAAX,1,0.78
XFXEXAX,1,0.78
XFTXXXR,1,0.78
XFTXXAX,1,0.78
XFTXAXX,1,0.78
XFTEXXX,1,0.78
AXXXXAR,1,0.78
AXXXAXR,1,0.78
AXXEXXR,1,0.78
AXXEXAX,1,0.78
AXXEAXX,1,0.78
AXTXXXR,1,0.78
AXTXXAX,1,0.78
AXTEXXX,1,0.78
AFXXXXR,1,0.78
AFXXXAX,1,0.78
AFXXAXX,1,0.78
AFXEXXX,1,0.78
XXXXARV,1,0.78
XXXAXRV,1,0.78
XXXAAXV,1,0.78
XXXAARX,1,0.78
XXEXXRV,1,0.78
XXEXAXV,1,0.78
XXEXARX,1,0.78
XXEAXXV,1,0.78
XXEAXRX,1,0.78
XXEAAXX,1,0.78
XTXXXRV,1,0.78
XTXXAXV,1,0.78
XTXXARX,1,0.78
XTXAXXV,1,0.78
XTXAXRX,1,0.78
XTXAAXX,1,0.78
XTEXXXV,1,0.78
XTEXXRX,1,0.78
XTEXAXX,1,0.78
XTEAXXX,1,0.78
FXXXXRV,1,0.78
FXXXAXV,1,0.78
FXXXARX,1,0.78
FXXAXXV,1,0.78
FXXAXRX,1,0.78
FXXAAXX,1,0.78
FXEXXXV,1,0.78
FXEXXRX,1,0.78
FXEXAXX,1,0.78
FXEAXXX,1,0.78
FTXXXXV,1,0.78
FTXXXRX,1,0.78
FTXXAXX,1,0.78
FTXAXXX,1,0.78
FTEXXXX,1,0.78
XXXXAIK,1,0.78
XXXTXIK,1,0.78
XXXTAXK,1,0.78
XXDXXIK,1,0.78
XXDXAXK,1,0.78
XXDTXXK,1,0.78
XXDTXIX,1,0.78
XXDTAXX,1,0.78
XFXXXIK,1,0.78
XFXXAXK,1,0.78
XFXTXXK,1,0.78
XFDXXXK,1,0.78
XFDTXXX,1,0.78
VXXXXIK,1,0.78
VXXXAXK,1,0.78
VXXTXXK,1,0.78
VXDXXXK,1,0.78
VXDTXXX,1,0.78
VFXXXXK,1,0.78
XXEXXIH,1,0.78
XXEXAXH,1,0.78
XXEXAIX,1,0.78
XXETXXH,1,0.78
XXETXIX,1,0.78
XXETAXX,1,0.78
XFEXXXH,1,0.78
XFEXXIX,1,0.78
XFETXXX,1,0.78
VXEXXXH,1,0.78
VXEXXIX,1,0.78
VXETXXX,1,0.78
YXXXXKT,1,0.78
YXXXAXT,1,0.78
YXXXAKX,1,0.78
YXXSXXT,1,0.78
YXXSXKX,1,0.78
YXXSAXX,1,0.78
YXCXXXT,1,0.78
YXCXXKX,1,0.78
YXCXAXX,1,0.78
YEXXXXT,1,0.78
YEXXXKX,1,0.78
YEXXAXX,1,0.78
XXXXSLT,1,0.78
XXXSSXT,1,0.78
XXCXSXT,1,0.78
XEXXSXT,1,0.78
MXXXSXT,1,0.78
MXXXSLX,1,0.78
MXXSSXX,1,0.78
MXCXSXX,1,0.78
MEXXSXX,1,0.78
XXXXLTG,1,0.78
XXXSXTG,1,0.78
XXXSLXG,1,0.78
XXXSLTX,1,0.78
XXSXXTG,1,0.78
XXSXLXG,1,0.78
XXSXLTX,1,0.78
XXSSXXG,1,0.78
XXSSXTX,1,0.78
XCXXXTG,1,0.78
XCXXLXG,1,0.78
XCXXLTX,1,0.78
XCXSXXG,1,0.78
XCXSXTX,1,0.78
XCSXXXG,1,0.78
XCSXXTX,1,0.78
EXXXXTG,1,0.78
EXXXLXG,1,0.78
EXXXLTX,1,0.78
EXXSXXG,1,0.78
EXXSXTX,1,0.78
EXSXXXG,1,0.78
EXSXXTX,1,0.78
ECXXXXG,1,0.78
ECXXXTX,1,0.78
XXXXYEE,1,0.78
XXXSXEE,1,0.78
XXXSYXE,1,0.78
XXXSYEX,1,0.78
XXIXXEE,1,0.78
XXIXYXE,1,0.78
XXIXYEX,1,0.78
XXISXXE,1,0.78
XXISXEX,1,0.78
XXISYXX,1,0.78
XLXXXEE,1,0.78
XLXXYXE,1,0.78
XLXXYEX,1,0.78
XLXSXXE,1,0.78
XLXSXEX,1,0.78
XLXSYXX,1,0.78
XLIXXXE,1,0.78
XLIXXEX,1,0.78
XLIXYXX,1,0.78
XLISXXX,1,0.78
NXXXXEE,1,0.78
NXXXYXE,1,0.78
NXXXYEX,1,0.78
NXXSXXE,1,0.78
NXXSXEX,1,0.78
NXXSYXX,1,0.78
NXIXXXE,1,0.78
NXIXXEX,1,0.78
NXIXYXX,1,0.78
NXISXXX,1,0.78
NLXXXXE,1,0.78
NLXXXEX,1,0.78
NLXXYXX,1,0.78
NLXSXXX,1,0.78
NLIXXXX,1,0.78
XXXXAMA,1,0.78
XXXLXMA,1,0.78
XXXLAXA,1,0.78
XXXLAMX,1,0.78
XXGXXMA,1,0.78
XXGXAXA,1,0.78
XXGXAMX,1,0.78
XXGLXXA,1,0.78
XXGLXMX,1,0.78
XXGLAXX,1,0.78
XEXXXMA,1,0.78
XEXXAXA,1,0.78
XEXXAMX,1,0.78
XEXLXXA,1,0.78
XEXLXMX,1,0.78
XEXLAXX,1,0.78
XEGXXXA,1,0.78
XEGXXMX,1,0.78
XEGLXXX,1,0.78
EXXXXMA,1,0.78
EXXXAXA,1,0.78
EXXXAMX,1,0.78
EXXLXXA,1,0.78
EXXLXMX,1,0.78
EXXLAXX,1,0.78
EXGXXXA,1,0.78
EXGXXMX,1,0.78
EXGXAXX,1,0.78
EXGLXXX,1,0.78
EEXXXXA,1,0.78
EEXXXMX,1,0.78
EEXXAXX,1,0.78
EEXLXXX,1,0.78
EEGXXXX,1,0.78
XXXXAKK,1,0.78
XXXMXKK,1,0.78
XXXMAXK,1,0.78
XXAXXKK,1,0.78
XXAXAXK,1,0.78
XXAMXXK,1,0.78
XLXXXKK,1,0.78
XLXXAXK,1,0.78
XLXMXXK,1,0.78
XLAXXXK,1,0.78
GXXXXKK,1,0.78
GXXXAXK,1,0.78
GXXMXXK,1,0.78
GXAXXXK,1,0.78
GLXXXXK,1,0.78
XXXXQQN,1,0.78
XXXSXQN,1,0.78
XXXSQQX,1,0.78
XXKXXQN,1,0.78
XXKXQQX,1,0.78
XXKSXQX,1,0.78
XSXXXQN,1,0.78
XSXXQQX,1,0.78
XSXSXQX,1,0.78
XSKXXQX,1,0.78
SXXXXQN,1,0.78
SXXXQQX,1,0.78
SXXSXQX,1,0.78
SXKXXQX,1,0.78
SSXXXQX,1,0.78
XXXXENL,1,0.78
XXXSEXL,1,0.78
XXTXEXL,1,0.78
XXTXENX,1,0.78
XKXXEXL,1,0.78
XKXXENX,1,0.78
XKXSEXX,1,0.78
XKTXEXX,1,0.78
AXXXEXL,1,0.78
AKXXEXX,1,0.78
XXXXANL,1,0.78
XXXQXNL,1,0.78
XXXQAXL,1,0.78
XXXQANX,1,0.78
XXTXAXL,1,0.78
XXTXANX,1,0.78
XXTQXXL,1,0.78
XXTQXNX,1,0.78
XXTQAXX,1,0.78
XLXXXNL,1,0.78
XLXXAXL,1,0.78
XLXXANX,1,0.78
XLXQXXL,1,0.78
XLXQXNX,1,0.78
XLXQAXX,1,0.78
XLTXXXL,1,0.78
XLTXXNX,1,0.78
XLTXAXX,1,0.78
XLTQXXX,1,0.78
AXXXAXL,1,0.78
AXXXANX,1,0.78
AXXQXXL,1,0.78
AXXQXNX,1,0.78
AXXQAXX,1,0.78
AXTQXXX,1,0.78
ALXXXXL,1,0.78
ALXXAXX,1,0.78
ALXQXXX,1,0.78
ALTXXXX,1,0.78
MXXXALX,1,0.78
XXXXAIV,1,0.78
XXXEXIV,1,0.78
XXXEAXV,1,0.78
XXXEAIX,1,0.78
XXDXXIV,1,0.78
XXDXAXV,1,0.78
XXDEXXV,1,0.78
XXDEXIX,1,0.78
XXDEAXX,1,0.78
XFXXXIV,1,0.78
XFXXAXV,1,0.78
XFXEXXV,1,0.78
XFXEXIX,1,0.78
XFDXXXV,1,0.78
XFDEXXX,1,0.78
VXXXXIV,1,0.78
VXXXAXV,1,0.78
VXXEXXV,1,0.78
VXXEXIX,1,0.78
VXDXXXV,1,0.78
VXDEXXX,1,0.78
VFXXXXV,1,0.78
XXXXAAL,1,0.78
XXXVXAL,1,0.78
XXXVAXL,1,0.78
XXXVAAX,1,0.78
XXIXXAL,1,0.78
XXIXAXL,1,0.78
XXIXAAX,1,0.78
XXIVXXL,1,0.78
XXIVXAX,1,0.78
XXIVAXX,1,0.78
XAXXXAL,1,0.78
XAXXAXL,1,0.78
XAXXAAX,1,0.78
XAXVXXL,1,0.78
XAXVXAX,1,0.78
XAXVAXX,1,0.78
XAIXXXL,1,0.78
XAIXXAX,1,0.78
XAIXAXX,1,0.78
XAIVXXX,1,0.78
EXXXXAL,1,0.78
EXXXAXL,1,0.78
EXXVXXL,1,0.78
EXXVXAX,1,0.78
EXXVAXX,1,0.78
EXIXXXL,1,0.78
EXIXXAX,1,0.78
EXIXAXX,1,0.78
EXIVXXX,1,0.78
EAXXXXL,1,0.78
EAXXXAX,1,0.78
EAXVXXX,1,0.78
EAIXXXX,1,0.78
XXXXALE,1,0.78
XXXAXLE,1,0.78
XXXAAXE,1,0.78
XXXAALX,1,0.78
XXVXXLE,1,0.78
XXVXALX,1,0.78
XXVAXXE,1,0.78
XXVAXLX,1,0.78
XXVAAXX,1,0.78
XIXXXLE,1,0.78
XIXXAXE,1,0.78
XIXAXXE,1,0.78
XIXAXLX,1,0.78
XIXAAXX,1,0.78
XIVXXXE,1,0.78
XIVXXLX,1,0.78
XIVXAXX,1,0.78
XIVAXXX,1,0.78
AXXXXLE,1,0.78
AXXXAXE,1,0.78
AXXAXXE,1,0.78
AXXAXLX,1,0.78
AXXAAXX,1,0.78
AXVXXXE,1,0.78
AXVXXLX,1,0.78
AXVXAXX,1,0.78
AXVAXXX,1,0.78
AIXXXXE,1,0.78
AIXAXXX,1,0.78
AIVXXXX,1,0.78
