XXLSAXT,63,13.88
IXLSAXX,63,13.88
IXXSAXT,53,11.67
XRXSAXT,52,11.45
IXLXAXT,46,10.13
IXLSXXT,46,10.13
XXXSAKT,44,9.69
XRLSAXX,44,9.69
XRLXAXT,38,8.37
XRLSXXT,38,8.37
XXLSARX,35,7.71
IXXSAKX,35,7.71
XXLSAKX,32,7.05
IRXSAXX,32,7.05
IRLXAXX,32,7.05
IRLSXXX,32,7.05
XXISAKX,32,7.05
IRXXAXT,29,6.39
IRXSXXT,29,6.39
IRLXXXT,29,6.39
XXXSART,29,6.39
IXXSARX,29,6.39
XXLXART,27,5.95
XXLSXRT,27,5.95
XRXSAKX,25,5.51
IXLXARX,25,5.51
IXLSXRX,25,5.51
XRXSARX,24,5.29
XRLXARX,24,5.29
XRLSXRX,24,5.29
XRXXAKT,23,5.07
XRXSXKT,23,5.07
XXISAXT,23,5.07
VXLSAXX,22,4.85
XXLXAKT,22,4.85
XXLSXKT,22,4.85
IXXXART,22,4.85
IXXSXRT,22,4.85
AAXSAXX,21,4.63
IXLXAKX,21,4.63
IXLSXKX,21,4.63
IXXXAKT,20,4.41
IXXSXKT,20,4.41
XRXXART,20,4.41
XRXSXRT,20,4.41
XRLXXRT,20,4.41
IXLXXRT,20,4.41
XXIXAKT,20,4.41
XXISXKT,20,4.41
IXISAXX,19,4.19
XAXSAXR,18,3.96
XARSAXX,18,3.96
AXRSAXX,17,3.74
AARXAXX,17,3.74
AARSXXX,17,3.74
IRXXARX,17,3.74
IRXSXRX,17,3.74
IRLXXRX,17,3.74
VXXSAXT,17,3.74
XXRSAXR,16,3.52
XARXAXR,16,3.52
XARSXXR,16,3.52
AXXSAXR,16,3.52
AAXXAXR,16,3.52
AAXSXXR,16,3.52
IXLXXKT,16,3.52
ISXSAXX,16,3.52
AXRXAXR,15,3.3
AXRSXXR,15,3.3
AARXXXR,15,3.3
XSLSAXX,15,3.3
IRXXXRT,15,3.3
VXXSAKX,14,3.08
XRISAXX,14,3.08
XXISALX,13,2.86
ISLXAXX,13,2.86
ISLSXXX,13,2.86
VXLXAXT,13,2.86
VXLSXXT,13,2.86
XRIXXKT,13,2.86
XRIXAXT,13,2.86
XRIXAKX,13,2.86
XRISXXT,13,2.86
XRISXKX,13,2.86
VXXSARX,12,2.64
XRLXAKX,12,2.64
XRLSXKX,12,2.64
ITXSAXX,12,2.64
YXXXAKT,12,2.64
YXXSXKT,12,2.64
YXXSAXT,12,2.64
YXXSAKX,12,2.64
YXIXXKT,12,2.64
YXIXAXT,12,2.64
YXIXAKX,12,2.64
YXISXXT,12,2.64
YXISXKX,12,2.64
YXISAXX,12,2.64
YRXXXKT,12,2.64
YRXXAXT,12,2.64
YRXXAKX,12,2.64
YRXSXXT,12,2.64
YRXSXKX,12,2.64
YRXSAXX,12,2.64
YRIXXXT,12,2.64
YRIXXKX,12,2.64
YRIXAXX,12,2.64
YRISXXX,12,2.64
IXXSAQX,11,2.42
XRLXXKT,10,2.2
XXLSAQX,10,2.2
XSXSAXT,10,2.2
IXLXAQX,10,2.2
IXLSXQX,10,2.2
VRXSAXX,10,2.2
XKISAXX,9,1.98
VXXSALX,9,1.98
VXLXARX,9,1.98
VXLSXRX,9,1.98
IRXXAKX,9,1.98
IRXSXKX,9,1.98
IRLXXKX,9,1.98
ISXXAXT,9,1.98
ISXSXXT,9,1.98
XTLSAXX,9,1.98
ITLXAXX,9,1.98
ITLSXXX,9,1.98
LXXSAKX,9,1.98
LXISAXX,9,1.98
IXXSAXS,9,1.98
XXLSALX,9,1.98
XXLSAXS,9,1.98
VRLXAXX,9,1.98
VRLSXXX,9,1.98
IXIXAKX,9,1.98
IXISXKX,9,1.98
XXISAXK,8,1.76
VXISAXX,8,1.76
IRXXXKT,8,1.76
XXXSAQT,8,1.76
XXLXAQT,8,1.76
XXLSXQT,8,1.76
XSLXAXT,8,1.76
XSLSXXT,8,1.76
IXXXAQT,8,1.76
IXXSXQT,8,1.76
IXLXXQT,8,1.76
XSXSAKX,8,1.76
XXVSAKX,8,1.76
XXXSALK,7,1.54
IXXSALX,7,1.54
XXXSAAR,7,1.54
XXRXAAR,7,1.54
XXRSXAR,7,1.54
XXRSAAX,7,1.54
XAXXAAR,7,1.54
XAXSXAR,7,1.54
XAXSAAX,7,1.54
XARXXAR,7,1.54
XARXAAX,7,1.54
XARSXAX,7,1.54
AXXXAAR,7,1.54
AXXSXAR,7,1.54
AXXSAAX,7,1.54
AXRXXAR,7,1.54
AXRXAAX,7,1.54
AXRSXAX,7,1.54
AAXXXAR,7,1.54
AAXXAAX,7,1.54
AAXSXAX,7,1.54
AARXXAX,7,1.54
ISLXXXT,7,1.54
VXLXAKX,7,1.54
VXLSXKX,7,1.54
XSLXAKX,7,1.54
XSLSXKX,7,1.54
VXXXART,7,1.54
VXXSXRT,7,1.54
VXLXXRT,7,1.54
VRXXAXT,7,1.54
VRXSXXT,7,1.54
VRLXXXT,7,1.54
XXXSAKQ,7,1.54
IXXSAXQ,7,1.54
IXVSAXX,7,1.54
XXIXALK,6,1.32
XXISXLK,6,1.32
XAXSAGX,6,1.32
XLXSAKX,6,1.32
ISXXAKX,6,1.32
ISXSXKX,6,1.32
VRXXARX,6,1.32
VRXSXRX,6,1.32
VRLXXRX,6,1.32
XXISAXQ,6,1.32
VXXXAKT,6,1.32
VXXSXKT,6,1.32
LXLSAXX,6,1.32
VXXXALK,5,1.1
VXXSXLK,5,1.1
VXXSAXK,5,1.1
VKXSAXX,5,1.1
XXISAXN,5,1.1
IXIXALX,5,1.1
IXISXLX,5,1.1
XTXSAXT,5,1.1
XTXSAKX,5,1.1
XTLXAXT,5,1.1
XTLSXXT,5,1.1
ITXXAXT,5,1.1
ITXSXXT,5,1.1
ITLXXXT,5,1.1
XXXSAGR,5,1.1
XXRXAGR,5,1.1
XXRSXGR,5,1.1
XXRSAGX,5,1.1
XAXXAGR,5,1.1
XAXSXGR,5,1.1
XARXXGR,5,1.1
XARXAGX,5,1.1
XARSXGX,5,1.1
AXXXAGR,5,1.1
AXXSXGR,5,1.1
AXXSAGX,5,1.1
AXRXXGR,5,1.1
AXRXAGX,5,1.1
AXRSXGX,5,1.1
AAXXXGR,5,1.1
AAXXAGX,5,1.1
AAXSXGX,5,1.1
AARXXGX,5,1.1
XXLSAXR,5,1.1
XHLSAXX,5,1.1
XXISAXE,5,1.1
XLISAXX,5,1.1
LXIXAKX,5,1.1
LXISXKX,5,1.1
IEXSAXX,5,1.1
ISLXXKX,5,1.1
VXVSAXX,5,1.1
VXXSAXN,5,1.1
XSXSAXS,5,1.1
IXLXAXS,5,1.1
IXLSXXS,5,1.1
VRXXXRT,5,1.1
IXXXAKQ,5,1.1
IXXSXKQ,5,1.1
IXVXAKX,5,1.1
IXVSXKX,5,1.1
IXIXAXT,5,1.1
IXISXXT,5,1.1
XXISARX,5,1.1
IXIXAXQ,5,1.1
IXISXXQ,5,1.1
XRXXAQT,5,1.1
XRXSXQT,5,1.1
XRXSAQX,5,1.1
XRLXXQT,5,1.1
XRLXAQX,5,1.1
XRLSXQX,5,1.1
IRXXXQT,5,1.1
IRXXAQX,5,1.1
IRXSXQX,5,1.1
IRLXXQX,5,1.1
XAKSAXX,5,1.1
XFXSAKX,5,1.1
XFISAXX,5,1.1
VLXSAXX,5,1.1
XKXSAXK,4,0.88
XKXSALX,4,0.88
XKIXALX,4,0.88
XKISXLX,4,0.88
VXIXXLK,4,0.88
VXIXAXK,4,0.88
VXIXALX,4,0.88
VXISXXK,4,0.88
VXISXLX,4,0.88
VKIXAXX,4,0.88
VKISXXX,4,0.88
IXXSAXN,4,0.88
ITXXAKX,4,0.88
ITXSXKX,4,0.88
XHXSAKX,4,0.88
XHLXAKX,4,0.88
XHLSXKX,4,0.88
XLIXAKX,4,0.88
XLISXKX,4,0.88
LLXXAKX,4,0.88
LLXSXKX,4,0.88
LLXSAXX,4,0.88
XXXSALS,4,0.88
XEISAXX,4,0.88
IEIXAXX,4,0.88
IEISXXX,4,0.88
XAXSALX,4,0.88
XXXSAIN,4,0.88
XAXSAKX,4,0.88
IAXXAKX,4,0.88
IAXSXKX,4,0.88
IAXSAXX,4,0.88
LXXSALX,4,0.88
XXXSAKN,4,0.88
VXIXAKX,4,0.88
VXISXKX,4,0.88
XLXSAXT,4,0.88
LXXSAXT,4,0.88
XXXSALT,4,0.88
VXLXALX,4,0.88
VXLSXLX,4,0.88
XXXSARS,4,0.88
XXLXARS,4,0.88
XXLSXRS,4,0.88
XSXSARX,4,0.88
XSLXAXS,4,0.88
XSLSXXS,4,0.88
ISXXARX,4,0.88
ISXSXRX,4,0.88
XTXSARX,4,0.88
XTLXARX,4,0.88
XTLSXRX,4,0.88
ITXXARX,4,0.88
ITXSXRX,4,0.88
ITLXXRX,4,0.88
XAXSASX,4,0.88
AXXSASX,4,0.88
AAXXASX,4,0.88
AAXSXSX,4,0.88
XLXSALX,4,0.88
XTXSALX,4,0.88
XKXSAKX,4,0.88
XKIXAKX,4,0.88
XKISXKX,4,0.88
IXIXARX,4,0.88
IXISXRX,4,0.88
XXIXAKQ,4,0.88
XXISXKQ,4,0.88
IYXSAXX,4,0.88
XXXSARE,4,0.88
XXVSAXT,4,0.88
VXXSAXG,4,0.88
XFIXAKX,4,0.88
XFISXKX,4,0.88
IFXSAXX,4,0.88
IFIXAXX,4,0.88
IFISXXX,4,0.88
IXXSAXE,4,0.88
XLLSAXX,4,0.88
XKXXALK,3,0.66
XKXSXLK,3,0.66
XKIXXLK,3,0.66
XKIXAXK,3,0.66
XKISXXK,3,0.66
VKXXXLK,3,0.66
VKXXAXK,3,0.66
VKXXALX,3,0.66
VKXSXXK,3,0.66
VKXSXLX,3,0.66
VKIXXXK,3,0.66
VKIXXLX,3,0.66
XGXSALX,3,0.66
XSXXAQT,3,0.66
XSXSXQT,3,0.66
XSXSAQX,3,0.66
XSLXXQT,3,0.66
XSLXAQX,3,0.66
XSLSXQX,3,0.66
ISXXXQT,3,0.66
ISXXAQX,3,0.66
ISXSXQX,3,0.66
ISLXXQX,3,0.66
XXXSAKR,3,0.66
XXLXAKR,3,0.66
XXLSXKR,3,0.66
XHXXAKR,3,0.66
XHXSXKR,3,0.66
XHXSAXR,3,0.66
XHLXXKR,3,0.66
XHLXAXR,3,0.66
XHLSXXR,3,0.66
VXXXAKR,3,0.66
VXXSXKR,3,0.66
VXXSAXR,3,0.66
VXLXXKR,3,0.66
VXLXAXR,3,0.66
VXLSXXR,3,0.66
VHXXXKR,3,0.66
VHXXAXR,3,0.66
VHXXAKX,3,0.66
VHXSXXR,3,0.66
VHXSXKX,3,0.66
VHXSAXX,3,0.66
VHLXXXR,3,0.66
VHLXXKX,3,0.66
VHLXAXX,3,0.66
VHLSXXX,3,0.66
XXXSAKE,3,0.66
LXXSAXE,3,0.66
LXIXAXE,3,0.66
LXISXXE,3,0.66
LLIXXKX,3,0.66
LLIXAXX,3,0.66
LLISXXX,3,0.66
XXISAXS,3,0.66
IXIXAXS,3,0.66
IXISXXS,3,0.66
XSXXAKT,3,0.66
XSXSXKT,3,0.66
XSLXXKT,3,0.66
LKXSAXX,3,0.66
VAXSAXX,3,0.66
XXTXAIN,3,0.66
XXTSXIN,3,0.66
XXTSAXN,3,0.66
XXTSAIX,3,0.66
VXXXAIN,3,0.66
VXXSXIN,3,0.66
VXXSAIX,3,0.66
VXTXXIN,3,0.66
VXTXAXN,3,0.66
VXTXAIX,3,0.66
VXTSXXN,3,0.66
VXTSXIX,3,0.66
VXTSAXX,3,0.66
VFXSAXX,3,0.66
XAXXAKT,3,0.66
XAXSXKT,3,0.66
XAXSAXT,3,0.66
XALXXKT,3,0.66
XALXAXT,3,0.66
XALXAKX,3,0.66
XALSXXT,3,0.66
XALSXKX,3,0.66
XALSAXX,3,0.66
IAXXXKT,3,0.66
IAXXAXT,3,0.66
IAXSXXT,3,0.66
IALXXXT,3,0.66
IALXXKX,3,0.66
IALXAXX,3,0.66
IALSXXX,3,0.66
IKXSAXX,3,0.66
XXIXAKN,3,0.66
XXISXKN,3,0.66
XIXSAKX,3,0.66
VIXXAKX,3,0.66
VIXSXKX,3,0.66
VIXSAXX,3,0.66
XLXXAKT,3,0.66
XLXSXKT,3,0.66
LXXXAKT,3,0.66
LXXSXKT,3,0.66
XXLXALT,3,0.66
XXLSXLT,3,0.66
XSLXARX,3,0.66
XSLSXRX,3,0.66
IXXXARS,3,0.66
IXXSXRS,3,0.66
IXLXXRS,3,0.66
ISXXAXS,3,0.66
ISXSXXS,3,0.66
ISLXXXS,3,0.66
ISLXXRX,3,0.66
XTXXART,3,0.66
XTXSXRT,3,0.66
XTLXXRT,3,0.66
ITXXXRT,3,0.66
XXXSASR,3,0.66
XXRXASR,3,0.66
XXRSXSR,3,0.66
XXRSASX,3,0.66
XAXXASR,3,0.66
XAXSXSR,3,0.66
XARXXSR,3,0.66
XARXASX,3,0.66
XARSXSX,3,0.66
AXXXASR,3,0.66
AXXSXSR,3,0.66
AXRXXSR,3,0.66
AXRXASX,3,0.66
AXRSXSX,3,0.66
AAXXXSR,3,0.66
AARXXSX,3,0.66
XLXSAXL,3,0.66
XXXSALR,3,0.66
XAISAXX,3,0.66
XTVXAKX,3,0.66
XTVSXKX,3,0.66
XTVSAXX,3,0.66
ITXXALX,3,0.66
ITXSXLX,3,0.66
XSISAXX,3,0.66
XLXSAXS,3,0.66
VXLXXKT,3,0.66
IXIXXKQ,3,0.66
AXKSAXX,3,0.66
AAKXAXX,3,0.66
AAKSXXX,3,0.66
XAXSARX,3,0.66
XXLSAXA,3,0.66
IXXSAXA,3,0.66
IXLXAXA,3,0.66
IXLSXXA,3,0.66
XAXSAXE,3,0.66
XAXSAXQ,3,0.66
AXXSAXQ,3,0.66
AAXXAXQ,3,0.66
AAXSXXQ,3,0.66
IFXXAKX,3,0.66
IFXSXKX,3,0.66
IFIXXKX,3,0.66
LXXSAXK,3,0.66
XXXSAKS,3,0.66
VXIXXKT,3,0.66
VXIXAXT,3,0.66
VXISXXT,3,0.66
LXLXAXT,3,0.66
LXLXAKX,3,0.66
LXLSXXT,3,0.66
LXLSXKX,3,0.66
FXXXAKT,3,0.66
FXXSXKT,3,0.66
FXXSAXT,3,0.66
FXXSAKX,3,0.66
XWXSAKX,3,0.66
VLLXAXX,3,0.66
VLLSXXX,3,0.66
SAXSAXX,3,0.66
VXXSAXS,3,0.66
XXXSAGG,3,0.66
XEXXAGG,3,0.66
XEXSXGG,3,0.66
XEXSAXG,3,0.66
XEXSAGX,3,0.66
VXXXAGG,3,0.66
VXXSXGG,3,0.66
VXXSAGX,3,0.66
VEXXXGG,3,0.66
VEXXAXG,3,0.66
VEXXAGX,3,0.66
VEXSXXG,3,0.66
VEXSXGX,3,0.66
VEXSAXX,3,0.66
FXISAXX,3,0.66
XGISAXX,2,0.44
IXIXAXN,2,0.44
IXISXXN,2,0.44
IGXSAXX,2,0.44
IGIXAXX,2,0.44
IGISXXX,2,0.44
XXXSARD,2,0.44
XXLXARD,2,0.44
XXLSXRD,2,0.44
XXLSAXD,2,0.44
XWLSAXX,2,0.44
XTXXAKT,2,0.44
XTXSXKT,2,0.44
XTLXXKT,2,0.44
XTLXAKX,2,0.44
XTLSXKX,2,0.44
ITXXXKT,2,0.44
ITLXXKX,2,0.44
XXIXAKE,2,0.44
XXISXKE,2,0.44
XXIXALS,2,0.44
XXISXLS,2,0.44
IXXXALS,2,0.44
IXXSXLS,2,0.44
IXIXXLS,2,0.44
ISXXXKT,2,0.44
XHXSAXT,2,0.44
XHLXAXT,2,0.44
XHLSXXT,2,0.44
IHXXAXT,2,0.44
IHXSXXT,2,0.44
IHXSAXX,2,0.44
IHLXXXT,2,0.44
IHLXAXX,2,0.44
IHLSXXX,2,0.44
LKIXAXX,2,0.44
LKISXXX,2,0.44
XXVSAXK,2,0.44
XAVSAXX,2,0.44
VAVXAXX,2,0.44
VAVSXXX,2,0.44
XFXXAIN,2,0.44
XFXSXIN,2,0.44
XFXSAXN,2,0.44
XFXSAIX,2,0.44
XFTXXIN,2,0.44
XFTXAXN,2,0.44
XFTXAIX,2,0.44
XFTSXXN,2,0.44
XFTSXIX,2,0.44
XFTSAXX,2,0.44
VFXXXIN,2,0.44
VFXXAXN,2,0.44
VFXXAIX,2,0.44
VFXSXXN,2,0.44
VFXSXIX,2,0.44
VFTXXXN,2,0.44
VFTXXIX,2,0.44
VFTXAXX,2,0.44
VFTSXXX,2,0.44
XRXSALX,2,0.44
LXIXALX,2,0.44
LXISXLX,2,0.44
LWXSAXX,2,0.44
XIIXAKX,2,0.44
XIISXKX,2,0.44
XIISAXX,2,0.44
VIIXXKX,2,0.44
VIIXAXX,2,0.44
VIISXXX,2,0.44
XLIXXKT,2,0.44
XLIXAXT,2,0.44
XLISXXT,2,0.44
LLXXXKT,2,0.44
LLXXAXT,2,0.44
LLXSXXT,2,0.44
XMXXALT,2,0.44
XMXSXLT,2,0.44
XMXSAXT,2,0.44
XMXSALX,2,0.44
XMLXXLT,2,0.44
XMLXAXT,2,0.44
XMLXALX,2,0.44
XMLSXXT,2,0.44
XMLSXLX,2,0.44
XMLSAXX,2,0.44
VXXXALT,2,0.44
VXXSXLT,2,0.44
VXLXXLT,2,0.44
VMXXXLT,2,0.44
VMXXAXT,2,0.44
VMXXALX,2,0.44
VMXSXXT,2,0.44
VMXSXLX,2,0.44
VMXSAXX,2,0.44
VMLXXXT,2,0.44
VMLXXLX,2,0.44
VMLXAXX,2,0.44
VMLSXXX,2,0.44
IXXSAXD,2,0.44
XSXXARS,2,0.44
XSXSXRS,2,0.44
XSLXXRS,2,0.44
ISXXXRS,2,0.44
EXXSAXL,2,0.44
ELXXAXL,2,0.44
ELXSXXL,2,0.44
ELXSAXX,2,0.44
XXLSASX,2,0.44
XXXSALL,2,0.44
XXVXAKQ,2,0.44
XXVSXKQ,2,0.44
XXVSAXQ,2,0.44
XTXXAKQ,2,0.44
XTXSXKQ,2,0.44
XTXSAXQ,2,0.44
XTVXXKQ,2,0.44
XTVXAXQ,2,0.44
XTVSXXQ,2,0.44
IXVXXKQ,2,0.44
IXVXAXQ,2,0.44
IXVSXXQ,2,0.44
ITXXXKQ,2,0.44
ITXXAXQ,2,0.44
ITXSXXQ,2,0.44
ITVXXXQ,2,0.44
ITVXXKX,2,0.44
ITVXAXX,2,0.44
ITVSXXX,2,0.44
XTXSAXS,2,0.44
XTIXALX,2,0.44
XTISXLX,2,0.44
XTISAXX,2,0.44
ITXXAXS,2,0.44
ITXSXXS,2,0.44
XTLXALX,2,0.44
XTLSXLX,2,0.44
IXLXALX,2,0.44
IXLSXLX,2,0.44
ITLXXLX,2,0.44
XSIXAXT,2,0.44
XSISXXT,2,0.44
ISIXXXT,2,0.44
ISIXAXX,2,0.44
ISISXXX,2,0.44
XKXXAKN,2,0.44
XKXSXKN,2,0.44
XKXSAXN,2,0.44
XKIXXKN,2,0.44
XKIXAXN,2,0.44
XKISXXN,2,0.44
VRXXAKX,2,0.44
VRXSXKX,2,0.44
VRLXXKX,2,0.44
XEXSAXK,2,0.44
IXXSAXK,2,0.44
IEXXAXK,2,0.44
IEXSXXK,2,0.44
XXLSAXQ,2,0.44
VXXSAXQ,2,0.44
VXLXAXQ,2,0.44
VXLSXXQ,2,0.44
XXLSAVX,2,0.44
AXXSALX,2,0.44
AAXXALX,2,0.44
AAXSXLX,2,0.44
VXCSAXX,2,0.44
VAXXARX,2,0.44
VAXSXRX,2,0.44
XNXSAXT,2,0.44
XNIXAXT,2,0.44
XNISXXT,2,0.44
XNISAXX,2,0.44
IXIXXKT,2,0.44
INXXAXT,2,0.44
INXSXXT,2,0.44
INXSAXX,2,0.44
INIXXXT,2,0.44
INIXAXX,2,0.44
INISXXX,2,0.44
XEXSAKX,2,0.44
XEIXAKX,2,0.44
XEISXKX,2,0.44
IEXXAKX,2,0.44
IEXSXKX,2,0.44
IEIXXKX,2,0.44
XXXSAKM,2,0.44
IXXSAXM,2,0.44
XXXSAKA,2,0.44
XXLXAKA,2,0.44
XXLSXKA,2,0.44
XSXSAXA,2,0.44
XSLXAXA,2,0.44
XSLSXXA,2,0.44
IXXXAKA,2,0.44
IXXSXKA,2,0.44
IXLXXKA,2,0.44
ISXXAXA,2,0.44
ISXSXXA,2,0.44
ISLXXXA,2,0.44
XXIXARE,2,0.44
XXISXRE,2,0.44
XAXXARE,2,0.44
XAXSXRE,2,0.44
LXXSARX,2,0.44
XXKSAXQ,2,0.44
XAKXAXQ,2,0.44
XAKSXXQ,2,0.44
AXKXAXQ,2,0.44
AXKSXXQ,2,0.44
AAKXXXQ,2,0.44
XXLSAXG,2,0.44
XYXSATX,2,0.44
XYLSAXX,2,0.44
IXXSATX,2,0.44
IYXXATX,2,0.44
IYXSXTX,2,0.44
IYLXAXX,2,0.44
IYLSXXX,2,0.44
XYXXAIN,2,0.44
XYXSXIN,2,0.44
XYXSAXN,2,0.44
XYXSAIX,2,0.44
XFXXAKQ,2,0.44
XFXSXKQ,2,0.44
XFXSAXQ,2,0.44
XFIXXKQ,2,0.44
XFIXAXQ,2,0.44
XFISXXQ,2,0.44
IFXXXKQ,2,0.44
IFXXAXQ,2,0.44
IFXSXXQ,2,0.44
IFIXXXQ,2,0.44
XFXSAXE,2,0.44
XFIXAXE,2,0.44
XFISXXE,2,0.44
IXXXAKE,2,0.44
IXXSXKE,2,0.44
IXIXAXE,2,0.44
IXISXXE,2,0.44
IFXXAXE,2,0.44
IFXSXXE,2,0.44
IFIXXXE,2,0.44
XXIXART,2,0.44
XXISXRT,2,0.44
XSXXART,2,0.44
XSXSXRT,2,0.44
IXIXXRT,2,0.44
ISXXXRT,2,0.44
XAXSAMX,2,0.44
AXXSAMX,2,0.44
AAXXAMX,2,0.44
AAXSXMX,2,0.44
IXXXAKN,2,0.44
IXXSXKN,2,0.44
IKIXAXX,2,0.44
IKISXXX,2,0.44
VXVXAKX,2,0.44
VXVSXKX,2,0.44
VLXXAKX,2,0.44
VLXSXKX,2,0.44
XPXSARX,2,0.44
VXFSAXX,2,0.44
IXXSAIX,2,0.44
XXLXALR,2,0.44
XXLSXLR,2,0.44
XGXXALR,2,0.44
XGXSXLR,2,0.44
XGXSAXR,2,0.44
XGLXXLR,2,0.44
XGLXAXR,2,0.44
XGLXALX,2,0.44
XGLSXXR,2,0.44
XGLSXLX,2,0.44
XGLSAXX,2,0.44
XXVSAXE,2,0.44
IXXXAKS,2,0.44
IXXSXKS,2,0.44
VLXXAXT,2,0.44
VLXSXXT,2,0.44
XIXXAKT,2,0.44
XIXSXKT,2,0.44
XIXSAXT,2,0.44
VIXXXKT,2,0.44
VIXXAXT,2,0.44
VIXSXXT,2,0.44
LXLXXKT,2,0.44
FXLSAXX,2,0.44
FRXXXKT,2,0.44
FRXXAXT,2,0.44
FRXXAKX,2,0.44
FRXSXXT,2,0.44
FRXSXKX,2,0.44
FRXSAXX,2,0.44
XWVXAKX,2,0.44
XWVSXKX,2,0.44
XWVSAXX,2,0.44
XXLSAXH,2,0.44
IWXXAKX,2,0.44
IWXSXKX,2,0.44
IWXSAXX,2,0.44
XKXXAKT,2,0.44
XKXSXKT,2,0.44
XKXSAXT,2,0.44
XKIXXKT,2,0.44
XKIXAXT,2,0.44
XKISXXT,2,0.44
XLLXAXT,2,0.44
XLLSXXT,2,0.44
LXLXALX,2,0.44
LXLSXLX,2,0.44
XXLSAXL,2,0.44
XQLSAXX,2,0.44
IXXSAXL,2,0.44
IXLXAXL,2,0.44
IXLSXXL,2,0.44
XRXXARS,2,0.44
XRXSXRS,2,0.44
XRXSAXS,2,0.44
XRLXXRS,2,0.44
XRLXAXS,2,0.44
XRLSXXS,2,0.44
LXXSAXS,2,0.44
LXLXAXS,2,0.44
LXLSXXS,2,0.44
LRXSAXX,2,0.44
LRLXAXX,2,0.44
LRLSXXX,2,0.44
LXIXAXK,2,0.44
LXISXXK,2,0.44
XXVXAKT,2,0.44
XXVSXKT,2,0.44
IXVXXKT,2,0.44
IXVXAXT,2,0.44
IXVSXXT,2,0.44
VSXSAXX,2,0.44
XKXSAXQ,2,0.44
XXLSAXN,2,0.44
IXLXAXN,2,0.44
IXLSXXN,2,0.44
VXXSAEX,2,0.44
XXLSAXE,2,0.44
IXXXARE,2,0.44
IXXSXRE,2,0.44
XSXSAXN,2,0.44
XXLXAKS,2,0.44
XXLSXKS,2,0.44
XSXXAKS,2,0.44
XSXSXKS,2,0.44
XSLXXKS,2,0.44
SXKSAXX,2,0.44
SAKXAXX,2,0.44
SAKSXXX,2,0.44
XXQXAGG,2,0.44
XXQSXGG,2,0.44
XXQSAXG,2,0.44
XXQSAGX,2,0.44
XEQXXGG,2,0.44
XEQXAXG,2,0.44
XEQXAGX,2,0.44
XEQSXXG,2,0.44
XEQSXGX,2,0.44
XEQSAXX,2,0.44
VXQXXGG,2,0.44
VXQXAXG,2,0.44
VXQXAGX,2,0.44
VXQSXXG,2,0.44
VXQSXGX,2,0.44
VXQSAXX,2,0.44
VEQXXXG,2,0.44
VEQXXGX,2,0.44
VEQXAXX,2,0.44
VEQSXXX,2,0.44
FXIXXKT,2,0.44
FXIXAXT,2,0.44
FXIXAKX,2,0.44
FXISXXT,2,0.44
FXISXKX,2,0.44
XXLXALS,2,0.44
XXLSXLS,2,0.44
XLXXALS,2,0.44
XLXSXLS,2,0.44
XLLXXLS,2,0.44
XLLXAXS,2,0.44
XLLXALX,2,0.44
XLLSXXS,2,0.44
XLLSXLX,2,0.44
VXXXALS,2,0.44
VXXSXLS,2,0.44
VXLXXLS,2,0.44
VXLXAXS,2,0.44
VXLSXXS,2,0.44
VLXXXLS,2,0.44
VLXXAXS,2,0.44
VLXXALX,2,0.44
VLXSXXS,2,0.44
VLXSXLX,2,0.44
VLLXXXS,2,0.44
VLLXXLX,2,0.44
XXXSALN,1,0.22
XXIXALN,1,0.22
XXISXLN,1,0.22
XGXXALN,1,0.22
XGXSXLN,1,0.22
XGXSAXN,1,0.22
XGIXXLN,1,0.22
XGIXAXN,1,0.22
XGIXALX,1,0.22
XGISXXN,1,0.22
XGISXLX,1,0.22
IXXXALN,1,0.22
IXXSXLN,1,0.22
IXIXXLN,1,0.22
IGXXXLN,1,0.22
IGXXAXN,1,0.22
IGXXALX,1,0.22
IGXSXXN,1,0.22
IGXSXLX,1,0.22
IGIXXXN,1,0.22
IGIXXLX,1,0.22
XWXXARD,1,0.22
XWXSXRD,1,0.22
XWXSAXD,1,0.22
XWXSARX,1,0.22
XWLXXRD,1,0.22
XWLXAXD,1,0.22
XWLXARX,1,0.22
XWLSXXD,1,0.22
XWLSXRX,1,0.22
VXXXARD,1,0.22
VXXSXRD,1,0.22
VXXSAXD,1,0.22
VXLXXRD,1,0.22
VXLXAXD,1,0.22
VXLSXXD,1,0.22
VWXXXRD,1,0.22
VWXXAXD,1,0.22
VWXXARX,1,0.22
VWXSXXD,1,0.22
VWXSXRX,1,0.22
VWXSAXX,1,0.22
VWLXXXD,1,0.22
VWLXXRX,1,0.22
VWLXAXX,1,0.22
VWLSXXX,1,0.22
XXXSACF,1,0.22
XXPXACF,1,0.22
XXPSXCF,1,0.22
XXPSAXF,1,0.22
XXPSACX,1,0.22
XAXXACF,1,0.22
XAXSXCF,1,0.22
XAXSAXF,1,0.22
XAXSACX,1,0.22
XAPXXCF,1,0.22
XAPXAXF,1,0.22
XAPXACX,1,0.22
XAPSXXF,1,0.22
XAPSXCX,1,0.22
XAPSAXX,1,0.22
GXXXACF,1,0.22
GXXSXCF,1,0.22
GXXSAXF,1,0.22
GXXSACX,1,0.22
GXPXXCF,1,0.22
GXPXAXF,1,0.22
GXPXACX,1,0.22
GXPSXXF,1,0.22
GXPSXCX,1,0.22
GXPSAXX,1,0.22
GAXXXCF,1,0.22
GAXXAXF,1,0.22
GAXXACX,1,0.22
GAXSXXF,1,0.22
GAXSXCX,1,0.22
GAXSAXX,1,0.22
GAPXXXF,1,0.22
GAPXXCX,1,0.22
GAPXAXX,1,0.22
GAPSXXX,1,0.22
XLXXAKE,1,0.22
XLXSXKE,1,0.22
XLXSAXE,1,0.22
XLIXXKE,1,0.22
XLIXAXE,1,0.22
XLISXXE,1,0.22
LXXXAKE,1,0.22
LXXSXKE,1,0.22
LXIXXKE,1,0.22
LLXXXKE,1,0.22
LLXXAXE,1,0.22
LLXSXXE,1,0.22
LLIXXXE,1,0.22
XEXXALS,1,0.22
XEXSXLS,1,0.22
XEXSAXS,1,0.22
XEXSALX,1,0.22
XEIXXLS,1,0.22
XEIXAXS,1,0.22
XEIXALX,1,0.22
XEISXXS,1,0.22
XEISXLX,1,0.22
IEXXXLS,1,0.22
IEXXAXS,1,0.22
IEXXALX,1,0.22
IEXSXXS,1,0.22
IEXSXLX,1,0.22
IEIXXXS,1,0.22
IEIXXLX,1,0.22
XHXXAKT,1,0.22
XHXSXKT,1,0.22
XHLXXKT,1,0.22
IHXXXKT,1,0.22
IHXXAKX,1,0.22
IHXSXKX,1,0.22
IHLXXKX,1,0.22
XXXSAID,1,0.22
XXIXAID,1,0.22
XXISXID,1,0.22
XXISAXD,1,0.22
XXISAIX,1,0.22
XKXXAID,1,0.22
XKXSXID,1,0.22
XKXSAXD,1,0.22
XKXSAIX,1,0.22
XKIXXID,1,0.22
XKIXAXD,1,0.22
XKIXAIX,1,0.22
XKISXXD,1,0.22
XKISXIX,1,0.22
LXXXAID,1,0.22
LXXSXID,1,0.22
LXXSAXD,1,0.22
LXXSAIX,1,0.22
LXIXXID,1,0.22
LXIXAXD,1,0.22
LXIXAIX,1,0.22
LXISXXD,1,0.22
LXISXIX,1,0.22
LKXXXID,1,0.22
LKXXAXD,1,0.22
LKXXAIX,1,0.22
LKXSXXD,1,0.22
LKXSXIX,1,0.22
LKIXXXD,1,0.22
LKIXXIX,1,0.22
XXVXALK,1,0.22
XXVSXLK,1,0.22
XXVSALX,1,0.22
XAXXALK,1,0.22
XAXSXLK,1,0.22
XAXSAXK,1,0.22
XAVXXLK,1,0.22
XAVXAXK,1,0.22
XAVXALX,1,0.22
XAVSXXK,1,0.22
XAVSXLX,1,0.22
VXVXXLK,1,0.22
VXVXAXK,1,0.22
VXVXALX,1,0.22
VXVSXXK,1,0.22
VXVSXLX,1,0.22
VAXXXLK,1,0.22
VAXXAXK,1,0.22
VAXXALX,1,0.22
VAXSXXK,1,0.22
VAXSXLX,1,0.22
VAVXXXK,1,0.22
VAVXXLX,1,0.22
XRXXALK,1,0.22
XRXSXLK,1,0.22
XRXSAXK,1,0.22
XRIXXLK,1,0.22
XRIXAXK,1,0.22
XRIXALX,1,0.22
XRISXXK,1,0.22
XRISXLX,1,0.22
VRXXXLK,1,0.22
VRXXAXK,1,0.22
VRXXALX,1,0.22
VRXSXXK,1,0.22
VRXSXLX,1,0.22
VRIXXXK,1,0.22
VRIXXLX,1,0.22
VRIXAXX,1,0.22
VRISXXX,1,0.22
XXXSALE,1,0.22
XXIXALE,1,0.22
XXISXLE,1,0.22
XWXXALE,1,0.22
XWXSXLE,1,0.22
XWXSAXE,1,0.22
XWXSALX,1,0.22
XWIXXLE,1,0.22
XWIXAXE,1,0.22
XWIXALX,1,0.22
XWISXXE,1,0.22
XWISXLX,1,0.22
XWISAXX,1,0.22
LXXXALE,1,0.22
LXXSXLE,1,0.22
LXIXXLE,1,0.22
LWXXXLE,1,0.22
LWXXAXE,1,0.22
LWXXALX,1,0.22
LWXSXXE,1,0.22
LWXSXLX,1,0.22
LWIXXXE,1,0.22
LWIXXLX,1,0.22
LWIXAXX,1,0.22
LWISXXX,1,0.22
XXXSAVS,1,0.22
XXSXAVS,1,0.22
XXSSXVS,1,0.22
XXSSAXS,1,0.22
XXSSAVX,1,0.22
XKXXAVS,1,0.22
XKXSXVS,1,0.22
XKXSAXS,1,0.22
XKXSAVX,1,0.22
XKSXXVS,1,0.22
XKSXAXS,1,0.22
XKSXAVX,1,0.22
XKSSXXS,1,0.22
XKSSXVX,1,0.22
XKSSAXX,1,0.22
IXXXAVS,1,0.22
IXXSXVS,1,0.22
IXXSAVX,1,0.22
IXSXXVS,1,0.22
IXSXAXS,1,0.22
IXSXAVX,1,0.22
IXSSXXS,1,0.22
IXSSXVX,1,0.22
IXSSAXX,1,0.22
IKXXXVS,1,0.22
IKXXAXS,1,0.22
IKXXAVX,1,0.22
IKXSXXS,1,0.22
IKXSXVX,1,0.22
IKSXXXS,1,0.22
IKSXXVX,1,0.22
IKSXAXX,1,0.22
IKSSXXX,1,0.22
XIXXAKN,1,0.22
XIXSXKN,1,0.22
XIXSAXN,1,0.22
XIIXXKN,1,0.22
XIIXAXN,1,0.22
XIISXXN,1,0.22
VXXXAKN,1,0.22
VXXSXKN,1,0.22
VXIXXKN,1,0.22
VXIXAXN,1,0.22
VXISXXN,1,0.22
VIXXXKN,1,0.22
VIXXAXN,1,0.22
VIXSXXN,1,0.22
VIIXXXN,1,0.22
LXIXXKT,1,0.22
LXIXAXT,1,0.22
LXISXXT,1,0.22
LLIXXXT,1,0.22
XRXXARD,1,0.22
XRXSXRD,1,0.22
XRXSAXD,1,0.22
XRLXXRD,1,0.22
XRLXAXD,1,0.22
XRLSXXD,1,0.22
IXXXARD,1,0.22
IXXSXRD,1,0.22
IXLXXRD,1,0.22
IXLXAXD,1,0.22
IXLSXXD,1,0.22
IRXXXRD,1,0.22
IRXXAXD,1,0.22
IRXSXXD,1,0.22
IRLXXXD,1,0.22
XXXSAIL,1,0.22
XXRXAIL,1,0.22
XXRSXIL,1,0.22
XXRSAXL,1,0.22
XXRSAIX,1,0.22
XLXXAIL,1,0.22
XLXSXIL,1,0.22
XLXSAIX,1,0.22
XLRXXIL,1,0.22
XLRXAXL,1,0.22
XLRXAIX,1,0.22
XLRSXXL,1,0.22
XLRSXIX,1,0.22
XLRSAXX,1,0.22
EXXXAIL,1,0.22
EXXSXIL,1,0.22
EXXSAIX,1,0.22
EXRXXIL,1,0.22
EXRXAXL,1,0.22
EXRXAIX,1,0.22
EXRSXXL,1,0.22
EXRSXIX,1,0.22
EXRSAXX,1,0.22
ELXXXIL,1,0.22
ELXXAIX,1,0.22
ELXSXIX,1,0.22
ELRXXXL,1,0.22
ELRXXIX,1,0.22
ELRXAXX,1,0.22
ELRSXXX,1,0.22
XXIXALR,1,0.22
XXISXLR,1,0.22
XXISAXR,1,0.22
XAXXALR,1,0.22
XAXSXLR,1,0.22
XAIXXLR,1,0.22
XAIXAXR,1,0.22
XAIXALX,1,0.22
XAISXXR,1,0.22
XAISXLX,1,0.22
MXXXALR,1,0.22
MXXSXLR,1,0.22
MXXSAXR,1,0.22
MXXSALX,1,0.22
MXIXXLR,1,0.22
MXIXAXR,1,0.22
MXIXALX,1,0.22
MXISXXR,1,0.22
MXISXLX,1,0.22
MXISAXX,1,0.22
MAXXXLR,1,0.22
MAXXAXR,1,0.22
MAXXALX,1,0.22
MAXSXXR,1,0.22
MAXSXLX,1,0.22
MAXSAXX,1,0.22
MAIXXXR,1,0.22
MAIXXLX,1,0.22
MAIXAXX,1,0.22
MAISXXX,1,0.22
XXXSAST,1,0.22
XXLXAST,1,0.22
XXLSXST,1,0.22
XRXXAST,1,0.22
XRXSXST,1,0.22
XRXSASX,1,0.22
XRLXXST,1,0.22
XRLXASX,1,0.22
XRLSXSX,1,0.22
IXXXAST,1,0.22
IXXSXST,1,0.22
IXXSASX,1,0.22
IXLXXST,1,0.22
IXLXASX,1,0.22
IXLSXSX,1,0.22
IRXXXST,1,0.22
IRXXASX,1,0.22
IRXSXSX,1,0.22
IRLXXSX,1,0.22
XXSXALL,1,0.22
XXSSXLL,1,0.22
XXSSAXL,1,0.22
XXSSALX,1,0.22
XLXXALL,1,0.22
XLXSXLL,1,0.22
XLSXXLL,1,0.22
XLSXAXL,1,0.22
XLSXALX,1,0.22
XLSSXXL,1,0.22
XLSSXLX,1,0.22
XLSSAXX,1,0.22
EXXXALL,1,0.22
EXXSXLL,1,0.22
EXXSALX,1,0.22
EXSXXLL,1,0.22
EXSXAXL,1,0.22
EXSXALX,1,0.22
EXSSXXL,1,0.22
EXSSXLX,1,0.22
EXSSAXX,1,0.22
ELXXXLL,1,0.22
ELXXALX,1,0.22
ELXSXLX,1,0.22
ELSXXXL,1,0.22
ELSXXLX,1,0.22
ELSXAXX,1,0.22
ELSSXXX,1,0.22
XTXXALS,1,0.22
XTXSXLS,1,0.22
XTIXXLS,1,0.22
XTIXAXS,1,0.22
XTISXXS,1,0.22
ITXXXLS,1,0.22
ITIXXXS,1,0.22
ITIXXLX,1,0.22
ITIXAXX,1,0.22
ITISXXX,1,0.22
XXXSALF,1,0.22
XXLXALF,1,0.22
XXLSXLF,1,0.22
XXLSAXF,1,0.22
XTXXALF,1,0.22
XTXSXLF,1,0.22
XTXSAXF,1,0.22
XTLXXLF,1,0.22
XTLXAXF,1,0.22
XTLSXXF,1,0.22
IXXXALF,1,0.22
IXXSXLF,1,0.22
IXXSAXF,1,0.22
IXLXXLF,1,0.22
IXLXAXF,1,0.22
IXLSXXF,1,0.22
ITXXXLF,1,0.22
ITXXAXF,1,0.22
ITXSXXF,1,0.22
ITLXXXF,1,0.22
XLXXALK,1,0.22
XLXSXLK,1,0.22
XLXSAXK,1,0.22
XLIXXLK,1,0.22
XLIXAXK,1,0.22
XLIXALX,1,0.22
XLISXXK,1,0.22
XLISXLX,1,0.22
KXXXALK,1,0.22
KXXSXLK,1,0.22
KXXSAXK,1,0.22
KXXSALX,1,0.22
KXIXXLK,1,0.22
KXIXAXK,1,0.22
KXIXALX,1,0.22
KXISXXK,1,0.22
KXISXLX,1,0.22
KXISAXX,1,0.22
KLXXXLK,1,0.22
KLXXAXK,1,0.22
KLXXALX,1,0.22
KLXSXXK,1,0.22
KLXSXLX,1,0.22
KLXSAXX,1,0.22
KLIXXXK,1,0.22
KLIXXLX,1,0.22
KLIXAXX,1,0.22
KLISXXX,1,0.22
XXIXALT,1,0.22
XXISXLT,1,0.22
XSXXALT,1,0.22
XSXSXLT,1,0.22
XSXSALX,1,0.22
XSIXXLT,1,0.22
XSIXALX,1,0.22
XSISXLX,1,0.22
IXXXALT,1,0.22
IXXSXLT,1,0.22
IXIXXLT,1,0.22
ISXXXLT,1,0.22
ISXXALX,1,0.22
ISXSXLX,1,0.22
ISIXXLX,1,0.22
XXXSAFS,1,0.22
XXDXAFS,1,0.22
XXDSXFS,1,0.22
XXDSAXS,1,0.22
XXDSAFX,1,0.22
XLXXAFS,1,0.22
XLXSXFS,1,0.22
XLXSAFX,1,0.22
XLDXXFS,1,0.22
XLDXAXS,1,0.22
XLDXAFX,1,0.22
XLDSXXS,1,0.22
XLDSXFX,1,0.22
XLDSAXX,1,0.22
SXXXAFS,1,0.22
SXXSXFS,1,0.22
SXXSAXS,1,0.22
SXXSAFX,1,0.22
SXDXXFS,1,0.22
SXDXAXS,1,0.22
SXDXAFX,1,0.22
SXDSXXS,1,0.22
SXDSXFX,1,0.22
SXDSAXX,1,0.22
SLXXXFS,1,0.22
SLXXAXS,1,0.22
SLXXAFX,1,0.22
SLXSXXS,1,0.22
SLXSXFX,1,0.22
SLXSAXX,1,0.22
SLDXXXS,1,0.22
SLDXXFX,1,0.22
SLDXAXX,1,0.22
SLDSXXX,1,0.22
LXXXAKN,1,0.22
LXXSXKN,1,0.22
LXXSAXN,1,0.22
LXIXXKN,1,0.22
LXIXAXN,1,0.22
LXISXXN,1,0.22
LKXXXKN,1,0.22
LKXXAXN,1,0.22
LKXXAKX,1,0.22
LKXSXXN,1,0.22
LKXSXKX,1,0.22
LKIXXXN,1,0.22
LKIXXKX,1,0.22
XXXSARQ,1,0.22
XXIXARQ,1,0.22
XXISXRQ,1,0.22
XGXXARQ,1,0.22
XGXSXRQ,1,0.22
XGXSAXQ,1,0.22
XGXSARX,1,0.22
XGIXXRQ,1,0.22
XGIXAXQ,1,0.22
XGIXARX,1,0.22
XGISXXQ,1,0.22
XGISXRX,1,0.22
IXXXARQ,1,0.22
IXXSXRQ,1,0.22
IXIXXRQ,1,0.22
IGXXXRQ,1,0.22
IGXXAXQ,1,0.22
IGXXARX,1,0.22
IGXSXXQ,1,0.22
IGXSXRX,1,0.22
IGIXXXQ,1,0.22
IGIXXRX,1,0.22
VRXXXKT,1,0.22
XYXXAKQ,1,0.22
XYXSXKQ,1,0.22
XYXSAXQ,1,0.22
XYXSAKX,1,0.22
XYIXXKQ,1,0.22
XYIXAXQ,1,0.22
XYIXAKX,1,0.22
XYISXXQ,1,0.22
XYISXKX,1,0.22
XYISAXX,1,0.22
IYXXXKQ,1,0.22
IYXXAXQ,1,0.22
IYXXAKX,1,0.22
IYXSXXQ,1,0.22
IYXSXKX,1,0.22
IYIXXXQ,1,0.22
IYIXXKX,1,0.22
IYIXAXX,1,0.22
IYISXXX,1,0.22
XXXSAQK,1,0.22
XXIXAQK,1,0.22
XXISXQK,1,0.22
XXISAQX,1,0.22
XEXXAQK,1,0.22
XEXSXQK,1,0.22
XEXSAQX,1,0.22
XEIXXQK,1,0.22
XEIXAXK,1,0.22
XEIXAQX,1,0.22
XEISXXK,1,0.22
XEISXQX,1,0.22
IXXXAQK,1,0.22
IXXSXQK,1,0.22
IXIXXQK,1,0.22
IXIXAXK,1,0.22
IXIXAQX,1,0.22
IXISXXK,1,0.22
IXISXQX,1,0.22
IEXXXQK,1,0.22
IEXXAQX,1,0.22
IEXSXQX,1,0.22
IEIXXXK,1,0.22
IEIXXQX,1,0.22
XXLXAKQ,1,0.22
XXLSXKQ,1,0.22
XRXXAKQ,1,0.22
XRXSXKQ,1,0.22
XRXSAXQ,1,0.22
XRLXXKQ,1,0.22
XRLXAXQ,1,0.22
XRLSXXQ,1,0.22
VXXXAKQ,1,0.22
VXXSXKQ,1,0.22
VXLXXKQ,1,0.22
VRXXXKQ,1,0.22
VRXXAXQ,1,0.22
VRXSXXQ,1,0.22
VRLXXXQ,1,0.22
XXXSAVT,1,0.22
XXLXAVT,1,0.22
XXLSXVT,1,0.22
XRXXAVT,1,0.22
XRXSXVT,1,0.22
XRXSAVX,1,0.22
XRLXXVT,1,0.22
XRLXAVX,1,0.22
XRLSXVX,1,0.22
VXXXAVT,1,0.22
VXXSXVT,1,0.22
VXXSAVX,1,0.22
VXLXXVT,1,0.22
VXLXAVX,1,0.22
VXLSXVX,1,0.22
VRXXXVT,1,0.22
VRXXAVX,1,0.22
VRXSXVX,1,0.22
VRLXXVX,1,0.22
XXXSALI,1,0.22
XXKXALI,1,0.22
XXKSXLI,1,0.22
XXKSAXI,1,0.22
XXKSALX,1,0.22
XAXXALI,1,0.22
XAXSXLI,1,0.22
XAXSAXI,1,0.22
XAKXXLI,1,0.22
XAKXAXI,1,0.22
XAKXALX,1,0.22
XAKSXXI,1,0.22
XAKSXLX,1,0.22
AXXXALI,1,0.22
AXXSXLI,1,0.22
AXXSAXI,1,0.22
AXKXXLI,1,0.22
AXKXAXI,1,0.22
AXKXALX,1,0.22
AXKSXXI,1,0.22
AXKSXLX,1,0.22
AAXXXLI,1,0.22
AAXXAXI,1,0.22
AAXSXXI,1,0.22
AAKXXXI,1,0.22
AAKXXLX,1,0.22
XXXSAYT,1,0.22
XXLXAYT,1,0.22
XXLSXYT,1,0.22
XXLSAYX,1,0.22
XSXXAYT,1,0.22
XSXSXYT,1,0.22
XSXSAYX,1,0.22
XSLXXYT,1,0.22
XSLXAYX,1,0.22
XSLSXYX,1,0.22
IXXXAYT,1,0.22
IXXSXYT,1,0.22
IXXSAYX,1,0.22
IXLXXYT,1,0.22
IXLXAYX,1,0.22
IXLSXYX,1,0.22
ISXXXYT,1,0.22
ISXXAYX,1,0.22
ISXSXYX,1,0.22
ISLXXYX,1,0.22
XXXSARY,1,0.22
XXCXARY,1,0.22
XXCSXRY,1,0.22
XXCSAXY,1,0.22
XXCSARX,1,0.22
XAXXARY,1,0.22
XAXSXRY,1,0.22
XAXSAXY,1,0.22
XACXXRY,1,0.22
XACXAXY,1,0.22
XACXARX,1,0.22
XACSXXY,1,0.22
XACSXRX,1,0.22
XACSAXX,1,0.22
VXXXARY,1,0.22
VXXSXRY,1,0.22
VXXSAXY,1,0.22
VXCXXRY,1,0.22
VXCXAXY,1,0.22
VXCXARX,1,0.22
VXCSXXY,1,0.22
VXCSXRX,1,0.22
VAXXXRY,1,0.22
VAXXAXY,1,0.22
VAXSXXY,1,0.22
VACXXXY,1,0.22
VACXXRX,1,0.22
VACXAXX,1,0.22
VACSXXX,1,0.22
XNXXAKT,1,0.22
XNXSXKT,1,0.22
XNXSAKX,1,0.22
XNIXXKT,1,0.22
XNIXAKX,1,0.22
XNISXKX,1,0.22
INXXXKT,1,0.22
INXXAKX,1,0.22
INXSXKX,1,0.22
INIXXKX,1,0.22
XEXXAKT,1,0.22
XEXSXKT,1,0.22
XEXSAXT,1,0.22
XEIXXKT,1,0.22
XEIXAXT,1,0.22
XEISXXT,1,0.22
IEXXXKT,1,0.22
IEXXAXT,1,0.22
IEXSXXT,1,0.22
IEIXXXT,1,0.22
XXIXAKM,1,0.22
XXISXKM,1,0.22
XXISAXM,1,0.22
XEXXAKM,1,0.22
XEXSXKM,1,0.22
XEXSAXM,1,0.22
XEIXXKM,1,0.22
XEIXAXM,1,0.22
XEISXXM,1,0.22
IXXXAKM,1,0.22
IXXSXKM,1,0.22
IXIXXKM,1,0.22
IXIXAXM,1,0.22
IXISXXM,1,0.22
IEXXXKM,1,0.22
IEXXAXM,1,0.22
IEXSXXM,1,0.22
IEIXXXM,1,0.22
XXXSALH,1,0.22
XXRXALH,1,0.22
XXRSXLH,1,0.22
XXRSAXH,1,0.22
XXRSALX,1,0.22
XAXXALH,1,0.22
XAXSXLH,1,0.22
XAXSAXH,1,0.22
XARXXLH,1,0.22
XARXAXH,1,0.22
XARXALX,1,0.22
XARSXXH,1,0.22
XARSXLX,1,0.22
AXXXALH,1,0.22
AXXSXLH,1,0.22
AXXSAXH,1,0.22
AXRXXLH,1,0.22
AXRXAXH,1,0.22
AXRXALX,1,0.22
AXRSXXH,1,0.22
AXRSXLX,1,0.22
AAXXXLH,1,0.22
AAXXAXH,1,0.22
AAXSXXH,1,0.22
AARXXXH,1,0.22
AARXXLX,1,0.22
XSXXAKA,1,0.22
XSXSXKA,1,0.22
XSLXXKA,1,0.22
ISXXXKA,1,0.22
XAIXXRE,1,0.22
XAIXAXE,1,0.22
XAIXARX,1,0.22
XAISXXE,1,0.22
XAISXRX,1,0.22
LXXXARE,1,0.22
LXXSXRE,1,0.22
LXIXXRE,1,0.22
LXIXARX,1,0.22
LXISXRX,1,0.22
LAXXXRE,1,0.22
LAXXAXE,1,0.22
LAXXARX,1,0.22
LAXSXXE,1,0.22
LAXSXRX,1,0.22
LAXSAXX,1,0.22
LAIXXXE,1,0.22
LAIXXRX,1,0.22
LAIXAXX,1,0.22
LAISXXX,1,0.22
XXXSAHT,1,0.22
XXVXAHT,1,0.22
XXVSXHT,1,0.22
XXVSAHX,1,0.22
XRXXAHT,1,0.22
XRXSXHT,1,0.22
XRXSAHX,1,0.22
XRVXXHT,1,0.22
XRVXAXT,1,0.22
XRVXAHX,1,0.22
XRVSXXT,1,0.22
XRVSXHX,1,0.22
XRVSAXX,1,0.22
AXXXAHT,1,0.22
AXXSXHT,1,0.22
AXXSAXT,1,0.22
AXXSAHX,1,0.22
AXVXXHT,1,0.22
AXVXAXT,1,0.22
AXVXAHX,1,0.22
AXVSXXT,1,0.22
AXVSXHX,1,0.22
AXVSAXX,1,0.22
ARXXXHT,1,0.22
ARXXAXT,1,0.22
ARXXAHX,1,0.22
ARXSXXT,1,0.22
ARXSXHX,1,0.22
ARXSAXX,1,0.22
ARVXXXT,1,0.22
ARVXXHX,1,0.22
ARVXAXX,1,0.22
ARVSXXX,1,0.22
XXXSATQ,1,0.22
XXKXATQ,1,0.22
XXKSXTQ,1,0.22
XXKSATX,1,0.22
XAXXATQ,1,0.22
XAXSXTQ,1,0.22
XAXSATX,1,0.22
XAKXXTQ,1,0.22
XAKXATX,1,0.22
XAKSXTX,1,0.22
AXXXATQ,1,0.22
AXXSXTQ,1,0.22
AXXSATX,1,0.22
AXKXXTQ,1,0.22
AXKXATX,1,0.22
AXKSXTX,1,0.22
AAXXXTQ,1,0.22
AAXXATX,1,0.22
AAXSXTX,1,0.22
AAKXXTX,1,0.22
XXXSATG,1,0.22
XXLXATG,1,0.22
XXLSXTG,1,0.22
XXLSATX,1,0.22
XYXXATG,1,0.22
XYXSXTG,1,0.22
XYXSAXG,1,0.22
XYLXXTG,1,0.22
XYLXAXG,1,0.22
XYLXATX,1,0.22
XYLSXXG,1,0.22
XYLSXTX,1,0.22
IXXXATG,1,0.22
IXXSXTG,1,0.22
IXXSAXG,1,0.22
IXLXXTG,1,0.22
IXLXAXG,1,0.22
IXLXATX,1,0.22
IXLSXXG,1,0.22
IXLSXTX,1,0.22
IYXXXTG,1,0.22
IYXXAXG,1,0.22
IYXSXXG,1,0.22
IYLXXXG,1,0.22
IYLXXTX,1,0.22
XXXSARG,1,0.22
XXLXARG,1,0.22
XXLSXRG,1,0.22
XRXXARG,1,0.22
XRXSXRG,1,0.22
XRXSAXG,1,0.22
XRLXXRG,1,0.22
XRLXAXG,1,0.22
XRLSXXG,1,0.22
VXXXARG,1,0.22
VXXSXRG,1,0.22
VXLXXRG,1,0.22
VXLXAXG,1,0.22
VXLSXXG,1,0.22
VRXXXRG,1,0.22
VRXXAXG,1,0.22
VRXSXXG,1,0.22
VRLXXXG,1,0.22
XYTXXIN,1,0.22
XYTXAXN,1,0.22
XYTXAIX,1,0.22
XYTSXXN,1,0.22
XYTSXIX,1,0.22
XYTSAXX,1,0.22
VYXXXIN,1,0.22
VYXXAXN,1,0.22
VYXXAIX,1,0.22
VYXSXXN,1,0.22
VYXSXIX,1,0.22
VYXSAXX,1,0.22
VYTXXXN,1,0.22
VYTXXIX,1,0.22
VYTXAXX,1,0.22
VYTSXXX,1,0.22
XHXXART,1,0.22
XHXSXRT,1,0.22
XHXSARX,1,0.22
XHLXXRT,1,0.22
XHLXARX,1,0.22
XHLSXRX,1,0.22
IHXXXRT,1,0.22
IHXXARX,1,0.22
IHXSXRX,1,0.22
IHLXXRX,1,0.22
XFXXAKE,1,0.22
XFXSXKE,1,0.22
XFIXXKE,1,0.22
IXIXXKE,1,0.22
IFXXXKE,1,0.22
XSIXXRT,1,0.22
XSIXARX,1,0.22
XSISXRX,1,0.22
ISIXXRX,1,0.22
XXXSAMQ,1,0.22
XXRXAMQ,1,0.22
XXRSXMQ,1,0.22
XXRSAXQ,1,0.22
XXRSAMX,1,0.22
XAXXAMQ,1,0.22
XAXSXMQ,1,0.22
XARXXMQ,1,0.22
XARXAXQ,1,0.22
XARXAMX,1,0.22
XARSXXQ,1,0.22
XARSXMX,1,0.22
AXXXAMQ,1,0.22
AXXSXMQ,1,0.22
AXRXXMQ,1,0.22
AXRXAXQ,1,0.22
AXRXAMX,1,0.22
AXRSXXQ,1,0.22
AXRSXMX,1,0.22
AAXXXMQ,1,0.22
AARXXXQ,1,0.22
AARXXMX,1,0.22
XNXXART,1,0.22
XNXSXRT,1,0.22
XNXSARX,1,0.22
XNIXXRT,1,0.22
XNIXARX,1,0.22
XNISXRX,1,0.22
INXXXRT,1,0.22
INXXARX,1,0.22
INXSXRX,1,0.22
INIXXRX,1,0.22
IXIXXKN,1,0.22
IKXXXKN,1,0.22
IKXXAXN,1,0.22
IKXXAKX,1,0.22
IKXSXXN,1,0.22
IKXSXKX,1,0.22
IKIXXXN,1,0.22
IKIXXKX,1,0.22
XXXSAKL,1,0.22
XXVXAKL,1,0.22
XXVSXKL,1,0.22
XXVSAXL,1,0.22
XLXXAKL,1,0.22
XLXSXKL,1,0.22
XLVXXKL,1,0.22
XLVXAXL,1,0.22
XLVXAKX,1,0.22
XLVSXXL,1,0.22
XLVSXKX,1,0.22
XLVSAXX,1,0.22
VXXXAKL,1,0.22
VXXSXKL,1,0.22
VXXSAXL,1,0.22
VXVXXKL,1,0.22
VXVXAXL,1,0.22
VXVSXXL,1,0.22
VLXXXKL,1,0.22
VLXXAXL,1,0.22
VLXSXXL,1,0.22
VLVXXXL,1,0.22
VLVXXKX,1,0.22
VLVXAXX,1,0.22
VLVSXXX,1,0.22
XXXSARN,1,0.22
XXFXARN,1,0.22
XXFSXRN,1,0.22
XXFSAXN,1,0.22
XXFSARX,1,0.22
XPXXARN,1,0.22
XPXSXRN,1,0.22
XPXSAXN,1,0.22
XPFXXRN,1,0.22
XPFXAXN,1,0.22
XPFXARX,1,0.22
XPFSXXN,1,0.22
XPFSXRX,1,0.22
XPFSAXX,1,0.22
VXXXARN,1,0.22
VXXSXRN,1,0.22
VXFXXRN,1,0.22
VXFXAXN,1,0.22
VXFXARX,1,0.22
VXFSXXN,1,0.22
VXFSXRX,1,0.22
VPXXXRN,1,0.22
VPXXAXN,1,0.22
VPXXARX,1,0.22
VPXSXXN,1,0.22
VPXSXRX,1,0.22
VPXSAXX,1,0.22
VPFXXXN,1,0.22
VPFXXRX,1,0.22
VPFXAXX,1,0.22
VPFSXXX,1,0.22
XXXSAIK,1,0.22
XXVXAIK,1,0.22
XXVSXIK,1,0.22
XXVSAIX,1,0.22
XEXXAIK,1,0.22
XEXSXIK,1,0.22
XEXSAIX,1,0.22
XEVXXIK,1,0.22
XEVXAXK,1,0.22
XEVXAIX,1,0.22
XEVSXXK,1,0.22
XEVSXIX,1,0.22
XEVSAXX,1,0.22
IXXXAIK,1,0.22
IXXSXIK,1,0.22
IXVXXIK,1,0.22
IXVXAXK,1,0.22
IXVXAIX,1,0.22
IXVSXXK,1,0.22
IXVSXIX,1,0.22
IEXXXIK,1,0.22
IEXXAIX,1,0.22
IEXSXIX,1,0.22
IEVXXXK,1,0.22
IEVXXIX,1,0.22
IEVXAXX,1,0.22
IEVSXXX,1,0.22
QXXXALR,1,0.22
QXXSXLR,1,0.22
QXXSAXR,1,0.22
QXXSALX,1,0.22
QXLXXLR,1,0.22
QXLXAXR,1,0.22
QXLXALX,1,0.22
QXLSXXR,1,0.22
QXLSXLX,1,0.22
QXLSAXX,1,0.22
QGXXXLR,1,0.22
QGXXAXR,1,0.22
QGXXALX,1,0.22
QGXSXXR,1,0.22
QGXSXLX,1,0.22
QGXSAXX,1,0.22
QGLXXXR,1,0.22
QGLXXLX,1,0.22
QGLXAXX,1,0.22
QGLSXXX,1,0.22
XXVXARE,1,0.22
XXVSXRE,1,0.22
XXVSARX,1,0.22
XAVXXRE,1,0.22
XAVXAXE,1,0.22
XAVXARX,1,0.22
XAVSXXE,1,0.22
XAVSXRX,1,0.22
VXXXARE,1,0.22
VXXSXRE,1,0.22
VXXSAXE,1,0.22
VXVXXRE,1,0.22
VXVXAXE,1,0.22
VXVXARX,1,0.22
VXVSXXE,1,0.22
VXVSXRX,1,0.22
VAXXXRE,1,0.22
VAXXAXE,1,0.22
VAXSXXE,1,0.22
VAVXXXE,1,0.22
VAVXXRX,1,0.22
XXXSASK,1,0.22
XXGXASK,1,0.22
XXGSXSK,1,0.22
XXGSAXK,1,0.22
XXGSASX,1,0.22
XKXXASK,1,0.22
XKXSXSK,1,0.22
XKXSASX,1,0.22
XKGXXSK,1,0.22
XKGXAXK,1,0.22
XKGXASX,1,0.22
XKGSXXK,1,0.22
XKGSXSX,1,0.22
XKGSAXX,1,0.22
LXXXASK,1,0.22
LXXSXSK,1,0.22
LXXSASX,1,0.22
LXGXXSK,1,0.22
LXGXAXK,1,0.22
LXGXASX,1,0.22
LXGSXXK,1,0.22
LXGSXSX,1,0.22
LXGSAXX,1,0.22
LKXXXSK,1,0.22
LKXXAXK,1,0.22
LKXXASX,1,0.22
LKXSXXK,1,0.22
LKXSXSX,1,0.22
LKGXXXK,1,0.22
LKGXXSX,1,0.22
LKGXAXX,1,0.22
LKGSXXX,1,0.22
XXIXAKS,1,0.22
XXISXKS,1,0.22
XAXXAKS,1,0.22
XAXSXKS,1,0.22
XAXSAXS,1,0.22
XAIXXKS,1,0.22
XAIXAXS,1,0.22
XAIXAKX,1,0.22
XAISXXS,1,0.22
XAISXKX,1,0.22
IXIXXKS,1,0.22
IAXXXKS,1,0.22
IAXXAXS,1,0.22
IAXSXXS,1,0.22
IAIXXXS,1,0.22
IAIXXKX,1,0.22
IAIXAXX,1,0.22
IAISXXX,1,0.22
VLXXXKT,1,0.22
VLIXXXT,1,0.22
VLIXXKX,1,0.22
VLIXAXX,1,0.22
VLISXXX,1,0.22
XILXXKT,1,0.22
XILXAXT,1,0.22
XILXAKX,1,0.22
XILSXXT,1,0.22
XILSXKX,1,0.22
XILSAXX,1,0.22
VILXXXT,1,0.22
VILXXKX,1,0.22
VILXAXX,1,0.22
VILSXXX,1,0.22
XPXXAKT,1,0.22
XPXSXKT,1,0.22
XPXSAXT,1,0.22
XPXSAKX,1,0.22
XPLXXKT,1,0.22
XPLXAXT,1,0.22
XPLXAKX,1,0.22
XPLSXXT,1,0.22
XPLSXKX,1,0.22
XPLSAXX,1,0.22
LPXXXKT,1,0.22
LPXXAXT,1,0.22
LPXXAKX,1,0.22
LPXSXXT,1,0.22
LPXSXKX,1,0.22
LPXSAXX,1,0.22
LPLXXXT,1,0.22
LPLXXKX,1,0.22
LPLXAXX,1,0.22
LPLSXXX,1,0.22
FXLXXKT,1,0.22
FXLXAXT,1,0.22
FXLXAKX,1,0.22
FXLSXXT,1,0.22
FXLSXKX,1,0.22
FRLXXXT,1,0.22
FRLXXKX,1,0.22
FRLXAXX,1,0.22
FRLSXXX,1,0.22
XXXSAKF,1,0.22
XXVXAKF,1,0.22
XXVSXKF,1,0.22
XXVSAXF,1,0.22
XWXXAKF,1,0.22
XWXSXKF,1,0.22
XWXSAXF,1,0.22
XWVXXKF,1,0.22
XWVXAXF,1,0.22
XWVSXXF,1,0.22
LXXXAKF,1,0.22
LXXSXKF,1,0.22
LXXSAXF,1,0.22
LXVXXKF,1,0.22
LXVXAXF,1,0.22
LXVXAKX,1,0.22
LXVSXXF,1,0.22
LXVSXKX,1,0.22
LXVSAXX,1,0.22
LWXXXKF,1,0.22
LWXXAXF,1,0.22
LWXXAKX,1,0.22
LWXSXXF,1,0.22
LWXSXKX,1,0.22
LWVXXXF,1,0.22
LWVXXKX,1,0.22
LWVXAXX,1,0.22
LWVSXXX,1,0.22
XXXSAKH,1,0.22
XXLXAKH,1,0.22
XXLSXKH,1,0.22
XWXXAKH,1,0.22
XWXSXKH,1,0.22
XWXSAXH,1,0.22
XWLXXKH,1,0.22
XWLXAXH,1,0.22
XWLXAKX,1,0.22
XWLSXXH,1,0.22
XWLSXKX,1,0.22
IXXXAKH,1,0.22
IXXSXKH,1,0.22
IXXSAXH,1,0.22
IXLXXKH,1,0.22
IXLXAXH,1,0.22
IXLSXXH,1,0.22
IWXXXKH,1,0.22
IWXXAXH,1,0.22
IWXSXXH,1,0.22
IWLXXXH,1,0.22
IWLXXKX,1,0.22
IWLXAXX,1,0.22
IWLSXXX,1,0.22
VKXXXKT,1,0.22
VKXXAXT,1,0.22
VKXXAKX,1,0.22
VKXSXXT,1,0.22
VKXSXKX,1,0.22
VKIXXXT,1,0.22
VKIXXKX,1,0.22
XLXXART,1,0.22
XLXSXRT,1,0.22
XLXSARX,1,0.22
XLLXXRT,1,0.22
XLLXARX,1,0.22
XLLSXRX,1,0.22
VLXXXRT,1,0.22
VLXXARX,1,0.22
VLXSXRX,1,0.22
VLLXXXT,1,0.22
VLLXXRX,1,0.22
LXXXALR,1,0.22
LXXSXLR,1,0.22
LXXSAXR,1,0.22
LXLXXLR,1,0.22
LXLXAXR,1,0.22
LXLSXXR,1,0.22
LGXXXLR,1,0.22
LGXXAXR,1,0.22
LGXXALX,1,0.22
LGXSXXR,1,0.22
LGXSXLX,1,0.22
LGXSAXX,1,0.22
LGLXXXR,1,0.22
LGLXXLX,1,0.22
LGLXAXX,1,0.22
LGLSXXX,1,0.22
XXXSAQL,1,0.22
XXLXAQL,1,0.22
XXLSXQL,1,0.22
XQXXAQL,1,0.22
XQXSXQL,1,0.22
XQXSAXL,1,0.22
XQXSAQX,1,0.22
XQLXXQL,1,0.22
XQLXAXL,1,0.22
XQLXAQX,1,0.22
XQLSXXL,1,0.22
XQLSXQX,1,0.22
IXXXAQL,1,0.22
IXXSXQL,1,0.22
IXLXXQL,1,0.22
IQXXXQL,1,0.22
IQXXAXL,1,0.22
IQXXAQX,1,0.22
IQXSXXL,1,0.22
IQXSXQX,1,0.22
IQXSAXX,1,0.22
IQLXXXL,1,0.22
IQLXXQX,1,0.22
IQLXAXX,1,0.22
IQLSXXX,1,0.22
LXXXARS,1,0.22
LXXSXRS,1,0.22
LXLXXRS,1,0.22
LXLXARX,1,0.22
LXLSXRX,1,0.22
LRXXXRS,1,0.22
LRXXAXS,1,0.22
LRXXARX,1,0.22
LRXSXXS,1,0.22
LRXSXRX,1,0.22
LRLXXXS,1,0.22
LRLXXRX,1,0.22
XXXSAKK,1,0.22
XXIXAKK,1,0.22
XXISXKK,1,0.22
XFXXAKK,1,0.22
XFXSXKK,1,0.22
XFXSAXK,1,0.22
XFIXXKK,1,0.22
XFIXAXK,1,0.22
XFISXXK,1,0.22
LXXXAKK,1,0.22
LXXSXKK,1,0.22
LXIXXKK,1,0.22
LFXXXKK,1,0.22
LFXXAXK,1,0.22
LFXXAKX,1,0.22
LFXSXXK,1,0.22
LFXSXKX,1,0.22
LFXSAXX,1,0.22
LFIXXXK,1,0.22
LFIXXKX,1,0.22
LFIXAXX,1,0.22
LFISXXX,1,0.22
XXLXALL,1,0.22
XXLSXLL,1,0.22
XTXXALL,1,0.22
XTXSXLL,1,0.22
XTXSAXL,1,0.22
XTLXXLL,1,0.22
XTLXAXL,1,0.22
XTLSXXL,1,0.22
IXXXALL,1,0.22
IXXSXLL,1,0.22
IXLXXLL,1,0.22
ITXXXLL,1,0.22
ITXXAXL,1,0.22
ITXSXXL,1,0.22
ITLXXXL,1,0.22
XLXXAKQ,1,0.22
XLXSXKQ,1,0.22
XLXSAXQ,1,0.22
XLIXXKQ,1,0.22
XLIXAXQ,1,0.22
XLISXXQ,1,0.22
LXXXAKQ,1,0.22
LXXSXKQ,1,0.22
LXXSAXQ,1,0.22
LXIXXKQ,1,0.22
LXIXAXQ,1,0.22
LXISXXQ,1,0.22
LLXXXKQ,1,0.22
LLXXAXQ,1,0.22
LLXSXXQ,1,0.22
LLIXXXQ,1,0.22
XLLXXKT,1,0.22
XLLXAKX,1,0.22
XLLSXKX,1,0.22
LLLXXXT,1,0.22
LLLXXKX,1,0.22
LLLXAXX,1,0.22
LLLSXXX,1,0.22
XXXSAMR,1,0.22
XXHXAMR,1,0.22
XXHSXMR,1,0.22
XXHSAXR,1,0.22
XXHSAMX,1,0.22
XAXXAMR,1,0.22
XAXSXMR,1,0.22
XAHXXMR,1,0.22
XAHXAXR,1,0.22
XAHXAMX,1,0.22
XAHSXXR,1,0.22
XAHSXMX,1,0.22
XAHSAXX,1,0.22
AXXXAMR,1,0.22
AXXSXMR,1,0.22
AXHXXMR,1,0.22
AXHXAXR,1,0.22
AXHXAMX,1,0.22
AXHSXXR,1,0.22
AXHSXMX,1,0.22
AXHSAXX,1,0.22
AAXXXMR,1,0.22
AAHXXXR,1,0.22
AAHXXMX,1,0.22
AAHXAXX,1,0.22
AAHSXXX,1,0.22
XRXXAKA,1,0.22
XRXSXKA,1,0.22
XRXSAXA,1,0.22
XRLXXKA,1,0.22
XRLXAXA,1,0.22
XRLSXXA,1,0.22
IRXXXKA,1,0.22
IRXXAXA,1,0.22
IRXSXXA,1,0.22
IRLXXXA,1,0.22
XSLXXRT,1,0.22
XXXSASQ,1,0.22
XXKXASQ,1,0.22
XXKSXSQ,1,0.22
XXKSASX,1,0.22
XAXXASQ,1,0.22
XAXSXSQ,1,0.22
XAKXXSQ,1,0.22
XAKXASX,1,0.22
XAKSXSX,1,0.22
AXXXASQ,1,0.22
AXXSXSQ,1,0.22
AXKXXSQ,1,0.22
AXKXASX,1,0.22
AXKSXSX,1,0.22
AAXXXSQ,1,0.22
AAKXXSX,1,0.22
XXXSATD,1,0.22
XXVXATD,1,0.22
XXVSXTD,1,0.22
XXVSAXD,1,0.22
XXVSATX,1,0.22
XYXXATD,1,0.22
XYXSXTD,1,0.22
XYXSAXD,1,0.22
XYVXXTD,1,0.22
XYVXAXD,1,0.22
XYVXATX,1,0.22
XYVSXXD,1,0.22
XYVSXTX,1,0.22
XYVSAXX,1,0.22
IXXXATD,1,0.22
IXXSXTD,1,0.22
IXVXXTD,1,0.22
IXVXAXD,1,0.22
IXVXATX,1,0.22
IXVSXXD,1,0.22
IXVSXTX,1,0.22
IYXXXTD,1,0.22
IYXXAXD,1,0.22
IYXSXXD,1,0.22
IYVXXXD,1,0.22
IYVXXTX,1,0.22
IYVXAXX,1,0.22
IYVSXXX,1,0.22
XCXXAKT,1,0.22
XCXSXKT,1,0.22
XCXSAXT,1,0.22
XCXSAKX,1,0.22
XCVXXKT,1,0.22
XCVXAXT,1,0.22
XCVXAKX,1,0.22
XCVSXXT,1,0.22
XCVSXKX,1,0.22
XCVSAXX,1,0.22
ICXXXKT,1,0.22
ICXXAXT,1,0.22
ICXXAKX,1,0.22
ICXSXXT,1,0.22
ICXSXKX,1,0.22
ICXSAXX,1,0.22
ICVXXXT,1,0.22
ICVXXKX,1,0.22
ICVXAXX,1,0.22
ICVSXXX,1,0.22
XVXXART,1,0.22
XVXSXRT,1,0.22
XVXSAXT,1,0.22
XVXSARX,1,0.22
XVLXXRT,1,0.22
XVLXAXT,1,0.22
XVLXARX,1,0.22
XVLSXXT,1,0.22
XVLSXRX,1,0.22
XVLSAXX,1,0.22
VVXXXRT,1,0.22
VVXXAXT,1,0.22
VVXXARX,1,0.22
VVXSXXT,1,0.22
VVXSXRX,1,0.22
VVXSAXX,1,0.22
VVLXXXT,1,0.22
VVLXXRX,1,0.22
VVLXAXX,1,0.22
VVLSXXX,1,0.22
VSXXXKT,1,0.22
VSXXAXT,1,0.22
VSXXAKX,1,0.22
VSXSXXT,1,0.22
VSXSXKX,1,0.22
VSLXXXT,1,0.22
VSLXXKX,1,0.22
VSLXAXX,1,0.22
VSLSXXX,1,0.22
XXXSAQR,1,0.22
XXRXAQR,1,0.22
XXRSXQR,1,0.22
XXRSAQX,1,0.22
XAXXAQR,1,0.22
XAXSXQR,1,0.22
XAXSAQX,1,0.22
XARXXQR,1,0.22
XARXAQX,1,0.22
XARSXQX,1,0.22
SXXXAQR,1,0.22
SXXSXQR,1,0.22
SXXSAXR,1,0.22
SXXSAQX,1,0.22
SXRXXQR,1,0.22
SXRXAXR,1,0.22
SXRXAQX,1,0.22
SXRSXXR,1,0.22
SXRSXQX,1,0.22
SXRSAXX,1,0.22
SAXXXQR,1,0.22
SAXXAXR,1,0.22
SAXXAQX,1,0.22
SAXSXXR,1,0.22
SAXSXQX,1,0.22
SARXXXR,1,0.22
SARXXQX,1,0.22
SARXAXX,1,0.22
SARSXXX,1,0.22
XXXSAAQ,1,0.22
XXLXAAQ,1,0.22
XXLSXAQ,1,0.22
XXLSAAX,1,0.22
XKXXAAQ,1,0.22
XKXSXAQ,1,0.22
XKXSAAX,1,0.22
XKLXXAQ,1,0.22
XKLXAXQ,1,0.22
XKLXAAX,1,0.22
XKLSXXQ,1,0.22
XKLSXAX,1,0.22
XKLSAXX,1,0.22
VXXXAAQ,1,0.22
VXXSXAQ,1,0.22
VXXSAAX,1,0.22
VXLXXAQ,1,0.22
VXLXAAX,1,0.22
VXLSXAX,1,0.22
VKXXXAQ,1,0.22
VKXXAXQ,1,0.22
VKXXAAX,1,0.22
VKXSXXQ,1,0.22
VKXSXAX,1,0.22
VKLXXXQ,1,0.22
VKLXXAX,1,0.22
VKLXAXX,1,0.22
VKLSXXX,1,0.22
XXLXAIN,1,0.22
XXLSXIN,1,0.22
XXLSAIX,1,0.22
XYLXXIN,1,0.22
XYLXAXN,1,0.22
XYLXAIX,1,0.22
XYLSXXN,1,0.22
XYLSXIX,1,0.22
IXXXAIN,1,0.22
IXXSXIN,1,0.22
IXLXXIN,1,0.22
IXLXAIX,1,0.22
IXLSXIX,1,0.22
IYXXXIN,1,0.22
IYXXAXN,1,0.22
IYXXAIX,1,0.22
IYXSXXN,1,0.22
IYXSXIX,1,0.22
IYLXXXN,1,0.22
IYLXXIX,1,0.22
XWXXAKT,1,0.22
XWXSXKT,1,0.22
XWXSAXT,1,0.22
XWVXXKT,1,0.22
XWVXAXT,1,0.22
XWVSXXT,1,0.22
IWXXXKT,1,0.22
IWXXAXT,1,0.22
IWXSXXT,1,0.22
IWVXXXT,1,0.22
IWVXXKX,1,0.22
IWVXAXX,1,0.22
IWVSXXX,1,0.22
XXXSAKI,1,0.22
XXCXAKI,1,0.22
XXCSXKI,1,0.22
XXCSAXI,1,0.22
XXCSAKX,1,0.22
XFXXAKI,1,0.22
XFXSXKI,1,0.22
XFXSAXI,1,0.22
XFCXXKI,1,0.22
XFCXAXI,1,0.22
XFCXAKX,1,0.22
XFCSXXI,1,0.22
XFCSXKX,1,0.22
XFCSAXX,1,0.22
VXXXAKI,1,0.22
VXXSXKI,1,0.22
VXXSAXI,1,0.22
VXCXXKI,1,0.22
VXCXAXI,1,0.22
VXCXAKX,1,0.22
VXCSXXI,1,0.22
VXCSXKX,1,0.22
VFXXXKI,1,0.22
VFXXAXI,1,0.22
VFXXAKX,1,0.22
VFXSXXI,1,0.22
VFXSXKX,1,0.22
VFCXXXI,1,0.22
VFCXXKX,1,0.22
VFCXAXX,1,0.22
VFCSXXX,1,0.22
XXXSAES,1,0.22
XXFXAES,1,0.22
XXFSXES,1,0.22
XXFSAXS,1,0.22
XXFSAEX,1,0.22
XSXXAES,1,0.22
XSXSXES,1,0.22
XSXSAEX,1,0.22
XSFXXES,1,0.22
XSFXAXS,1,0.22
XSFXAEX,1,0.22
XSFSXXS,1,0.22
XSFSXEX,1,0.22
XSFSAXX,1,0.22
VXXXAES,1,0.22
VXXSXES,1,0.22
VXFXXES,1,0.22
VXFXAXS,1,0.22
VXFXAEX,1,0.22
VXFSXXS,1,0.22
VXFSXEX,1,0.22
VSXXXES,1,0.22
VSXXAXS,1,0.22
VSXXAEX,1,0.22
VSXSXXS,1,0.22
VSXSXEX,1,0.22
VSFXXXS,1,0.22
VSFXXEX,1,0.22
VSFXAXX,1,0.22
VSFSXXX,1,0.22
XXXSALQ,1,0.22
XXIXALQ,1,0.22
XXISXLQ,1,0.22
XKXXALQ,1,0.22
XKXSXLQ,1,0.22
XKIXXLQ,1,0.22
XKIXAXQ,1,0.22
XKISXXQ,1,0.22
IXXXALQ,1,0.22
IXXSXLQ,1,0.22
IXIXXLQ,1,0.22
IKXXXLQ,1,0.22
IKXXAXQ,1,0.22
IKXXALX,1,0.22
IKXSXXQ,1,0.22
IKXSXLX,1,0.22
IKIXXXQ,1,0.22
IKIXXLX,1,0.22
IRXXXRS,1,0.22
IRXXAXS,1,0.22
IRXSXXS,1,0.22
IRLXXXS,1,0.22
XXLXARE,1,0.22
XXLSXRE,1,0.22
XTXXARE,1,0.22
XTXSXRE,1,0.22
XTXSAXE,1,0.22
XTLXXRE,1,0.22
XTLXAXE,1,0.22
XTLSXXE,1,0.22
IXLXXRE,1,0.22
IXLXAXE,1,0.22
IXLSXXE,1,0.22
ITXXXRE,1,0.22
ITXXAXE,1,0.22
ITXSXXE,1,0.22
ITLXXXE,1,0.22
XXLXAKN,1,0.22
XXLSXKN,1,0.22
XSXXAKN,1,0.22
XSXSXKN,1,0.22
XSLXXKN,1,0.22
XSLXAXN,1,0.22
XSLSXXN,1,0.22
IXLXXKN,1,0.22
ISXXXKN,1,0.22
ISXXAXN,1,0.22
ISXSXXN,1,0.22
ISLXXXN,1,0.22
LXXXAKS,1,0.22
LXXSXKS,1,0.22
LXLXXKS,1,0.22
LSXXXKS,1,0.22
LSXXAXS,1,0.22
LSXXAKX,1,0.22
LSXSXXS,1,0.22
LSXSXKX,1,0.22
LSXSAXX,1,0.22
LSLXXXS,1,0.22
LSLXXKX,1,0.22
LSLXAXX,1,0.22
LSLSXXX,1,0.22
XXXSADG,1,0.22
XXKXADG,1,0.22
XXKSXDG,1,0.22
XXKSAXG,1,0.22
XXKSADX,1,0.22
XAXXADG,1,0.22
XAXSXDG,1,0.22
XAXSAXG,1,0.22
XAXSADX,1,0.22
XAKXXDG,1,0.22
XAKXAXG,1,0.22
XAKXADX,1,0.22
XAKSXXG,1,0.22
XAKSXDX,1,0.22
SXXXADG,1,0.22
SXXSXDG,1,0.22
SXXSAXG,1,0.22
SXXSADX,1,0.22
SXKXXDG,1,0.22
SXKXAXG,1,0.22
SXKXADX,1,0.22
SXKSXXG,1,0.22
SXKSXDX,1,0.22
SAXXXDG,1,0.22
SAXXAXG,1,0.22
SAXXADX,1,0.22
SAXSXXG,1,0.22
SAXSXDX,1,0.22
SAKXXXG,1,0.22
SAKXXDX,1,0.22
IXLXXKS,1,0.22
ISXXXKS,1,0.22
XXXSAGE,1,0.22
XXKXAGE,1,0.22
XXKSXGE,1,0.22
XXKSAXE,1,0.22
XXKSAGX,1,0.22
XAXXAGE,1,0.22
XAXSXGE,1,0.22
XAKXXGE,1,0.22
XAKXAXE,1,0.22
XAKXAGX,1,0.22
XAKSXXE,1,0.22
XAKSXGX,1,0.22
SXXXAGE,1,0.22
SXXSXGE,1,0.22
SXXSAXE,1,0.22
SXXSAGX,1,0.22
SXKXXGE,1,0.22
SXKXAXE,1,0.22
SXKXAGX,1,0.22
SXKSXXE,1,0.22
SXKSXGX,1,0.22
SAXXXGE,1,0.22
SAXXAXE,1,0.22
SAXXAGX,1,0.22
SAXSXXE,1,0.22
SAXSXGX,1,0.22
SAKXXXE,1,0.22
SAKXXGX,1,0.22
XXHXAGG,1,0.22
XXHSXGG,1,0.22
XXHSAXG,1,0.22
XXHSAGX,1,0.22
XEHXXGG,1,0.22
XEHXAXG,1,0.22
XEHXAGX,1,0.22
XEHSXXG,1,0.22
XEHSXGX,1,0.22
XEHSAXX,1,0.22
VXHXXGG,1,0.22
VXHXAXG,1,0.22
VXHXAGX,1,0.22
VXHSXXG,1,0.22
VXHSXGX,1,0.22
VXHSAXX,1,0.22
VEHXXXG,1,0.22
VEHXXGX,1,0.22
VEHXAXX,1,0.22
VEHSXXX,1,0.22
XXXSAAN,1,0.22
XXIXAAN,1,0.22
XXISXAN,1,0.22
XXISAAX,1,0.22
XSXXAAN,1,0.22
XSXSXAN,1,0.22
XSXSAAX,1,0.22
XSIXXAN,1,0.22
XSIXAXN,1,0.22
XSIXAAX,1,0.22
XSISXXN,1,0.22
XSISXAX,1,0.22
FXXXAAN,1,0.22
FXXSXAN,1,0.22
FXXSAXN,1,0.22
FXXSAAX,1,0.22
FXIXXAN,1,0.22
FXIXAXN,1,0.22
FXIXAAX,1,0.22
FXISXXN,1,0.22
FXISXAX,1,0.22
FSXXXAN,1,0.22
FSXXAXN,1,0.22
FSXXAAX,1,0.22
FSXSXXN,1,0.22
FSXSXAX,1,0.22
FSXSAXX,1,0.22
FSIXXXN,1,0.22
FSIXXAX,1,0.22
FSIXAXX,1,0.22
FSISXXX,1,0.22
FRIXXXT,1,0.22
FRIXXKX,1,0.22
FRIXAXX,1,0.22
FRISXXX,1,0.22
FKXXXKT,1,0.22
FKXXAXT,1,0.22
FKXXAKX,1,0.22
FKXSXXT,1,0.22
FKXSXKX,1,0.22
FKXSAXX,1,0.22
FKIXXXT,1,0.22
FKIXXKX,1,0.22
FKIXAXX,1,0.22
FKISXXX,1,0.22
XXXSAQS,1,0.22
XXLXAQS,1,0.22
XXLSXQS,1,0.22
XTXXAQS,1,0.22
XTXSXQS,1,0.22
XTXSAQX,1,0.22
XTLXXQS,1,0.22
XTLXAXS,1,0.22
XTLXAQX,1,0.22
XTLSXXS,1,0.22
XTLSXQX,1,0.22
IXXXAQS,1,0.22
IXXSXQS,1,0.22
IXLXXQS,1,0.22
ITXXXQS,1,0.22
ITXXAQX,1,0.22
ITXSXQX,1,0.22
ITLXXXS,1,0.22
ITLXXQX,1,0.22
XXXSAET,1,0.22
XXVXAET,1,0.22
XXVSXET,1,0.22
XXVSAEX,1,0.22
XGXXAET,1,0.22
XGXSXET,1,0.22
XGXSAXT,1,0.22
XGXSAEX,1,0.22
XGVXXET,1,0.22
XGVXAXT,1,0.22
XGVXAEX,1,0.22
XGVSXXT,1,0.22
XGVSXEX,1,0.22
XGVSAXX,1,0.22
VXXXAET,1,0.22
VXXSXET,1,0.22
VXVXXET,1,0.22
VXVXAXT,1,0.22
VXVXAEX,1,0.22
VXVSXXT,1,0.22
VXVSXEX,1,0.22
VGXXXET,1,0.22
VGXXAXT,1,0.22
VGXXAEX,1,0.22
VGXSXXT,1,0.22
VGXSXEX,1,0.22
VGXSAXX,1,0.22
VGVXXXT,1,0.22
VGVXXEX,1,0.22
VGVXAXX,1,0.22
VGVSXXX,1,0.22
XXVXAKM,1,0.22
XXVSXKM,1,0.22
XXVSAXM,1,0.22
XTXXAKM,1,0.22
XTXSXKM,1,0.22
XTXSAXM,1,0.22
XTVXXKM,1,0.22
XTVXAXM,1,0.22
XTVSXXM,1,0.22
VXXXAKM,1,0.22
VXXSXKM,1,0.22
VXXSAXM,1,0.22
VXVXXKM,1,0.22
VXVXAXM,1,0.22
VXVSXXM,1,0.22
VTXXXKM,1,0.22
VTXXAXM,1,0.22
VTXXAKX,1,0.22
VTXSXXM,1,0.22
VTXSXKX,1,0.22
VTXSAXX,1,0.22
VTVXXXM,1,0.22
VTVXXKX,1,0.22
VTVXAXX,1,0.22
VTVSXXX,1,0.22
XXVXAKE,1,0.22
XXVSXKE,1,0.22
XSXXAKE,1,0.22
XSXSXKE,1,0.22
XSXSAXE,1,0.22
XSVXXKE,1,0.22
XSVXAXE,1,0.22
XSVXAKX,1,0.22
XSVSXXE,1,0.22
XSVSXKX,1,0.22
XSVSAXX,1,0.22
IXVXXKE,1,0.22
IXVXAXE,1,0.22
IXVSXXE,1,0.22
ISXXXKE,1,0.22
ISXXAXE,1,0.22
ISXSXXE,1,0.22
ISVXXXE,1,0.22
ISVXXKX,1,0.22
ISVXAXX,1,0.22
ISVSXXX,1,0.22
XXXSAVE,1,0.22
XXLXAVE,1,0.22
XXLSXVE,1,0.22
XNXXAVE,1,0.22
XNXSXVE,1,0.22
XNXSAXE,1,0.22
XNXSAVX,1,0.22
XNLXXVE,1,0.22
XNLXAXE,1,0.22
XNLXAVX,1,0.22
XNLSXXE,1,0.22
XNLSXVX,1,0.22
XNLSAXX,1,0.22
EXXXAVE,1,0.22
EXXSXVE,1,0.22
EXXSAXE,1,0.22
EXXSAVX,1,0.22
EXLXXVE,1,0.22
EXLXAXE,1,0.22
EXLXAVX,1,0.22
EXLSXXE,1,0.22
EXLSXVX,1,0.22
EXLSAXX,1,0.22
ENXXXVE,1,0.22
ENXXAXE,1,0.22
ENXXAVX,1,0.22
ENXSXXE,1,0.22
ENXSXVX,1,0.22
ENXSAXX,1,0.22
ENLXXXE,1,0.22
ENLXXVX,1,0.22
ENLXAXX,1,0.22
ENLSXXX,1,0.22
XXXSAGM,1,0.22
XXTXAGM,1,0.22
XXTSXGM,1,0.22
XXTSAXM,1,0.22
XXTSAGX,1,0.22
XPXXAGM,1,0.22
XPXSXGM,1,0.22
XPXSAXM,1,0.22
XPXSAGX,1,0.22
XPTXXGM,1,0.22
XPTXAXM,1,0.22
XPTXAGX,1,0.22
XPTSXXM,1,0.22
XPTSXGX,1,0.22
XPTSAXX,1,0.22
IXXXAGM,1,0.22
IXXSXGM,1,0.22
IXXSAGX,1,0.22
IXTXXGM,1,0.22
IXTXAXM,1,0.22
IXTXAGX,1,0.22
IXTSXXM,1,0.22
IXTSXGX,1,0.22
IXTSAXX,1,0.22
IPXXXGM,1,0.22
IPXXAXM,1,0.22
IPXXAGX,1,0.22
IPXSXXM,1,0.22
IPXSXGX,1,0.22
IPXSAXX,1,0.22
IPTXXXM,1,0.22
IPTXXGX,1,0.22
IPTXAXX,1,0.22
IPTSXXX,1,0.22
XRXXALT,1,0.22
XRXSXLT,1,0.22
XRLXXLT,1,0.22
XRLXALX,1,0.22
XRLSXLX,1,0.22
LXXXALT,1,0.22
LXXSXLT,1,0.22
LXLXXLT,1,0.22
LRXXXLT,1,0.22
LRXXAXT,1,0.22
LRXXALX,1,0.22
LRXSXXT,1,0.22
LRXSXLX,1,0.22
LRLXXXT,1,0.22
LRLXXLX,1,0.22
XFXXARE,1,0.22
XFXSXRE,1,0.22
XFXSARX,1,0.22
XFIXXRE,1,0.22
XFIXARX,1,0.22
XFISXRX,1,0.22
IXIXXRE,1,0.22
IFXXXRE,1,0.22
IFXXARX,1,0.22
IFXSXRX,1,0.22
IFIXXRX,1,0.22
XIIXXKT,1,0.22
XIIXAXT,1,0.22
XIISXXT,1,0.22
VIIXXXT,1,0.22
XXXSASH,1,0.22
XXLXASH,1,0.22
XXLSXSH,1,0.22
XQXXASH,1,0.22
XQXSXSH,1,0.22
XQXSAXH,1,0.22
XQXSASX,1,0.22
XQLXXSH,1,0.22
XQLXAXH,1,0.22
XQLXASX,1,0.22
XQLSXXH,1,0.22
XQLSXSX,1,0.22
FXXXASH,1,0.22
FXXSXSH,1,0.22
FXXSAXH,1,0.22
FXXSASX,1,0.22
FXLXXSH,1,0.22
FXLXAXH,1,0.22
FXLXASX,1,0.22
FXLSXXH,1,0.22
FXLSXSX,1,0.22
FQXXXSH,1,0.22
FQXXAXH,1,0.22
FQXXASX,1,0.22
FQXSXXH,1,0.22
FQXSXSX,1,0.22
FQXSAXX,1,0.22
FQLXXXH,1,0.22
FQLXXSX,1,0.22
FQLXAXX,1,0.22
FQLSXXX,1,0.22
XXXSAMA,1,0.22
XXLXAMA,1,0.22
XXLSXMA,1,0.22
XXLSAMX,1,0.22
XSXXAMA,1,0.22
XSXSXMA,1,0.22
XSXSAMX,1,0.22
XSLXXMA,1,0.22
XSLXAMX,1,0.22
XSLSXMX,1,0.22
IXXXAMA,1,0.22
IXXSXMA,1,0.22
IXXSAMX,1,0.22
IXLXXMA,1,0.22
IXLXAMX,1,0.22
IXLSXMX,1,0.22
ISXXXMA,1,0.22
ISXXAMX,1,0.22
ISXSXMX,1,0.22
ISLXXMX,1,0.22
XTXXALK,1,0.22
XTXSXLK,1,0.22
XTXSAXK,1,0.22
XTIXXLK,1,0.22
XTIXAXK,1,0.22
XTISXXK,1,0.22
LXXXALK,1,0.22
LXXSXLK,1,0.22
LXIXXLK,1,0.22
LTXXXLK,1,0.22
LTXXAXK,1,0.22
LTXXALX,1,0.22
LTXSXXK,1,0.22
LTXSXLX,1,0.22
LTXSAXX,1,0.22
LTIXXXK,1,0.22
LTIXXLX,1,0.22
LTIXAXX,1,0.22
LTISXXX,1,0.22
XXXSARP,1,0.22
XXAXARP,1,0.22
XXASXRP,1,0.22
XXASAXP,1,0.22
XXASARX,1,0.22
XPXXARP,1,0.22
XPXSXRP,1,0.22
XPXSAXP,1,0.22
XPAXXRP,1,0.22
XPAXAXP,1,0.22
XPAXARX,1,0.22
XPASXXP,1,0.22
XPASXRX,1,0.22
XPASAXX,1,0.22
PXXXARP,1,0.22
PXXSXRP,1,0.22
PXXSAXP,1,0.22
PXXSARX,1,0.22
PXAXXRP,1,0.22
PXAXAXP,1,0.22
PXAXARX,1,0.22
PXASXXP,1,0.22
PXASXRX,1,0.22
PXASAXX,1,0.22
PPXXXRP,1,0.22
PPXXAXP,1,0.22
PPXXARX,1,0.22
PPXSXXP,1,0.22
PPXSXRX,1,0.22
PPXSAXX,1,0.22
PPAXXXP,1,0.22
PPAXXRX,1,0.22
PPAXAXX,1,0.22
PPASXXX,1,0.22
