VXXSAXX,529,18.44
XXXSAKX,441,15.37
XXVSAXX,399,13.91
XXXSAXT,311,10.84
VXXXAKX,306,10.67
VXXSXKX,306,10.67
VXVXAXX,300,10.46
VXVSXXX,300,10.46
XPXSAXX,266,9.27
XXVXAKX,247,8.61
XXVSXKX,247,8.61
XXGSAXX,231,8.05
XXISAXX,216,7.53
XXXSALX,214,7.46
IXXSAXX,201,7.01
XXXSAXK,199,6.94
VXVXXKX,188,6.55
VXXXAXT,183,6.38
VXXSXXT,183,6.38
XXVXAXT,182,6.34
XXVSXXT,182,6.34
VPXXAXX,176,6.13
VPXSXXX,176,6.13
XXXXAKT,173,6.03
XXXSXKT,173,6.03
XPVXAXX,164,5.72
XPVSXXX,164,5.72
XXIXAKX,161,5.61
XXISXKX,161,5.61
XEXSAXX,159,5.54
XXGXALX,140,4.88
XXGSXLX,140,4.88
VXIXAXX,133,4.64
VXISXXX,133,4.64
VXVXXXT,132,4.6
VPVXXXX,129,4.5
XPXXAXT,124,4.32
XPXSXXT,124,4.32
XXVXXKT,118,4.11
VXXXAXK,111,3.87
VXXSXXK,111,3.87
VXXXXKT,111,3.87
XEXXAKX,106,3.69
XEXSXKX,106,3.69
VXIXXKX,106,3.69
XXXSAXQ,105,3.66
XPXXAKX,105,3.66
XPXSXKX,105,3.66
VEXXAXX,104,3.62
VEXSXXX,104,3.62
XXLSAXX,98,3.42
VXXXALX,92,3.21
VXXSXLX,92,3.21
XKXSAXX,91,3.17
XXXSAIX,90,3.14
VPXXXXT,90,3.14
XXXXALK,86,3
XXXSXLK,86,3
XPVXXXT,85,2.96
XXXSAXN,83,2.89
XLXSAXX,83,2.89
XEVXAXX,80,2.79
XEVSXXX,80,2.79
XXVXAXK,79,2.75
XXVSXXK,79,2.75
XPVXXKX,79,2.75
VEXXXKX,78,2.72
XFXSAXX,77,2.68
VPXXXKX,77,2.68
IXXXALX,75,2.61
IXXSXLX,75,2.61
IXGXAXX,74,2.58
IXGSXXX,74,2.58
FXXSAXX,74,2.58
XFGXAXX,73,2.54
XFGSXXX,73,2.54
FXGXAXX,72,2.51
FXGSXXX,72,2.51
XHXSAXX,70,2.44
XXXSAGX,70,2.44
IPXXAXX,69,2.41
IPXSXXX,69,2.41
IXXXAKX,66,2.3
IXXSXKX,66,2.3
XDXSAXX,66,2.3
VXVXXXK,66,2.3
VEVXXXX,66,2.3
FFXXAXX,66,2.3
FFXSXXX,66,2.3
FFGXXXX,66,2.3
XXXSAXE,65,2.27
VXXXAXQ,65,2.27
VXXSXXQ,65,2.27
XPXXAXK,63,2.2
XPXSXXK,63,2.2
VXGXAXX,59,2.06
VXGSXXX,59,2.06
XXGXAXK,59,2.06
XXGSXXK,59,2.06
XXXSAXA,59,2.06
IXGXXLX,58,2.02
IXVXAXX,57,1.99
IXVSXXX,57,1.99
XPIXAXX,57,1.99
XPISXXX,57,1.99
XPXXXKT,57,1.99
XXXSARX,55,1.92
XXXXAKK,55,1.92
XXXSXKK,55,1.92
XEVXXKX,55,1.92
XXXSAXL,54,1.88
XAXSAXX,53,1.85
IXXXAXT,53,1.85
IXXSXXT,53,1.85
XXXSAXG,52,1.81
XEIXAXX,52,1.81
XEISXXX,52,1.81
XXLXAGX,52,1.81
XXLSXGX,52,1.81
XXIXAXT,51,1.78
XXISXXT,51,1.78
VXGXXLX,50,1.74
XXGXXLK,49,1.71
XXXXAKQ,49,1.71
XXXSXKQ,49,1.71
XXXSAXF,48,1.67
XSXSAXX,47,1.64
VPXXXXK,47,1.64
XEIXXKX,47,1.64
XHXXAKX,46,1.6
XHXSXKX,46,1.6
XXXSAXS,46,1.6
IXXXAXK,45,1.57
IXXSXXK,45,1.57
XPVXXXK,45,1.57
VHXXAXX,45,1.57
VHXSXXX,45,1.57
VXXXXLK,44,1.53
XDXXAKX,44,1.53
XDXSXKX,44,1.53
EXXSAXX,43,1.5
XNXSAXX,43,1.5
XPXXALX,42,1.46
XPXSXLX,42,1.46
XRXSAXX,42,1.46
XXGXAXT,41,1.43
XXGSXXT,41,1.43
XXIXXKT,41,1.43
XXIXAXK,41,1.43
XXISXXK,41,1.43
XXIXAXQ,41,1.43
XXISXXQ,41,1.43
XXXSAVX,40,1.39
VLXXAXX,40,1.39
VLXSXXX,40,1.39
XDIXAXX,40,1.39
XDISXXX,40,1.39
VDXXAXX,40,1.39
VDXSXXX,40,1.39
XKXXAKX,39,1.36
XKXSXKX,39,1.36
VXXXXKQ,39,1.36
XXXXAKF,39,1.36
XXXSXKF,39,1.36
XXASAXX,39,1.36
IXIXAXX,38,1.32
IXISXXX,38,1.32
XXXXALT,38,1.32
XXXSXLT,38,1.32
XDIXXKX,38,1.32
XEXXAXK,38,1.32
XEXSXXK,38,1.32
XXIXXKF,38,1.32
XXIXAXF,38,1.32
XXISXXF,38,1.32
IXXXXLK,37,1.29
AXXSAXX,37,1.29
VHXXXKX,37,1.29
VXXXXKF,37,1.29
VXXXAXF,37,1.29
VXXSXXF,37,1.29
XXGXAXN,37,1.29
XXGSXXN,37,1.29
XXGXAXL,36,1.25
XXGSXXL,36,1.25
VKXXAXX,36,1.25
VKXSXXX,36,1.25
IXVXXKX,36,1.25
VXIXXXQ,36,1.25
VXIXXXF,36,1.25
VEIXXXX,36,1.25
XFXXAXN,36,1.25
XFXSXXN,36,1.25
XFGXXXN,36,1.25
LXXSAXX,35,1.22
DXXSAXX,35,1.22
XXVXXKK,35,1.22
VXXXXKK,35,1.22
XHVXAXX,35,1.22
XHVSXXX,35,1.22
XPXXAIX,35,1.22
XPXSXIX,35,1.22
XKGXAXX,34,1.19
XKGSXXX,34,1.19
IXXXXKT,34,1.19
VXXXAIX,34,1.19
VXXSXIX,34,1.19
XXIXXKQ,34,1.19
XXGXAIX,34,1.19
XXGSXIX,34,1.19
FXXXAXT,33,1.15
FXXSXXT,33,1.15
FXXXAXN,33,1.15
FXXSXXN,33,1.15
FXGXXXN,33,1.15
FFXXXXN,33,1.15
XXVXAIX,32,1.12
XXVSXIX,32,1.12
VXLXAXX,32,1.12
VXLSXXX,32,1.12
XXXSASX,32,1.12
QXXSAXX,31,1.08
XEXXAXT,31,1.08
XEXSXXT,31,1.08
XXXSAMX,31,1.08
FXGXXXT,31,1.08
XXVXALX,30,1.05
XXVSXLX,30,1.05
IXVXXXT,30,1.05
VXXXARX,30,1.05
VXXSXRX,30,1.05
XXXXAIN,30,1.05
XXXSXIN,30,1.05
XFXXAIX,30,1.05
XFXSXIX,30,1.05
XFGXXIX,30,1.05
XVXSAXX,29,1.01
XQXSAXX,29,1.01
VXXXAXN,29,1.01
VXXSXXN,29,1.01
VXIXXXT,29,1.01
XNXXAKX,29,1.01
XNXSXKX,29,1.01
XXXXAGE,29,1.01
XXXSXGE,29,1.01
XFXXAXT,29,1.01
XFXSXXT,29,1.01
IPVXXXX,28,0.98
XKXXALX,28,0.98
XKXSXLX,28,0.98
XXXSAHX,28,0.98
VHVXXXX,28,0.98
XPVXXIX,28,0.98
VPXXXIX,28,0.98
VNXXAXX,28,0.98
VNXSXXX,28,0.98
XEXXXKF,28,0.98
XEXXAXF,28,0.98
XEXSXXF,28,0.98
XEIXXXF,28,0.98
VEXXXXF,28,0.98
XXLXAXE,28,0.98
XXLSXXE,28,0.98
XFGXXXT,28,0.98
FFXXXXT,28,0.98
XXGXXIN,28,0.98
XFXXXIN,28,0.98
IPIXXXX,27,0.94
XXXSATX,27,0.94
VXGXXXK,27,0.94
XKGXXLX,27,0.94
XXXXAKS,27,0.94
XXXSXKS,27,0.94
IPXXXXT,27,0.94
XHVXXKX,27,0.94
VXVXXIX,27,0.94
XXXXAIK,27,0.94
XXXSXIK,27,0.94
VDXXXKX,27,0.94
XNXXAXT,27,0.94
XNXSXXT,27,0.94
XFXXALX,27,0.94
XFXSXLX,27,0.94
XFGXXLX,27,0.94
XXLXXGE,27,0.94
XXXXALL,26,0.91
XXXSXLL,26,0.91
XXXSAPX,26,0.91
XXTSAXX,26,0.91
VXVXXLX,26,0.91
VDIXXXX,26,0.91
VPIXXXX,26,0.91
XXXXAHT,26,0.91
XXXSXHT,26,0.91
XXRSAXX,26,0.91
FXXXXIN,26,0.91
FXXXAIX,26,0.91
FXXSXIX,26,0.91
FXGXXIX,26,0.91
FFXXXIX,26,0.91
XXGXXLL,25,0.87
XRGXAXX,25,0.87
XRGSXXX,25,0.87
XAGXAXX,25,0.87
XAGSXXX,25,0.87
VXXXAXS,25,0.87
VXXSXXS,25,0.87
XXVXAXN,25,0.87
XXVSXXN,25,0.87
VXVXXXN,25,0.87
XXVXAXQ,25,0.87
XXVSXXQ,25,0.87
XXVXARX,25,0.87
XXVSXRX,25,0.87
VEXXXXT,25,0.87
FXXXALX,25,0.87
FXXSXLX,25,0.87
FXGXXLX,25,0.87
IXGXXXK,24,0.84
IKXXAXX,24,0.84
IKXSXXX,24,0.84
VXXXAXA,24,0.84
VXXSXXA,24,0.84
XXVXAXS,24,0.84
XXVSXXS,24,0.84
XGXSAXX,24,0.84
QXIXAXX,24,0.84
QXISXXX,24,0.84
XDXXAXQ,24,0.84
XDXSXXQ,24,0.84
XPIXXXT,24,0.84
XEVXXXT,24,0.84
XPIXXKX,24,0.84
FFXXXLX,24,0.84
IXXXAXL,23,0.8
IXXSXXL,23,0.8
XXXSAXD,23,0.8
XXXSAXM,23,0.8
IPXXXKX,23,0.8
QXXXAKX,23,0.8
QXXSXKX,23,0.8
QXIXXKX,23,0.8
VEXXXXK,23,0.8
VDXXXXQ,23,0.8
XPXXXHT,23,0.8
XPXXAHX,23,0.8
XPXSXHX,23,0.8
VXXXXHT,23,0.8
VXXXAHX,23,0.8
VXXSXHX,23,0.8
XXXXAKA,23,0.8
XXXSXKA,23,0.8
VPXXXLX,22,0.77
XXVXAHX,22,0.77
XXVSXHX,22,0.77
XLXXAXG,22,0.77
XLXSXXG,22,0.77
XXVXXIK,22,0.77
VXXXXIK,22,0.77
XEVXXXK,22,0.77
XEXXXKT,22,0.77
XXGXXLT,22,0.77
XLXXASX,22,0.77
XLXSXSX,22,0.77
XLAXAXX,22,0.77
XLASXXX,22,0.77
XIXSAXX,21,0.73
VXXXAXL,21,0.73
VXXSXXL,21,0.73
XRXXALX,21,0.73
XRXSXLX,21,0.73
XXXSAXV,21,0.73
XXXXAKN,21,0.73
XXXSXKN,21,0.73
XPXXXIK,21,0.73
XDIXXXQ,21,0.73
XNVXAXX,21,0.73
XNVSXXX,21,0.73
VPXXXHX,21,0.73
VXXXAXG,21,0.73
VXXSXXG,21,0.73
XXAXASX,21,0.73
XXASXSX,21,0.73
XLAXXSX,21,0.73
XSLXAXX,20,0.7
XSLSXXX,20,0.7
IRXXAXX,20,0.7
IRXSXXX,20,0.7
XRGXXLX,20,0.7
XKIXAXX,20,0.7
XKISXXX,20,0.7
XPXXXKK,20,0.7
VXXXXKN,20,0.7
XXIXXKK,20,0.7
VNXXXKX,20,0.7
XXVXXHT,20,0.7
XEXXXKK,20,0.7
XXVXXKA,20,0.7
XXVXAXA,20,0.7
XXVSXXA,20,0.7
VXVXXRX,20,0.7
XXIXALX,20,0.7
XXISXLX,20,0.7
XXXXAMT,20,0.7
XXXSXMT,20,0.7
XSXXAGX,20,0.7
XSXSXGX,20,0.7
IXGXXXL,19,0.66
XPXXXLK,19,0.66
XXFSAXX,19,0.66
VKGXXXX,19,0.66
VKXXXKX,19,0.66
XXXXALA,19,0.66
XXXSXLA,19,0.66
XAXXALX,19,0.66
XAXSXLX,19,0.66
XKXXAXT,19,0.66
XKXSXXT,19,0.66
XDXXXKQ,19,0.66
XXXXAPG,19,0.66
XXXSXPG,19,0.66
VXXXXPG,19,0.66
VXXXAPX,19,0.66
VXXSXPX,19,0.66
VXVXXXQ,19,0.66
XNXXXKT,19,0.66
XSLXXGX,19,0.66
FXXXXLT,19,0.66
XXLXAPX,18,0.63
XXLSXPX,18,0.63
PXXSAXX,18,0.63
XXESAXX,18,0.63
CXXSAXX,18,0.63
VXXXXKS,18,0.63
XEXXAXN,18,0.63
XEXSXXN,18,0.63
XHXXAXQ,18,0.63
XHXSXXQ,18,0.63
XPXXARX,18,0.63
XPXSXRX,18,0.63
VXVXXHX,18,0.63
XXLXAXG,18,0.63
XXLSXXG,18,0.63
XLXXXPG,18,0.63
XLXXAPX,18,0.63
XLXSXPX,18,0.63
VLXXXXG,18,0.63
VLXXXPX,18,0.63
XXIXXLK,18,0.63
EXXXAGX,18,0.63
EXXSXGX,18,0.63
XFXXXLT,18,0.63
IRGXXXX,17,0.59
XXXXAKL,17,0.59
XXXSXKL,17,0.59
XXDSAXX,17,0.59
XXVXXKS,17,0.59
IXIXXKX,17,0.59
XHIXXKX,17,0.59
XHIXAXX,17,0.59
XHISXXX,17,0.59
XLXXAKX,17,0.59
XLXSXKX,17,0.59
XKXXXKT,17,0.59
XKVXAXX,17,0.59
XKVSXXX,17,0.59
VXXXXLT,17,0.59
XXVXXKN,17,0.59
VEXXXXN,17,0.59
XDVXAXX,17,0.59
XDVSXXX,17,0.59
XPVXXHX,17,0.59
XXLXXPG,17,0.59
XLLXXXG,17,0.59
XLLXXPX,17,0.59
XLLXAXX,17,0.59
XLLSXXX,17,0.59
VXLXXXG,17,0.59
VXLXXPX,17,0.59
VLLXXXX,17,0.59
MXXSAXX,17,0.59
XXXXATQ,17,0.59
XXXSXTQ,17,0.59
XEXXAGX,17,0.59
XEXSXGX,17,0.59
EXLXAXX,17,0.59
EXLSXXX,17,0.59
XPXXAXE,16,0.56
XPXSXXE,16,0.56
VXGXXXL,16,0.56
VSXXAXX,16,0.56
VSXSXXX,16,0.56
XRXXAXK,16,0.56
XRXSXXK,16,0.56
XXGXAXG,16,0.56
XXGSXXG,16,0.56
XKXXAXK,16,0.56
XKXSXXK,16,0.56
XXGXAXA,16,0.56
XXGSXXA,16,0.56
XMXSAXX,16,0.56
VXVXXXS,16,0.56
XLXXAXT,16,0.56
XLXSXXT,16,0.56
XLVXAXX,16,0.56
XLVSXXX,16,0.56
XEXXXKN,16,0.56
XEVXXXN,16,0.56
XXXXART,16,0.56
XXXSXRT,16,0.56
QXXXXKK,16,0.56
QXXXAXK,16,0.56
QXXSXXK,16,0.56
QXIXXXK,16,0.56
VNXXXXT,16,0.56
VXXXXKA,16,0.56
VXIXXXK,16,0.56
XELXAXX,16,0.56
XELSXXX,16,0.56
XXRXAXQ,16,0.56
XXRSXXQ,16,0.56
XLXXAXQ,16,0.56
XLXSXXQ,16,0.56
XLRXXXQ,16,0.56
XLRXAXX,16,0.56
XLRSXXX,16,0.56
EXLXXGX,16,0.56
XSXXALX,15,0.52
XSXSXLX,15,0.52
XSGXAXX,15,0.52
XSGSXXX,15,0.52
XXXSAXI,15,0.52
SXXSAXX,15,0.52
IRXXXLX,15,0.52
XRGXXXK,15,0.52
IXXXAXG,15,0.52
IXXSXXG,15,0.52
XKXXXLK,15,0.52
XKGXXXK,15,0.52
VKXXXLX,15,0.52
XXXSAXR,15,0.52
XAGXXLX,15,0.52
XYXSAXX,15,0.52
XKIXXKX,15,0.52
XLXXXKT,15,0.52
XHXXXKQ,15,0.52
XXXSAYX,15,0.52
VNVXXXX,15,0.52
QEXXAXX,15,0.52
QEXSXXX,15,0.52
XPIXXXK,15,0.52
VXVXXXA,15,0.52
XEXXAXQ,15,0.52
XEXSXXQ,15,0.52
XXTXAXT,15,0.52
XXTSXXT,15,0.52
VHXXXXQ,15,0.52
XXRXXTQ,15,0.52
XXRXATX,15,0.52
XXRSXTX,15,0.52
XLXXXTQ,15,0.52
XLXXATX,15,0.52
XLXSXTX,15,0.52
XLRXXTX,15,0.52
XSGXXLX,14,0.49
IPXXXXK,14,0.49
IPXXXLX,14,0.49
XXVXXLK,14,0.49
IXXXAXE,14,0.49
IXXSXXE,14,0.49
IAXXAXX,14,0.49
IAXSXXX,14,0.49
XRXXXLK,14,0.49
XHXXAXT,14,0.49
XHXSXXT,14,0.49
VAXXAXX,14,0.49
VAXSXXX,14,0.49
XKXXAXA,14,0.49
XKXSXXA,14,0.49
XLVXXXT,14,0.49
XLVXXKX,14,0.49
VLXXXXT,14,0.49
VLXXXKX,14,0.49
XKVXXKX,14,0.49
XXLXAXT,14,0.49
XXLSXXT,14,0.49
XNVXXKX,14,0.49
XEIXXXK,14,0.49
QEXXXKX,14,0.49
QEIXXXX,14,0.49
XNVXXXT,14,0.49
XXXSAEX,14,0.49
VHIXXXX,14,0.49
DXXXAGX,14,0.49
DXXSXGX,14,0.49
DXLXAXX,14,0.49
DXLSXXX,14,0.49
XELXXGX,14,0.49
XXGXAMX,14,0.49
XXGSXMX,14,0.49
FXXXAMX,14,0.49
FXXSXMX,14,0.49
FXGXXMX,14,0.49
XXXSADX,13,0.45
IKGXXXX,13,0.45
XPTXAXX,13,0.45
XPTSXXX,13,0.45
XXGXXLA,13,0.45
IXXXAXA,13,0.45
IXXSXXA,13,0.45
VLVXXXX,13,0.45
VXTXAXX,13,0.45
VXTSXXX,13,0.45
VDVXXXX,13,0.45
XKXXAXF,13,0.45
XKXSXXF,13,0.45
XXIXARX,13,0.45
XXISXRX,13,0.45
XHXXAXA,13,0.45
XHXSXXA,13,0.45
XEXXALX,13,0.45
XEXSXLX,13,0.45
IXIXXXT,13,0.45
XXXXASN,13,0.45
XXXSXSN,13,0.45
XXAXXSN,13,0.45
XXAXAXN,13,0.45
XXASXXN,13,0.45
XLXXXSN,13,0.45
XLXXAXN,13,0.45
XLXSXXN,13,0.45
XLAXXXN,13,0.45
IXXXXLL,12,0.42
VXXXXLL,12,0.42
VXXXAVX,12,0.42
VXXSXVX,12,0.42
VRXXAXX,12,0.42
VRXSXXX,12,0.42
XXXSAFX,12,0.42
VXXXAXM,12,0.42
VXXSXXM,12,0.42
TXXSAXX,12,0.42
XXIXAXS,12,0.42
XXISXXS,12,0.42
XXVXXKQ,12,0.42
VXXXATX,12,0.42
VXXSXTX,12,0.42
AXXXAKX,12,0.42
AXXSXKX,12,0.42
XPIXXLX,12,0.42
XHXXXKA,12,0.42
XHVXXXA,12,0.42
VHXXXXA,12,0.42
XXXXARQ,12,0.42
XXXSXRQ,12,0.42
XDXXARX,12,0.42
XDXSXRX,12,0.42
XHIXXXQ,12,0.42
MXXXASX,12,0.42
MXXSXSX,12,0.42
PXXXAGX,12,0.42
PXXSXGX,12,0.42
XXXXAGQ,12,0.42
XXXSXGQ,12,0.42
DXLXXGX,12,0.42
XXGXXMT,12,0.42
XFXXAMX,12,0.42
XFXSXMX,12,0.42
XFGXXMX,12,0.42
FXXXXMT,12,0.42
FFXXXMX,12,0.42
XSXXXLL,11,0.38
XSXXAXL,11,0.38
XSXSXXL,11,0.38
XSGXXXL,11,0.38
IPXXXXE,11,0.38
IKXXXLX,11,0.38
XXXXAIT,11,0.38
XXXSXIT,11,0.38
XPXXAXA,11,0.38
XPXSXXA,11,0.38
XAXXAXK,11,0.38
XAXSXXK,11,0.38
GXXSAXX,11,0.38
XTXSAXX,11,0.38
VAXXXLX,11,0.38
VAGXXXX,11,0.38
VMXXAXX,11,0.38
VMXSXXX,11,0.38
XHXXAXS,11,0.38
XHXSXXS,11,0.38
XXVXXLT,11,0.38
XPXXXRT,11,0.38
XDXXAXK,11,0.38
XDXSXXK,11,0.38
QEXXXXK,11,0.38
XEVXXLX,11,0.38
VEXXXLX,11,0.38
CXXXAKX,11,0.38
CXXSXKX,11,0.38
IEXXAXX,11,0.38
IEXSXXX,11,0.38
XXXXAVT,11,0.38
XXXSXVT,11,0.38
XXXSAQX,11,0.38
RXXSAXX,11,0.38
MXAXXSX,11,0.38
MXAXAXX,11,0.38
MXASXXX,11,0.38
MLXXXSX,11,0.38
MLXXAXX,11,0.38
MLXSXXX,11,0.38
MLAXXXX,11,0.38
NXXSAXX,11,0.38
XXLXXGQ,11,0.38
XXLXAXQ,11,0.38
XXLSXXQ,11,0.38
XPVXXLX,10,0.35
XXXSAWX,10,0.35
XXIXAXE,10,0.35
XXISXXE,10,0.35
XPXXAWX,10,0.35
XPXSXWX,10,0.35
XXXXALG,10,0.35
XXXSXLG,10,0.35
XXGXXLG,10,0.35
XXGXAKX,10,0.35
XXGSXKX,10,0.35
XKXXAXL,10,0.35
XKXSXXL,10,0.35
EXXXAXA,10,0.35
EXXSXXA,10,0.35
IXXXARX,10,0.35
IXXSXRX,10,0.35
IHXXAXX,10,0.35
IHXSXXX,10,0.35
XRXXAKX,10,0.35
XRXSXKX,10,0.35
LXGXAXX,10,0.35
LXGSXXX,10,0.35
XMXXAKX,10,0.35
XMXSXKX,10,0.35
VMXXXKX,10,0.35
XXIXXKS,10,0.35
XHXXXKS,10,0.35
XMXXAXT,10,0.35
XMXSXXT,10,0.35
VMXXXXT,10,0.35
VXXXAXE,10,0.35
VXXSXXE,10,0.35
XXVXXRT,10,0.35
XPLXAXX,10,0.35
XPLSXXX,10,0.35
XNIXAXX,10,0.35
XNISXXX,10,0.35
VNIXXXX,10,0.35
VKIXXXX,10,0.35
IXIXXLX,10,0.35
XXXSAAX,10,0.35
VXIXXLX,10,0.35
VXXXXRQ,10,0.35
XXXXARE,10,0.35
XXXSXRE,10,0.35
VDXXXRX,10,0.35
XXXXAKV,10,0.35
XXXSXKV,10,0.35
XSXXAXQ,10,0.35
XSXSXXQ,10,0.35
HXXSAXX,10,0.35
XFXXXMT,10,0.35
XVXXALX,9,0.31
XVXSXLX,9,0.31
XVGXXLX,9,0.31
XVGXAXX,9,0.31
XVGSXXX,9,0.31
IXXXAWX,9,0.31
IXXSXWX,9,0.31
IPXXXWX,9,0.31
YXXSAXX,9,0.31
XXXSAXP,9,0.31
XXGXAVX,9,0.31
XXGSXVX,9,0.31
IXGXXXG,9,0.31
VKXXXXK,9,0.31
IXTXAXX,9,0.31
IXTSXXX,9,0.31
XQGXAXX,9,0.31
XQGSXXX,9,0.31
IKXXXKX,9,0.31
IAGXXXX,9,0.31
XXXXAKE,9,0.31
XXXSXKE,9,0.31
XKVXXXT,9,0.31
LXXXAXT,9,0.31
LXXSXXT,9,0.31
XMXXXKT,9,0.31
XHVXXXS,9,0.31
XDXXAXT,9,0.31
XDXSXXT,9,0.31
XDXXXKK,9,0.31
XXLXAKX,9,0.31
XXLSXKX,9,0.31
XPXXAXQ,9,0.31
XPXSXXQ,9,0.31
XXXSAXY,9,0.31
XNIXXKX,9,0.31
AXXXXKT,9,0.31
AXXXAXT,9,0.31
AXXSXXT,9,0.31
AKXXAXX,9,0.31
AKXSXXX,9,0.31
VXXXXRT,9,0.31
VXIXXRX,9,0.31
INXXAXX,9,0.31
INXSXXX,9,0.31
XXXXAKM,9,0.31
XXXSXKM,9,0.31
XXVXXKM,9,0.31
XXVXAXM,9,0.31
XXVSXXM,9,0.31
VXXXXKM,9,0.31
VXVXXXM,9,0.31
IXIXXXK,9,0.31
XEXXXLK,9,0.31
XPXXAXS,9,0.31
XPXSXXS,9,0.31
VXXXAMX,9,0.31
VXXSXMX,9,0.31
CXXXAXT,9,0.31
CXXSXXT,9,0.31
XXSSAXX,9,0.31
KXXSAXX,9,0.31
XXVXAMX,9,0.31
XXVSXMX,9,0.31
VXTXXXT,9,0.31
XQLXAXX,9,0.31
XQLSXXX,9,0.31
XAXXAVX,9,0.31
XAXSXVX,9,0.31
VPTXXXX,9,0.31
XXXXAGD,9,0.31
XXXSXGD,9,0.31
IXVXXXK,8,0.28
IXXXAIX,8,0.28
IXXSXIX,8,0.28
IRXXXXK,8,0.28
VRXXXXK,8,0.28
VRGXXXX,8,0.28
IXXXXLG,8,0.28
XXGXXKL,8,0.28
XKXXXKL,8,0.28
VXXXXKL,8,0.28
XXPSAXX,8,0.28
IXXXXKL,8,0.28
XQXXALX,8,0.28
XQXSXLX,8,0.28
XAXXXLL,8,0.28
XAXXAXL,8,0.28
XAXSXXL,8,0.28
XKXXXLA,8,0.28
XKGXXXA,8,0.28
XYXXAXK,8,0.28
XYXSXXK,8,0.28
IXXXAXQ,8,0.28
IXXSXXQ,8,0.28
XXTXAKX,8,0.28
XXTSXKX,8,0.28
AXVXAXX,8,0.28
AXVSXXX,8,0.28
VHXXXXS,8,0.28
XXVXAXE,8,0.28
XXVSXXE,8,0.28
XGVXAXX,8,0.28
XGVSXXX,8,0.28
XPVXXRX,8,0.28
XXXXAVG,8,0.28
XXXSXVG,8,0.28
IXXXAVX,8,0.28
IXXSXVX,8,0.28
XXLXXKT,8,0.28
VXLXXXT,8,0.28
VPLXXXX,8,0.28
XXLXALX,8,0.28
XXLSXLX,8,0.28
XSVXAXX,8,0.28
XSVSXXX,8,0.28
VSVXXXX,8,0.28
LXXXAXG,8,0.28
LXXSXXG,8,0.28
VPXXXRX,8,0.28
VQXXAXX,8,0.28
VQXSXXX,8,0.28
CXXXXKT,8,0.28
XXVXXRQ,8,0.28
XEVXXXQ,8,0.28
IEVXXXX,8,0.28
XEXXXKQ,8,0.28
EEXXAXX,8,0.28
EEXSXXX,8,0.28
XDVXXRX,8,0.28
VXXXXMT,8,0.28
IXXXAXV,8,0.28
IXXSXXV,8,0.28
XKLXAXX,8,0.28
XKLSXXX,8,0.28
XXHSAXX,8,0.28
MXXXXSN,8,0.28
MXXXAXN,8,0.28
MXXSXXN,8,0.28
MXAXXXN,8,0.28
MLXXXXN,8,0.28
XPTXXXT,8,0.28
DSXXXGX,8,0.28
DSXXAXX,8,0.28
DSXSXXX,8,0.28
XQXXAGX,8,0.28
XQXSXGX,8,0.28
XQLXXGX,8,0.28
PXLXXGX,8,0.28
PXLXAXX,8,0.28
PXLSXXX,8,0.28
XSXXXGQ,8,0.28
XSLXXXQ,8,0.28
ESXXXGX,8,0.28
ESXXAXX,8,0.28
ESXSXXX,8,0.28
ESLXXXX,8,0.28
XSXXXGE,8,0.28
XSXXAXE,8,0.28
XSXSXXE,8,0.28
XSLXXXE,8,0.28
IVXXAXX,7,0.24
IVXSXXX,7,0.24
ISXXXLX,7,0.24
ISXXAXX,7,0.24
ISXSXXX,7,0.24
ISGXXXX,7,0.24
XXLXAXD,7,0.24
XXLXAIX,7,0.24
XXLSXXD,7,0.24
XXLSXIX,7,0.24
VSXXXLX,7,0.24
VSGXXXX,7,0.24
EXFXAXX,7,0.24
EXFSXXX,7,0.24
XAGXXXL,7,0.24
XPGXAXX,7,0.24
XPGSXXX,7,0.24
XXXXALQ,7,0.24
XXXSXLQ,7,0.24
VXGXXXA,7,0.24
XMVXAXX,7,0.24
XMVSXXX,7,0.24
LXXXAKX,7,0.24
LXXSXKX,7,0.24
XRXXXKT,7,0.24
XRXXAXT,7,0.24
XRXSXXT,7,0.24
VKVXXXX,7,0.24
XYXXAKX,7,0.24
XYXSXKX,7,0.24
XYVXXKX,7,0.24
XYVXAXX,7,0.24
XYVSXXX,7,0.24
XPVXXXE,7,0.24
ILXXAXX,7,0.24
ILXSXXX,7,0.24
VPXXXXQ,7,0.24
XSXXAKX,7,0.24
XSXSXKX,7,0.24
XSVXXKX,7,0.24
VSXXXKX,7,0.24
XDXXAXN,7,0.24
XDXSXXN,7,0.24
VDXXXXN,7,0.24
AXVXXKX,7,0.24
XKXXXKF,7,0.24
VKXXXXF,7,0.24
INXXXKX,7,0.24
XXQSAXX,7,0.24
VHXXXXT,7,0.24
XXVXAXR,7,0.24
XXVSXXR,7,0.24
XPXXAXR,7,0.24
XPXSXXR,7,0.24
VPXXXXS,7,0.24
XXXXAAK,7,0.24
XXXSXAK,7,0.24
XPXXAMX,7,0.24
XPXSXMX,7,0.24
VPXXXMX,7,0.24
IEXXXKX,7,0.24
INXXXXT,7,0.24
EXXXAXQ,7,0.24
EXXSXXQ,7,0.24
EXVXAXX,7,0.24
EXVSXXX,7,0.24
XXVXXMT,7,0.24
VXVXXMX,7,0.24
AXXXAXE,7,0.24
AXXSXXE,7,0.24
AXIXAXX,7,0.24
AXISXXX,7,0.24
IXXXXKV,7,0.24
XXVXXKV,7,0.24
XXVXAXV,7,0.24
XXVSXXV,7,0.24
XIXXAXG,7,0.24
XIXSXXG,7,0.24
XPXXAVX,7,0.24
XPXSXVX,7,0.24
VXXXXTQ,7,0.24
IXAXAXX,7,0.24
IXASXXX,7,0.24
XXLXAXA,7,0.24
XXLSXXA,7,0.24
EXXXAMX,7,0.24
EXXSXMX,7,0.24
XQXXAXE,7,0.24
XQXSXXE,7,0.24
DSLXXXX,7,0.24
ISXXXXL,6,0.21
XXMSAXX,6,0.21
IKXXXXK,6,0.21
QXXXAXT,6,0.21
QXXSXXT,6,0.21
XPXXAXN,6,0.21
XPXSXXN,6,0.21
IXXXAXN,6,0.21
IXXSXXN,6,0.21
XXFXXLA,6,0.21
XXFXAXA,6,0.21
XXFXALX,6,0.21
XXFSXXA,6,0.21
XXFSXLX,6,0.21
XPXXXLA,6,0.21
XPFXXXA,6,0.21
XPFXXLX,6,0.21
XPFXAXX,6,0.21
XPFSXXX,6,0.21
XHXXARX,6,0.21
XHXSXRX,6,0.21
XTXXALX,6,0.21
XTXSXLX,6,0.21
XTGXXLX,6,0.21
XTGXAXX,6,0.21
XTGSXXX,6,0.21
VRXXXLX,6,0.21
XQXXAXK,6,0.21
XQXSXXK,6,0.21
XQGXXLX,6,0.21
IQXXXLX,6,0.21
IQXXAXX,6,0.21
IQXSXXX,6,0.21
IQGXXXX,6,0.21
VVXXAXX,6,0.21
VVXSXXX,6,0.21
XXXXALM,6,0.21
XXXSXLM,6,0.21
XXGXXLM,6,0.21
XXGXAXM,6,0.21
XXGSXXM,6,0.21
XPXXAXL,6,0.21
XPXSXXL,6,0.21
IXGXXXA,6,0.21
IXXXAFX,6,0.21
IXXSXFX,6,0.21
XAXXAXA,6,0.21
XAXSXXA,6,0.21
VXXXXLA,6,0.21
XYXXALX,6,0.21
XYXSXLX,6,0.21
XYGXXLX,6,0.21
XYGXAXX,6,0.21
XYGSXXX,6,0.21
IAXXXLX,6,0.21
XAXXAKX,6,0.21
XAXSXKX,6,0.21
XMVXXKX,6,0.21
VMVXXXX,6,0.21
LXIXAXX,6,0.21
LXISXXX,6,0.21
XRVXXKX,6,0.21
XRVXAXX,6,0.21
XRVSXXX,6,0.21
VKXXXXT,6,0.21
XQXXAKX,6,0.21
XQXSXKX,6,0.21
LXVXXXT,6,0.21
LXVXAXX,6,0.21
LXVSXXX,6,0.21
VXXXXKE,6,0.21
XHXXXKT,6,0.21
XAXXAXT,6,0.21
XAXSXXT,6,0.21
IAXXXXT,6,0.21
XHVXXXQ,6,0.21
VXVXXXE,6,0.21
LPXXAXX,6,0.21
LPXSXXX,6,0.21
IXXXXVG,6,0.21
XDXXXKT,6,0.21
XDIXXXT,6,0.21
XGXXAXT,6,0.21
XGXSXXT,6,0.21
XGVXXXT,6,0.21
XDIXXXK,6,0.21
QDXXXKX,6,0.21
QDXXAXX,6,0.21
QDXSXXX,6,0.21
QDIXXXX,6,0.21
XPLXXXT,6,0.21
XXVXATX,6,0.21
XXVSXTX,6,0.21
XEXXATX,6,0.21
XEXSXTX,6,0.21
VEXXXTX,6,0.21
XXGXAYX,6,0.21
XXGSXYX,6,0.21
LXXXAYX,6,0.21
LXXSXYX,6,0.21
LXGXXYX,6,0.21
AXVXXXT,6,0.21
XKIXXXF,6,0.21
XXVXAXL,6,0.21
XXVSXXL,6,0.21
XPIXXRX,6,0.21
XGXXAKX,6,0.21
XGXSXKX,6,0.21
VXXXAXR,6,0.21
VXXSXXR,6,0.21
VXVXXXR,6,0.21
XEXXAXA,6,0.21
XEXSXXA,6,0.21
XXXXAMK,6,0.21
XXXSXMK,6,0.21
XXAXAGX,6,0.21
XXASXGX,6,0.21
XNXXAXS,6,0.21
XNXSXXS,6,0.21
VEXXXXQ,6,0.21
XXTXXKT,6,0.21
XNTXXXT,6,0.21
XNTXXKX,6,0.21
XNTXAXX,6,0.21
XNTSXXX,6,0.21
IPXXXRX,6,0.21
XXXXARN,6,0.21
XXXSXRN,6,0.21
VXXXXRN,6,0.21
AXXXARX,6,0.21
AXXSXRX,6,0.21
IDXXXKX,6,0.21
IDXXAXX,6,0.21
IDXSXXX,6,0.21
XXVXAVX,6,0.21
XXVSXVX,6,0.21
XXHXAXG,6,0.21
XXHSXXG,6,0.21
XGFXAXX,6,0.21
XGFSXXX,6,0.21
XXKSAXX,6,0.21
DXXXAXQ,6,0.21
DXXSXXQ,6,0.21
VXRXXXQ,6,0.21
VXRXAXX,6,0.21
VXRSXXX,6,0.21
VLXXXXQ,6,0.21
VLRXXXX,6,0.21
XPXXAFX,6,0.21
XPXSXFX,6,0.21
YXXXAIX,6,0.21
YXXSXIX,6,0.21
XXXXASD,6,0.21
XXXSXSD,6,0.21
XXAXXSD,6,0.21
XXAXAXD,6,0.21
XXASXXD,6,0.21
XLXXXSD,6,0.21
XLXXAXD,6,0.21
XLXSXXD,6,0.21
XLAXXXD,6,0.21
DXXXAXE,6,0.21
DXXSXXE,6,0.21
XAXXXAK,6,0.21
XAXXAAX,6,0.21
XAXSXAX,6,0.21
XRDXAXX,6,0.21
XRDSXXX,6,0.21
GXXXAXE,6,0.21
GXXSXXE,6,0.21
XPXXAEX,6,0.21
XPXSXEX,6,0.21
XPXXXMT,6,0.21
XPXXXIT,6,0.21
EXXXAXK,6,0.21
EXXSXXK,6,0.21
XQXXXGE,6,0.21
XQLXXXE,6,0.21
EXXXXGE,6,0.21
EXXXAXE,6,0.21
EXXSXXE,6,0.21
EXLXXXE,6,0.21
XXLXXGD,6,0.21
XXXSAXC,5,0.17
IVXXXLX,5,0.17
IVGXXXX,5,0.17
XPMXAXX,5,0.17
XPMSXXX,5,0.17
IXMXAXX,5,0.17
IXMSXXX,5,0.17
IPMXXXX,5,0.17
XXXXAPI,5,0.17
XXXSXPI,5,0.17
XXIXAWX,5,0.17
XXISXWX,5,0.17
XPIXXXE,5,0.17
XPIXXWX,5,0.17
IXIXXXE,5,0.17
IXIXXWX,5,0.17
XIGXAXX,5,0.17
XIGSXXX,5,0.17
XXYXAXP,5,0.17
XXYSXXP,5,0.17
XXYSAXX,5,0.17
XHXXAXP,5,0.17
XHXSXXP,5,0.17
XHYXXXP,5,0.17
XHYXAXX,5,0.17
XHYSXXX,5,0.17
XALXAXX,5,0.17
XALSXXX,5,0.17
XKGXXXL,5,0.17
XKGXXKX,5,0.17
VXGXXKX,5,0.17
XXPXAXT,5,0.17
XXPSXXT,5,0.17
XHPXXXT,5,0.17
XHPXAXX,5,0.17
XHPSXXX,5,0.17
QXXXAIX,5,0.17
QXXSXIX,5,0.17
EXXXXLA,5,0.17
EXXXALX,5,0.17
EXXSXLX,5,0.17
EXFXXXA,5,0.17
EXFXXLX,5,0.17
EPXXXXA,5,0.17
EPXXXLX,5,0.17
EPXXAXX,5,0.17
EPXSXXX,5,0.17
EPFXXXX,5,0.17
XXXXAFK,5,0.17
XXXSXFK,5,0.17
XXEXAXK,5,0.17
XXESXXK,5,0.17
IXGXXKX,5,0.17
ITXXXLX,5,0.17
ITXXAXX,5,0.17
ITXSXXX,5,0.17
ITGXXXX,5,0.17
XVXXXLK,5,0.17
XVXXAXK,5,0.17
XVXSXXK,5,0.17
XVGXXXK,5,0.17
XSXXAXM,5,0.17
XSXSXXM,5,0.17
VAXXXXL,5,0.17
XPGXXLX,5,0.17
VPXXXXL,5,0.17
IXXXXLA,5,0.17
XXGXAXQ,5,0.17
XXGSXXQ,5,0.17
XXGXAFX,5,0.17
XXGSXFX,5,0.17
XYXXXLK,5,0.17
XYGXXXK,5,0.17
XXXSANX,5,0.17
XXXXALS,5,0.17
XXXSXLS,5,0.17
XXGXAXS,5,0.17
XXGSXXS,5,0.17
VKXXXXA,5,0.17
LXIXXKX,5,0.17
XRVXXXT,5,0.17
XQVXAXX,5,0.17
XQVSXXX,5,0.17
XMVXXXT,5,0.17
VYXXAXX,5,0.17
VYXSXXX,5,0.17
IHVXXXX,5,0.17
VPXXXXE,5,0.17
XXXXAIS,5,0.17
XXXSXIS,5,0.17
QDXXXXK,5,0.17
VXLXXKX,5,0.17
XPLXXLX,5,0.17
VXLXXLX,5,0.17
XXXXAKY,5,0.17
XXXSXKY,5,0.17
XXIXXKY,5,0.17
XXIXAXY,5,0.17
XXISXXY,5,0.17
XXXXATK,5,0.17
XXXSXTK,5,0.17
XEXXXTK,5,0.17
XEVXXTX,5,0.17
VXXXXTK,5,0.17
VXVXXTX,5,0.17
XXXXAYG,5,0.17
XXXSXYG,5,0.17
XXGXXYG,5,0.17
XAXXXYG,5,0.17
XAXXAXG,5,0.17
XAXXAYX,5,0.17
XAXSXXG,5,0.17
XAXSXYX,5,0.17
XAGXXXG,5,0.17
XAGXXYX,5,0.17
LXXXXYG,5,0.17
LXGXXXG,5,0.17
LAXXXXG,5,0.17
LAXXXYX,5,0.17
LAXXAXX,5,0.17
LAXSXXX,5,0.17
LAGXXXX,5,0.17
XXIXXRT,5,0.17
IXXXXKA,5,0.17
IXVXXXA,5,0.17
VGXXAXX,5,0.17
VGXSXXX,5,0.17
XPVXXXQ,5,0.17
XPVXXXR,5,0.17
XHVXXXT,5,0.17
CXVXAXX,5,0.17
CXVSXXX,5,0.17
XLXXAXK,5,0.17
XLXSXXK,5,0.17
XGVXXKX,5,0.17
XEXXAIX,5,0.17
XEXSXIX,5,0.17
IXTXXXT,5,0.17
IXTXXKX,5,0.17
INTXXXX,5,0.17
XXVXXRN,5,0.17
XDXXXRN,5,0.17
XDVXXXN,5,0.17
XPXXXKA,5,0.17
XPVXXXA,5,0.17
VXIXXXS,5,0.17
VNXXXXS,5,0.17
XKXXAXE,5,0.17
XKXSXXE,5,0.17
AXXXAXF,5,0.17
AXXSXXF,5,0.17
AXIXXKX,5,0.17
VXVXXVX,5,0.17
SXVXAXX,5,0.17
SXVSXXX,5,0.17
LXXXAIX,5,0.17
LXXSXIX,5,0.17
IXVXXXV,5,0.17
XKLXXXT,5,0.17
CXLXXXT,5,0.17
CXLXAXX,5,0.17
CXLSXXX,5,0.17
CKXXXXT,5,0.17
CKXXAXX,5,0.17
CKXSXXX,5,0.17
CKLXXXX,5,0.17
XXHXXVG,5,0.17
XXHXAVX,5,0.17
XXHSXVX,5,0.17
VXXXXVT,5,0.17
VPXXXVX,5,0.17
XXXXAGA,5,0.17
XXXSXGA,5,0.17
XXXXAET,5,0.17
XXXSXET,5,0.17
DLXXAXX,5,0.17
DLXSXXX,5,0.17
XKXXAGX,5,0.17
XKXSXGX,5,0.17
GXXXAGX,5,0.17
GXXSXGX,5,0.17
XCXSAXX,5,0.17
TXXXATX,5,0.17
TXXSXTX,5,0.17
TLXXAXX,5,0.17
TLXSXXX,5,0.17
VXRXXTX,5,0.17
VLXXXTX,5,0.17
IPXXXFX,5,0.17
AXXXAXQ,5,0.17
AXXSXXQ,5,0.17
XIXXAXK,5,0.17
XIXSXXK,5,0.17
IPXXXIX,5,0.17
SXXXAQX,5,0.17
SXXSXQX,5,0.17
XXXXAVI,5,0.17
XXXSXVI,5,0.17
XXTXXHT,5,0.17
XXTXAHX,5,0.17
XXTSXHX,5,0.17
XPTXXHX,5,0.17
VXTXXHX,5,0.17
RXDXAXX,5,0.17
RXDSXXX,5,0.17
XGXXAXE,5,0.17
XGXSXXE,5,0.17
XPVXXMX,5,0.17
EXXXXMK,5,0.17
YXGXAXX,5,0.17
YXGSXXX,5,0.17
XXDXAYX,5,0.17
XXDSXYX,5,0.17
XRXXAYX,5,0.17
XRXSXYX,5,0.17
XRDXXYX,5,0.17
HXXXAYX,5,0.17
HXXSXYX,5,0.17
HXDXXYX,5,0.17
HXDXAXX,5,0.17
HXDSXXX,5,0.17
HRXXXYX,5,0.17
HRXXAXX,5,0.17
HRXSXXX,5,0.17
HRDXXXX,5,0.17
XEXXXGE,5,0.17
XEXXAXE,5,0.17
XEXSXXE,5,0.17
XELXXXE,5,0.17
EEXXXGX,5,0.17
EELXXXX,5,0.17
XXXXALC,4,0.14
XXXSXLC,4,0.14
XXGXXLC,4,0.14
XXGXAXC,4,0.14
XXGSXXC,4,0.14
XVXXXLC,4,0.14
XVXXAXC,4,0.14
XVXSXXC,4,0.14
XVGXXXC,4,0.14
IXXXXLC,4,0.14
IXXXAXC,4,0.14
IXXSXXC,4,0.14
IXGXXXC,4,0.14
IVXXXXC,4,0.14
XXXXAWE,4,0.14
XXXSXWE,4,0.14
XXIXXWE,4,0.14
XPXXXWE,4,0.14
IXXXXWE,4,0.14
XXGXADX,4,0.14
XXGSXDX,4,0.14
PXXXADX,4,0.14
PXXSXDX,4,0.14
PIXXAXX,4,0.14
PIXSXXX,4,0.14
XXFXAIX,4,0.14
XXFSXIX,4,0.14
XQXXAIX,4,0.14
XQXSXIX,4,0.14
DXFXAXX,4,0.14
DXFSXXX,4,0.14
XXCSAXX,4,0.14
VSXXXXL,4,0.14
VKXXXXL,4,0.14
XXPXXIT,4,0.14
XXPXAIX,4,0.14
XXPSXIX,4,0.14
XHXXXIT,4,0.14
XHXXAIX,4,0.14
XHXSXIX,4,0.14
XHPXXIX,4,0.14
IPTXXXX,4,0.14
XXGXARX,4,0.14
XXGSXRX,4,0.14
XHXXAXL,4,0.14
XHXSXXL,4,0.14
XHGXXXL,4,0.14
XHGXAXX,4,0.14
XHGSXXX,4,0.14
IHXXXXL,4,0.14
IHGXXXX,4,0.14
IRXXXKX,4,0.14
XTXXAXK,4,0.14
XTXSXXK,4,0.14
XQXXXLK,4,0.14
VVXXXXK,4,0.14
VVXXXLX,4,0.14
VVGXXXX,4,0.14
XQXXXLG,4,0.14
XQXXAXG,4,0.14
XQXSXXG,4,0.14
XQGXXXG,4,0.14
IQXXXXG,4,0.14
VSXXXXM,4,0.14
XPXXXLL,4,0.14
XPGXXXL,4,0.14
XXGXXLQ,4,0.14
VXXXXLQ,4,0.14
XPXXAXM,4,0.14
XPXSXXM,4,0.14
IKXXXXL,4,0.14
CDXXAXX,4,0.14
CDXSXXX,4,0.14
IHXXXKX,4,0.14
IXXXAXS,4,0.14
IXXSXXS,4,0.14
XXIXXKL,4,0.14
XXIXAXL,4,0.14
XXISXXL,4,0.14
IKIXXXX,4,0.14
IKXXXXT,4,0.14
XQXXAXT,4,0.14
XQXSXXT,4,0.14
XQVXXXT,4,0.14
XQVXXKX,4,0.14
XXTXAXE,4,0.14
XXTSXXE,4,0.14
XAVXXKX,4,0.14
XAVXAXX,4,0.14
XAVSXXX,4,0.14
XPXXXLT,4,0.14
VYXXXXK,4,0.14
LXXXXRT,4,0.14
LXXXARX,4,0.14
LXXSXRX,4,0.14
LXVXXRX,4,0.14
LPXXXXT,4,0.14
LPXXXRX,4,0.14
LPVXXXX,4,0.14
VDXXXXT,4,0.14
IGXXAXX,4,0.14
IGXSXXX,4,0.14
XXIXAIX,4,0.14
XXISXIX,4,0.14
XPIXXIX,4,0.14
XXVXXTK,4,0.14
XLIXAXX,4,0.14
XLISXXX,4,0.14
XDXXALX,4,0.14
XDXSXLX,4,0.14
XXIXAXN,4,0.14
XXISXXN,4,0.14
AKXXXXT,4,0.14
AKXXXKX,4,0.14
XXVXAXF,4,0.14
XXVSXXF,4,0.14
XKVXXXF,4,0.14
XNXXARX,4,0.14
XNXSXRX,4,0.14
XNIXXXT,4,0.14
XKIXXXT,4,0.14
INVXXXX,4,0.14
VGVXXXX,4,0.14
MXVXAXX,4,0.14
MXVSXXX,4,0.14
XXVXXKL,4,0.14
XPXXXKQ,4,0.14
VGXXXKX,4,0.14
VPXXXXR,4,0.14
XXAXAXE,4,0.14
XXASXXE,4,0.14
XHXXALX,4,0.14
XHXSXLX,4,0.14
IXXXAHX,4,0.14
IXXSXHX,4,0.14
CXVXXXT,4,0.14
CXVXXKX,4,0.14
XEXXARX,4,0.14
XEXSXRX,4,0.14
XGXXXKT,4,0.14
XEIXXXQ,4,0.14
XEXXAXM,4,0.14
XEXSXXM,4,0.14
XXTXARX,4,0.14
XXTSXRX,4,0.14
VQXXXKX,4,0.14
VPXXXXN,4,0.14
XXVXXKE,4,0.14
XPXXXKE,4,0.14
XNXXXKS,4,0.14
XNIXXXS,4,0.14
XXIXXRE,4,0.14
XKXXXRE,4,0.14
XKXXARX,4,0.14
XKXSXRX,4,0.14
XKIXXXE,4,0.14
XKIXXRX,4,0.14
XXIXAXA,4,0.14
XXISXXA,4,0.14
IDIXXXX,4,0.14
XXXXALN,4,0.14
XXXSXLN,4,0.14
XDVXXKX,4,0.14
SEXXAXX,4,0.14
SEXSXXX,4,0.14
XKXXAXS,4,0.14
XKXSXXS,4,0.14
XXRXAIX,4,0.14
XXRSXIX,4,0.14
XEXXAXV,4,0.14
XEXSXXV,4,0.14
IXXXASX,4,0.14
IXXSXSX,4,0.14
XIXXAVX,4,0.14
XIXSXVX,4,0.14
XIHXAXX,4,0.14
XIHSXXX,4,0.14
VIXXAXX,4,0.14
VIXSXXX,4,0.14
XNXXAVX,4,0.14
XNXSXVX,4,0.14
XVXXAXG,4,0.14
XVXXAVX,4,0.14
XVXSXXG,4,0.14
XVXSXVX,4,0.14
XKLXXKX,4,0.14
CXLXXKX,4,0.14
CKXXXKX,4,0.14
XPXXXVT,4,0.14
XPVXXVX,4,0.14
XDXXXRQ,4,0.14
IXXXXIK,4,0.14
AXGXAXX,4,0.14
AXGSXXX,4,0.14
VXXXXIT,4,0.14
XXXXAQT,4,0.14
XXXSXQT,4,0.14
XXVXAQX,4,0.14
XXVSXQX,4,0.14
VXLXXIX,4,0.14
XXAXAXQ,4,0.14
XXASXXQ,4,0.14
XMIXXXT,4,0.14
XMIXXKX,4,0.14
XMIXAXX,4,0.14
XMISXXX,4,0.14
VMIXXXX,4,0.14
ILAXXXX,4,0.14
XXVXAWX,4,0.14
XXVSXWX,4,0.14
XPVXXWX,4,0.14
DXRXAXX,4,0.14
DXRSXXX,4,0.14
XXGXXFK,4,0.14
XCXXXFK,4,0.14
XCXXAXK,4,0.14
XCXXAFX,4,0.14
XCXSXXK,4,0.14
XCXSXFX,4,0.14
XCGXXXK,4,0.14
XCGXXFX,4,0.14
XCGXAXX,4,0.14
XCGSXXX,4,0.14
FXXXAXK,4,0.14
FXXSXXK,4,0.14
FXGXXXK,4,0.14
TXXXXTQ,4,0.14
TXXXAXQ,4,0.14
TXXSXXQ,4,0.14
TXRXXXQ,4,0.14
TXRXXTX,4,0.14
TXRXAXX,4,0.14
TXRSXXX,4,0.14
TLXXXXQ,4,0.14
TLXXXTX,4,0.14
TLRXXXX,4,0.14
XXXXAFE,4,0.14
XXXSXFE,4,0.14
XPXXXFE,4,0.14
IXXXXFE,4,0.14
XXXXAWT,4,0.14
XXXSXWT,4,0.14
XPXXXWT,4,0.14
IXXXAEX,4,0.14
IXXSXEX,4,0.14
XVXXASX,4,0.14
XVXSXSX,4,0.14
DEXXAXX,4,0.14
DEXSXXX,4,0.14
EXXXAXI,4,0.14
EXXSXXI,4,0.14
XAXXAXV,4,0.14
XAXSXXV,4,0.14
EXXXAVX,4,0.14
EXXSXVX,4,0.14
EGXXAXX,4,0.14
EGXSXXX,4,0.14
XXSXXVI,4,0.14
XXSXAXI,4,0.14
XXSXAVX,4,0.14
XXSSXXI,4,0.14
XXSSXVX,4,0.14
XXDXXAK,4,0.14
XXDXAXK,4,0.14
XXDXAAX,4,0.14
XXDSXXK,4,0.14
XXDSXAX,4,0.14
XADXXXK,4,0.14
XADXXAX,4,0.14
XADXAXX,4,0.14
XADSXXX,4,0.14
RXXXXAK,4,0.14
RXXXAXK,4,0.14
RXXXAAX,4,0.14
RXXSXXK,4,0.14
RXXSXAX,4,0.14
RXDXXXK,4,0.14
RXDXXAX,4,0.14
RAXXXXK,4,0.14
RAXXXAX,4,0.14
RAXXAXX,4,0.14
RAXSXXX,4,0.14
RADXXXX,4,0.14
NXAXAXX,4,0.14
NXASXXX,4,0.14
XAXXAGX,4,0.14
XAXSXGX,4,0.14
XXAXAXK,4,0.14
XXAXARX,4,0.14
XXASXXK,4,0.14
XXASXRX,4,0.14
AXAXXRX,4,0.14
AXAXAXX,4,0.14
AXASXXX,4,0.14
XVXXAGX,4,0.14
XVXSXGX,4,0.14
EEXXXXA,4,0.14
XXVXXET,4,0.14
XXVXAEX,4,0.14
XXVSXEX,4,0.14
XPXXXET,4,0.14
XPVXXEX,4,0.14
XXEXAMX,4,0.14
XXESXMX,4,0.14
XIXXAMX,4,0.14
XIXSXMX,4,0.14
XIEXXMX,4,0.14
XIEXAXX,4,0.14
XIESXXX,4,0.14
EXEXXMX,4,0.14
EXEXAXX,4,0.14
EXESXXX,4,0.14
EIXXXMX,4,0.14
EIXXAXX,4,0.14
EIXSXXX,4,0.14
EIEXXXX,4,0.14
XXXXASF,4,0.14
XXXSXSF,4,0.14
SKXXAXX,4,0.14
SKXSXXX,4,0.14
PXXXXGQ,4,0.14
PXXXAXQ,4,0.14
PXXSXXQ,4,0.14
NXXXAGX,4,0.14
NXXSXGX,4,0.14
XXGXXVT,4,0.14
XAXXXVT,4,0.14
XAGXXXT,4,0.14
XAGXXVX,4,0.14
IXXXXVT,4,0.14
IXGXXXT,4,0.14
IXGXXVX,4,0.14
IAXXXVX,4,0.14
PXXXXGE,4,0.14
PXXXAXE,4,0.14
PXXSXXE,4,0.14
PXLXXXE,4,0.14
PQXXXGX,4,0.14
PQXXAXX,4,0.14
PQXSXXX,4,0.14
PQLXXXX,4,0.14
XXXXAYD,4,0.14
XXXSXYD,4,0.14
XXDXXYD,4,0.14
XXDXAXD,4,0.14
XXDSXXD,4,0.14
XRXXXYD,4,0.14
XRXXAXD,4,0.14
XRXSXXD,4,0.14
XRDXXXD,4,0.14
HXXXXYD,4,0.14
HXXXAXD,4,0.14
HXXSXXD,4,0.14
HXDXXXD,4,0.14
HRXXXXD,4,0.14
AXXXXGE,4,0.14
AXXXAGX,4,0.14
AXXSXGX,4,0.14
AXLXXXE,4,0.14
AXLXXGX,4,0.14
AXLXAXX,4,0.14
AXLSXXX,4,0.14
EXXXXGQ,4,0.14
EXLXXXQ,4,0.14
ESXXXXQ,4,0.14
GXXXXGE,4,0.14
GXLXXXE,4,0.14
GXLXXGX,4,0.14
GXLXAXX,4,0.14
GXLSXXX,4,0.14
GEXXXXE,4,0.14
GEXXXGX,4,0.14
GEXXAXX,4,0.14
GEXSXXX,4,0.14
GELXXXX,4,0.14
DXXXXGD,4,0.14
DXXXAXD,4,0.14
DXXSXXD,4,0.14
DAXXAXX,4,0.14
DAXSXXX,4,0.14
XXLXXGA,4,0.14
DXXXXGE,4,0.14
DXLXXXE,4,0.14
YXGXXIX,4,0.14
YFXXXIX,4,0.14
YFXXAXX,4,0.14
YFXSXXX,4,0.14
YFGXXXX,4,0.14
XXMXXLK,3,0.1
XXMXAXK,3,0.1
XXMXALX,3,0.1
XXMSXXK,3,0.1
XXMSXLX,3,0.1
XPMXXXK,3,0.1
XPMXXLX,3,0.1
IXMXXXK,3,0.1
IXMXXLX,3,0.1
LXLXAXX,3,0.1
LXLSXXX,3,0.1
LSXXAXX,3,0.1
LSXSXXX,3,0.1
IXVXXLX,3,0.1
XXXXADT,3,0.1
XXXSXDT,3,0.1
XXGXXDT,3,0.1
XIXXXDT,3,0.1
XIXXAXT,3,0.1
XIXXADX,3,0.1
XIXSXXT,3,0.1
XIXSXDX,3,0.1
XIGXXXT,3,0.1
XIGXXDX,3,0.1
PXXXXDT,3,0.1
PXXXAXT,3,0.1
PXXSXXT,3,0.1
PXGXXXT,3,0.1
PXGXXDX,3,0.1
PXGXAXX,3,0.1
PXGSXXX,3,0.1
PIXXXXT,3,0.1
PIXXXDX,3,0.1
PIGXXXX,3,0.1
DXXXAIX,3,0.1
DXXSXIX,3,0.1
DXFXXIX,3,0.1
DQXXAXX,3,0.1
DQXSXXX,3,0.1
XXXSACX,3,0.1
XAXXAIX,3,0.1
XAXSXIX,3,0.1
IXLXAXX,3,0.1
IXLSXXX,3,0.1
XXXXAVK,3,0.1
XXXSXVK,3,0.1
VXXXXVK,3,0.1
XRXXXLG,3,0.1
XRXXAXG,3,0.1
XRXSXXG,3,0.1
XRGXXXG,3,0.1
IRXXXXG,3,0.1
QXXXXIT,3,0.1
QXPXXXT,3,0.1
QXPXXIX,3,0.1
QXPXAXX,3,0.1
QXPSXXX,3,0.1
QHXXXXT,3,0.1
QHXXXIX,3,0.1
QHXXAXX,3,0.1
QHXSXXX,3,0.1
QHPXXXX,3,0.1
XAEXAXX,3,0.1
XAESXXX,3,0.1
GXEXAXX,3,0.1
GXESXXX,3,0.1
GAXXAXX,3,0.1
GAXSXXX,3,0.1
GAEXXXX,3,0.1
XXXXALR,3,0.1
XXXSXLR,3,0.1
GXXXALX,3,0.1
GXXSXLX,3,0.1
XXXXARL,3,0.1
XXXSXRL,3,0.1
XXGXXRL,3,0.1
XHXXXRL,3,0.1
XHGXXRX,3,0.1
IXXXXRL,3,0.1
IXGXXRX,3,0.1
IHXXXRX,3,0.1
XTXXXLK,3,0.1
XTGXXXK,3,0.1
XQGXXXK,3,0.1
IXXXXLM,3,0.1
IXXXAXM,3,0.1
IXXSXXM,3,0.1
IXGXXXM,3,0.1
XTXXXLL,3,0.1
XTXXAXL,3,0.1
XTXSXXL,3,0.1
XTGXXXL,3,0.1
ITXXXXL,3,0.1
VXXXXLM,3,0.1
VXGXXXM,3,0.1
XKXXAXM,3,0.1
XKXSXXM,3,0.1
VPGXXXX,3,0.1
XRXXAXA,3,0.1
XRXSXXA,3,0.1
VXGXXXQ,3,0.1
XAXXXLA,3,0.1
XAGXXXA,3,0.1
IYXXXXK,3,0.1
IYXXXLX,3,0.1
IYXXAXX,3,0.1
IYXSXXX,3,0.1
IYGXXXX,3,0.1
XRXXAXQ,3,0.1
XRXSXXQ,3,0.1
IXXXXLQ,3,0.1
LXDXAXX,3,0.1
LXDSXXX,3,0.1
XDXXAXV,3,0.1
XDXSXXV,3,0.1
CXXXAPX,3,0.1
CXXSXPX,3,0.1
XXGXAXE,3,0.1
XXGSXXE,3,0.1
XAXXAXE,3,0.1
XAXSXXE,3,0.1
IXXXXKE,3,0.1
IAXXXKX,3,0.1
XAXXXLK,3,0.1
XKIXXXL,3,0.1
IXIXXXL,3,0.1
LXXXXKS,3,0.1
LXXXAXS,3,0.1
LXXSXXS,3,0.1
LXIXXXS,3,0.1
LHXXXKX,3,0.1
LHXXAXX,3,0.1
LHXSXXX,3,0.1
LHIXXXX,3,0.1
IKVXXXX,3,0.1
XQXXXKT,3,0.1
LXXXXKT,3,0.1
VRXXXKX,3,0.1
VRVXXXX,3,0.1
XHIXXXT,3,0.1
XYXXXKK,3,0.1
XYVXXXK,3,0.1
VYXXXKX,3,0.1
VYVXXXX,3,0.1
IXXXXKQ,3,0.1
XXXXAIE,3,0.1
XXXSXIE,3,0.1
XXEXXVG,3,0.1
XXEXAXG,3,0.1
XXEXAVX,3,0.1
XXESXXG,3,0.1
XXESXVX,3,0.1
XLXXXVG,3,0.1
XLXXAVX,3,0.1
XLXSXVX,3,0.1
XLEXXXG,3,0.1
XLEXXVX,3,0.1
XLEXAXX,3,0.1
XLESXXX,3,0.1
IXEXXXG,3,0.1
IXEXXVX,3,0.1
IXEXAXX,3,0.1
IXESXXX,3,0.1
ILXXXXG,3,0.1
ILXXXVX,3,0.1
ILEXXXX,3,0.1
IGXXXXT,3,0.1
IGVXXXX,3,0.1
XXLXXLT,3,0.1
XPIXXXQ,3,0.1
VXXXXKY,3,0.1
VXXXAXY,3,0.1
VXXSXXY,3,0.1
VXIXXXY,3,0.1
XSXXXKT,3,0.1
XSXXAXT,3,0.1
XSXSXXT,3,0.1
XSVXXXT,3,0.1
VSXXXXT,3,0.1
VLIXXXX,3,0.1
XNXXAXK,3,0.1
XNXSXXK,3,0.1
VNXXXXK,3,0.1
XDXXXLT,3,0.1
XDVXXXT,3,0.1
XDVXXLX,3,0.1
VDXXXLX,3,0.1
XXIXXKN,3,0.1
VXIXXXN,3,0.1
AKVXXXX,3,0.1
VGXXXXT,3,0.1
VXVXXXL,3,0.1
XPXXXKM,3,0.1
XPVXXXM,3,0.1
VPXXXXM,3,0.1
XXXXAEV,3,0.1
XXXSXEV,3,0.1
DXXXAXV,3,0.1
DXXSXXV,3,0.1
XEIXXXT,3,0.1
VQXXXXK,3,0.1
XXXSAXH,3,0.1
XHXXXLT,3,0.1
XHVXXLX,3,0.1
IXVXXHX,3,0.1
XEXXXRQ,3,0.1
XEVXXRX,3,0.1
VEXXXRX,3,0.1
XXXXAGV,3,0.1
XXXSXGV,3,0.1
XHXXAXV,3,0.1
XHXXAGX,3,0.1
XHXSXXV,3,0.1
XHXSXGX,3,0.1
VXXXAXV,3,0.1
VXXSXXV,3,0.1
KXXXAKX,3,0.1
KXXSXKX,3,0.1
XGXXAXR,3,0.1
XGXXADX,3,0.1
XGXSXXR,3,0.1
XGXSXDX,3,0.1
XEXXXIK,3,0.1
XEVXXIX,3,0.1
VEXXXIX,3,0.1
QXXXXKQ,3,0.1
QXXXAXQ,3,0.1
QXXSXXQ,3,0.1
QXIXXXQ,3,0.1
QEXXXXQ,3,0.1
XXTXXRE,3,0.1
XPXXXRE,3,0.1
XPTXXXE,3,0.1
XPTXXRX,3,0.1
IXXXXRE,3,0.1
IXTXXXE,3,0.1
IXTXXRX,3,0.1
VQVXXXX,3,0.1
XPVXXXN,3,0.1
QXXXXKT,3,0.1
QXIXXXT,3,0.1
IPXXXXA,3,0.1
XDXXXKS,3,0.1
XDXXAXS,3,0.1
XDXSXXS,3,0.1
AKIXXXX,3,0.1
XPXXAXF,3,0.1
XPXSXXF,3,0.1
XXGXXIK,3,0.1
XXIXXKA,3,0.1
XYXXAXT,3,0.1
XYXSXXT,3,0.1
VXGXXXT,3,0.1
XXGXXLN,3,0.1
XDVXXXK,3,0.1
IXXXXKK,3,0.1
XEXXXKL,3,0.1
XEXXAXL,3,0.1
XEXSXXL,3,0.1
XSXXXKM,3,0.1
XSVXXXM,3,0.1
XXLXXLS,3,0.1
XXLXAXS,3,0.1
XXLSXXS,3,0.1
XPXXXLS,3,0.1
XPLXXXS,3,0.1
VXXXXLS,3,0.1
VXLXXXS,3,0.1
XEXXXLT,3,0.1
XXXXAIG,3,0.1
XXXSXIG,3,0.1
XXRXXIG,3,0.1
XXRXAXG,3,0.1
XXRSXXG,3,0.1
XIRXAXX,3,0.1
XIRSXXX,3,0.1
LXXXXIG,3,0.1
LXRXXXG,3,0.1
LXRXXIX,3,0.1
LXRXAXX,3,0.1
LXRSXXX,3,0.1
LLXXAXX,3,0.1
LLXSXXX,3,0.1
MXXXAXK,3,0.1
MXXSXXK,3,0.1
MPXXAXX,3,0.1
MPXSXXX,3,0.1
MPVXXXX,3,0.1
XEXXXKV,3,0.1
XEVXXXV,3,0.1
IEXXXXV,3,0.1
XXGXAEX,3,0.1
XXGSXEX,3,0.1
VXXXAEX,3,0.1
VXXSXEX,3,0.1
XIXXXVG,3,0.1
XIHXXXG,3,0.1
XIHXXVX,3,0.1
XAIXAXX,3,0.1
XAISXXX,3,0.1
XNXXALX,3,0.1
XNXSXLX,3,0.1
XNVXXLX,3,0.1
VNXXXLX,3,0.1
XHXXXRQ,3,0.1
XHVXXRX,3,0.1
VHXXXRX,3,0.1
QPXXAXX,3,0.1
QPXSXXX,3,0.1
XVHXXXG,3,0.1
XVHXAXX,3,0.1
XVHSXXX,3,0.1
IXHXXXG,3,0.1
IXHXXVX,3,0.1
IXHXAXX,3,0.1
IXHSXXX,3,0.1
HXXXAXT,3,0.1
HXXSXXT,3,0.1
VXXXXRE,3,0.1
VXIXXXE,3,0.1
XEGXAXX,3,0.1
XEGSXXX,3,0.1
IEXXXXK,3,0.1
AXXXAXK,3,0.1
AXXXALX,3,0.1
AXXSXXK,3,0.1
AXXSXLX,3,0.1
AXGXXLX,3,0.1
AXIXXXT,3,0.1
XDVXXXQ,3,0.1
XXVXXIT,3,0.1
IXXXXHT,3,0.1
XXVXAXD,3,0.1
XXVSXXD,3,0.1
XNXXAXQ,3,0.1
XNXSXXQ,3,0.1
ANXXAXX,3,0.1
ANXSXXX,3,0.1
XDXXAXE,3,0.1
XDXSXXE,3,0.1
XNXXXVT,3,0.1
XXXXAYT,3,0.1
XXXSXYT,3,0.1
XPXXXYT,3,0.1
XPXXAYX,3,0.1
XPXSXYX,3,0.1
XFVXAXX,3,0.1
XFVSXXX,3,0.1
AFXXAXX,3,0.1
AFXSXXX,3,0.1
XXAXAKX,3,0.1
XXASXKX,3,0.1
XKAXAXX,3,0.1
XKASXXX,3,0.1
IXAXXKX,3,0.1
XLXXAXE,3,0.1
XLXSXXE,3,0.1
XXIXAXD,3,0.1
XXISXXD,3,0.1
XXXXAMN,3,0.1
XXXSXMN,3,0.1
IXVXXWX,3,0.1
DXXXXTQ,3,0.1
DXXXATX,3,0.1
DXXSXTX,3,0.1
DXRXXXQ,3,0.1
DXRXXTX,3,0.1
DLXXXXQ,3,0.1
DLXXXTX,3,0.1
DLRXXXX,3,0.1
XXIXAGX,3,0.1
XXISXGX,3,0.1
FXXXXFK,3,0.1
FXXXAFX,3,0.1
FXXSXFX,3,0.1
FXGXXFX,3,0.1
FCXXXXK,3,0.1
FCXXXFX,3,0.1
FCXXAXX,3,0.1
FCXSXXX,3,0.1
FCGXXXX,3,0.1
DXXXAXA,3,0.1
DXXXALX,3,0.1
DXXSXXA,3,0.1
DXXSXLX,3,0.1
AXXXXTQ,3,0.1
AXXXATX,3,0.1
AXXSXTX,3,0.1
AXRXXXQ,3,0.1
AXRXXTX,3,0.1
AXRXAXX,3,0.1
AXRSXXX,3,0.1
ALXXXXQ,3,0.1
ALXXXTX,3,0.1
ALXXAXX,3,0.1
ALXSXXX,3,0.1
ALRXXXX,3,0.1
XXVXXWT,3,0.1
IXXXXWT,3,0.1
XGXXAEX,3,0.1
XGXSXEX,3,0.1
DXXXAXT,3,0.1
DXXSXXT,3,0.1
XXVXAFX,3,0.1
XXVSXFX,3,0.1
XPVXXFX,3,0.1
IXVXXIX,3,0.1
XXRXAXI,3,0.1
XXRSXXI,3,0.1
XXFXAXV,3,0.1
XXFSXXV,3,0.1
IKXXXXA,3,0.1
LXXXAVX,3,0.1
LXXSXVX,3,0.1
LKXXAXX,3,0.1
LKXSXXX,3,0.1
XPXXXKY,3,0.1
XPXXAXY,3,0.1
XPXSXXY,3,0.1
XPIXXXY,3,0.1
IXXXXSN,3,0.1
IXAXXXN,3,0.1
IXAXXSX,3,0.1
ILXXXXN,3,0.1
ILXXXSX,3,0.1
XXXXADL,3,0.1
XXXSXDL,3,0.1
EXXXADX,3,0.1
EXXSXDX,3,0.1
EXXXXVI,3,0.1
XAXXXVI,3,0.1
XAXXAXI,3,0.1
XAXSXXI,3,0.1
XASXXXI,3,0.1
XASXXVX,3,0.1
XASXAXX,3,0.1
XASSXXX,3,0.1
XXXXAER,3,0.1
XXXSXER,3,0.1
XXFXAXM,3,0.1
XXFSXXM,3,0.1
EXSXAXX,3,0.1
EXSSXXX,3,0.1
MXXXXSD,3,0.1
MXXXAXD,3,0.1
MXXSXXD,3,0.1
MXAXXXD,3,0.1
MLXXXXD,3,0.1
NXXXASX,3,0.1
NXXSXSX,3,0.1
NXAXXSX,3,0.1
NLXXXSX,3,0.1
NLXXAXX,3,0.1
NLXSXXX,3,0.1
NLAXXXX,3,0.1
XXLXAXL,3,0.1
XXLSXXL,3,0.1
XVLXAXX,3,0.1
XVLSXXX,3,0.1
XXVXAGX,3,0.1
XXVSXGX,3,0.1
RRXXAXX,3,0.1
RRXSXXX,3,0.1
NXXXAXD,3,0.1
NXXSXXD,3,0.1
XXTXAVX,3,0.1
XXTSXVX,3,0.1
XXXXAVP,3,0.1
XXXSXVP,3,0.1
XXYXXVP,3,0.1
XXYXAVX,3,0.1
XXYSXVX,3,0.1
XHXXXVP,3,0.1
XHXXAVX,3,0.1
XHXSXVX,3,0.1
XHYXXVX,3,0.1
DXXXXVP,3,0.1
DXXXAXP,3,0.1
DXXXAVX,3,0.1
DXXSXXP,3,0.1
DXXSXVX,3,0.1
DXYXXXP,3,0.1
DXYXXVX,3,0.1
DXYXAXX,3,0.1
DXYSXXX,3,0.1
DHXXXXP,3,0.1
DHXXXVX,3,0.1
DHXXAXX,3,0.1
DHXSXXX,3,0.1
DHYXXXX,3,0.1
LXXXAXR,3,0.1
LXXSXXR,3,0.1
IXXXXIT,3,0.1
XRXXAXE,3,0.1
XRXSXXE,3,0.1
XXEXXMK,3,0.1
XIXXXMK,3,0.1
XIEXXXK,3,0.1
EXEXXXK,3,0.1
EIXXXXK,3,0.1
PXAXXGX,3,0.1
PXAXAXX,3,0.1
PXASXXX,3,0.1
PEXXXGX,3,0.1
PEXXAXX,3,0.1
PEXSXXX,3,0.1
XXEXXSF,3,0.1
XXEXAXF,3,0.1
XXEXASX,3,0.1
XXESXXF,3,0.1
XXESXSX,3,0.1
XKXXXSF,3,0.1
XKXXASX,3,0.1
XKXSXSX,3,0.1
XKEXXXF,3,0.1
XKEXXSX,3,0.1
XKEXAXX,3,0.1
XKESXXX,3,0.1
AXXXXSF,3,0.1
AXXXASX,3,0.1
AXXSXSX,3,0.1
AXEXXXF,3,0.1
AXEXXSX,3,0.1
AXEXAXX,3,0.1
AXESXXX,3,0.1
AKXXXXF,3,0.1
AKXXXSX,3,0.1
AKEXXXX,3,0.1
NVXXXGX,3,0.1
NVXXAXX,3,0.1
NVXSXXX,3,0.1
PQXXXXE,3,0.1
XGXXXGE,3,0.1
XGXXAGX,3,0.1
XGXSXGX,3,0.1
XGLXXXE,3,0.1
XGLXXGX,3,0.1
XGLXAXX,3,0.1
XGLSXXX,3,0.1
EGXXXXE,3,0.1
EGXXXGX,3,0.1
EGLXXXX,3,0.1
PXLXXXQ,3,0.1
DXLXXXD,3,0.1
DXXXXGQ,3,0.1
DXLXXXQ,3,0.1
DSXXXXQ,3,0.1
KXXXXGE,3,0.1
KXXXAXE,3,0.1
KXXXAGX,3,0.1
KXXSXXE,3,0.1
KXXSXGX,3,0.1
KXLXXXE,3,0.1
KXLXXGX,3,0.1
KXLXAXX,3,0.1
KXLSXXX,3,0.1
XEXXXGA,3,0.1
XELXXXA,3,0.1
EXXXXGA,3,0.1
EXLXXXA,3,0.1
XXXXAGM,3,0.1
XXXSXGM,3,0.1
XXLXXGM,3,0.1
XXLXAXM,3,0.1
XXLSXXM,3,0.1
XEXXXGM,3,0.1
XELXXXM,3,0.1
DSXXXXE,3,0.1
PKXXAXX,3,0.1
PKXSXXX,3,0.1
XFXXAXS,3,0.1
XFXSXXS,3,0.1
XFGXXXS,3,0.1
XWXXAXT,3,0.1
XWXSXXT,3,0.1
XWXSAXX,3,0.1
XWGXXXT,3,0.1
XWGXAXX,3,0.1
XWGSXXX,3,0.1
FWXXXXT,3,0.1
FWXXAXX,3,0.1
FWXSXXX,3,0.1
FWGXXXX,3,0.1
XXXXAVN,3,0.1
XXXSXVN,3,0.1
XXGXXVN,3,0.1
XFXXXVN,3,0.1
XFXXAVX,3,0.1
XFXSXVX,3,0.1
XFGXXVX,3,0.1
FXXXXVN,3,0.1
FXXXAVX,3,0.1
FXXSXVX,3,0.1
FXGXXVX,3,0.1
FFXXXVX,3,0.1
XXXXAQF,3,0.1
XXXSXQF,3,0.1
XXVXXQF,3,0.1
XKXXXQF,3,0.1
XKXXAQX,3,0.1
XKXSXQX,3,0.1
XKVXXQX,3,0.1
SXXXXQF,3,0.1
SXXXAXF,3,0.1
SXXSXXF,3,0.1
SXVXXXF,3,0.1
SXVXXQX,3,0.1
SKXXXXF,3,0.1
SKXXXQX,3,0.1
SKVXXXX,3,0.1
XXLXAXI,2,0.07
XXLSXXI,2,0.07
XXFXAXI,2,0.07
XXFSXXI,2,0.07
DXXXAXI,2,0.07
DXXSXXI,2,0.07
XVXXATX,2,0.07
XVXSXTX,2,0.07
XXXXACP,2,0.07
XXXSXCP,2,0.07
XXYXXCP,2,0.07
XXYXACX,2,0.07
XXYSXCX,2,0.07
XHXXXCP,2,0.07
XHXXACX,2,0.07
XHXSXCX,2,0.07
XHYXXCX,2,0.07
SXXXXCP,2,0.07
SXXXAXP,2,0.07
SXXXACX,2,0.07
SXXSXXP,2,0.07
SXXSXCX,2,0.07
SXYXXXP,2,0.07
SXYXXCX,2,0.07
SXYXAXX,2,0.07
SXYSXXX,2,0.07
SHXXXXP,2,0.07
SHXXXCX,2,0.07
SHXXAXX,2,0.07
SHXSXXX,2,0.07
SHYXXXX,2,0.07
IXXXAXD,2,0.07
IXXSXXD,2,0.07
XXGXXVK,2,0.07
XRXXXVK,2,0.07
XRXXAVX,2,0.07
XRXSXVX,2,0.07
XRGXXVX,2,0.07
VXGXXVX,2,0.07
VRXXXVX,2,0.07
IPXXXXN,2,0.07
XAEXXXK,2,0.07
GXXXAXK,2,0.07
GXXSXXK,2,0.07
GXEXXXK,2,0.07
GAXXXXK,2,0.07
XAXXAXR,2,0.07
XAXSXXR,2,0.07
XRXXXKL,2,0.07
XRXXAXL,2,0.07
XRXSXXL,2,0.07
XRGXXXL,2,0.07
XRGXXKX,2,0.07
IRXXXXL,2,0.07
ITXXXXK,2,0.07
IQXXXXK,2,0.07
XSXXXLM,2,0.07
XSGXXXM,2,0.07
TXXXALX,2,0.07
TXXSXLX,2,0.07
TXGXXLX,2,0.07
TXGXAXX,2,0.07
TXGSXXX,2,0.07
TKXXAXX,2,0.07
TKXSXXX,2,0.07
XRGXXXA,2,0.07
IRXXXXA,2,0.07
XAXXXLQ,2,0.07
XAXXAXQ,2,0.07
XAXSXXQ,2,0.07
XAGXXXQ,2,0.07
VAXXXXQ,2,0.07
IPGXXXX,2,0.07
XKXXAXG,2,0.07
XKXXATX,2,0.07
XKXSXXG,2,0.07
XKXSXTX,2,0.07
XKGXXXG,2,0.07
IXXXATX,2,0.07
IXXSXTX,2,0.07
IKXXXXG,2,0.07
XMXXALX,2,0.07
XMXSXLX,2,0.07
XMGXXLX,2,0.07
XMGXAXX,2,0.07
XMGSXXX,2,0.07
VAXXXXA,2,0.07
XRXXXLQ,2,0.07
XRGXXXQ,2,0.07
IXGXXXQ,2,0.07
IRXXXXQ,2,0.07
XDXXAPX,2,0.07
XDXSXPX,2,0.07
XDDXAXX,2,0.07
XDDSXXX,2,0.07
CDXXXPX,2,0.07
XVXXAXI,2,0.07
XVXXAPX,2,0.07
XVXSXXI,2,0.07
XVXSXPX,2,0.07
CXXXXPI,2,0.07
CXXXAXI,2,0.07
CXXSXXI,2,0.07
XAXXXLM,2,0.07
XAXXAXM,2,0.07
XAXSXXM,2,0.07
XAGXXXM,2,0.07
VAXXXXM,2,0.07
IAXXXXL,2,0.07
XXGXXLS,2,0.07
XRXXAXS,2,0.07
XRXSXXS,2,0.07
LXXXALX,2,0.07
LXXSXLX,2,0.07
LXGXXLX,2,0.07
VAXXXXK,2,0.07
XMXXAXS,2,0.07
XMXSXXS,2,0.07
XMVXXXS,2,0.07
XHIXXXS,2,0.07
LHXXXXS,2,0.07
IRXXXXT,2,0.07
IRVXXXX,2,0.07
LXVXXKX,2,0.07
LQXXXXT,2,0.07
LQXXXKX,2,0.07
LQXXAXX,2,0.07
LQXSXXX,2,0.07
LQVXXXX,2,0.07
VRXXXXT,2,0.07
XFXXAKX,2,0.07
XFXSXKX,2,0.07
VXTXXKX,2,0.07
XAXXXKT,2,0.07
XAVXXXT,2,0.07
IAVXXXX,2,0.07
XXXXAHS,2,0.07
XXXSXHS,2,0.07
XXVXXHS,2,0.07
AXXXAXS,2,0.07
AXXSXXS,2,0.07
AXVXXXS,2,0.07
IXVXXXQ,2,0.07
IHXXXXQ,2,0.07
XGXXAXS,2,0.07
XGXSXXS,2,0.07
XGVXXXS,2,0.07
QXXXXIS,2,0.07
QXXXAXS,2,0.07
QXXSXXS,2,0.07
XGXXXRT,2,0.07
XGXXARX,2,0.07
XGXSXRX,2,0.07
XGVXXRX,2,0.07
IXXXXRT,2,0.07
XXXXAIQ,2,0.07
XXXSXIQ,2,0.07
XPXXXIQ,2,0.07
VXXXXIQ,2,0.07
VXIXXIX,2,0.07
XLIXXKX,2,0.07
XNVXXXK,2,0.07
XDXXXKN,2,0.07
XNXXXRT,2,0.07
VNXXXRX,2,0.07
MXXXAKX,2,0.07
MXXSXKX,2,0.07
MXVXXKX,2,0.07
XPXXXKL,2,0.07
XPVXXXL,2,0.07
XVXXAEX,2,0.07
XVXSXEX,2,0.07
XVQXAXX,2,0.07
XVQSXXX,2,0.07
DVXXAXX,2,0.07
DVXSXXX,2,0.07
AEXXAXX,2,0.07
AEXSXXX,2,0.07
XPXXXKS,2,0.07
XPIXXXS,2,0.07
XXVXXLR,2,0.07
XPXXXLR,2,0.07
VXXXXLR,2,0.07
XPVXXXS,2,0.07
XEXXXKA,2,0.07
XEVXXXA,2,0.07
XQIXAXX,2,0.07
XQISXXX,2,0.07
VQIXXXX,2,0.07
XXIXAMX,2,0.07
XXISXMX,2,0.07
XPIXXMX,2,0.07
VXIXXMX,2,0.07
LXXXAGX,2,0.07
LXXSXGX,2,0.07
LXAXAXX,2,0.07
LXASXXX,2,0.07
XPXXAXH,2,0.07
XPXSXXH,2,0.07
VHXXXLX,2,0.07
XNVXXXS,2,0.07
IXVXXXS,2,0.07
XLXXXLK,2,0.07
XLXXALX,2,0.07
XLXSXLX,2,0.07
XLIXXXK,2,0.07
XLIXXLX,2,0.07
VLXXXXK,2,0.07
VLXXXLX,2,0.07
XXSXXGV,2,0.07
XXSXAXV,2,0.07
XXSXAGX,2,0.07
XXSSXXV,2,0.07
XXSSXGX,2,0.07
XHXXXGV,2,0.07
XHSXXXV,2,0.07
XHSXXGX,2,0.07
XHSXAXX,2,0.07
XHSSXXX,2,0.07
VXXXXGV,2,0.07
VXXXAGX,2,0.07
VXXSXGX,2,0.07
VXSXXXV,2,0.07
VXSXXGX,2,0.07
VXSXAXX,2,0.07
VXSSXXX,2,0.07
VHXXXXV,2,0.07
VHXXXGX,2,0.07
VHSXXXX,2,0.07
XXNSAXX,2,0.07
XENXAXX,2,0.07
XENSXXX,2,0.07
XXXXADR,2,0.07
XXXSXDR,2,0.07
XXDXXDR,2,0.07
XXDXAXR,2,0.07
XXDXADX,2,0.07
XXDSXXR,2,0.07
XXDSXDX,2,0.07
DXXXAXR,2,0.07
DXXSXXR,2,0.07
EXXXAKX,2,0.07
EXXSXKX,2,0.07
EXVXXKX,2,0.07
EEXXXKX,2,0.07
EEVXXXX,2,0.07
XQXXXKQ,2,0.07
XQXXAXQ,2,0.07
XQXSXXQ,2,0.07
VQXXXXQ,2,0.07
XPXXXKN,2,0.07
XXVXXIN,2,0.07
VXXXXIN,2,0.07
XDIXXXS,2,0.07
CXXXXKS,2,0.07
CXXXAXS,2,0.07
CXXSXXS,2,0.07
CXIXXXS,2,0.07
CXIXXKX,2,0.07
CXIXAXX,2,0.07
CXISXXX,2,0.07
CDXXXXS,2,0.07
CDXXXKX,2,0.07
CDIXXXX,2,0.07
AXXXXRE,2,0.07
AXIXXXE,2,0.07
AXIXXRX,2,0.07
AKXXXXE,2,0.07
AKXXXRX,2,0.07
XPXXXKF,2,0.07
XPIXXXF,2,0.07
AXXXXKF,2,0.07
AXIXXXF,2,0.07
APXXXXF,2,0.07
APXXXKX,2,0.07
APXXAXX,2,0.07
APXSXXX,2,0.07
APIXXXX,2,0.07
VQXXXXT,2,0.07
XQXXXIK,2,0.07
XQGXXIX,2,0.07
VQXXXIX,2,0.07
VQGXXXX,2,0.07
VYXXXLX,2,0.07
VYGXXXX,2,0.07
XXIXXKV,2,0.07
XXIXAXV,2,0.07
XXISXXV,2,0.07
XDXXXKV,2,0.07
XDIXXXV,2,0.07
IXIXXXV,2,0.07
IDXXXXV,2,0.07
VSXXXXQ,2,0.07
IDXXXXK,2,0.07
IDVXXXX,2,0.07
IGXXXKX,2,0.07
XXXXAIR,2,0.07
XXXSXIR,2,0.07
XXVXXIR,2,0.07
XPXXXIR,2,0.07
VXXXXIR,2,0.07
VEXXXXL,2,0.07
XLFXAXX,2,0.07
XLFSXXX,2,0.07
SXXXAKX,2,0.07
SXXSXKX,2,0.07
SXVXXKX,2,0.07
XKXXXKS,2,0.07
XKVXXXS,2,0.07
XXIXXLQ,2,0.07
XSIXAXX,2,0.07
XSISXXX,2,0.07
IDXXXXT,2,0.07
XIXXXIG,2,0.07
XIXXAIX,2,0.07
XIXSXIX,2,0.07
XIRXXXG,2,0.07
XIRXXIX,2,0.07
LIXXXXG,2,0.07
LIXXXIX,2,0.07
LIXXAXX,2,0.07
LIXSXXX,2,0.07
LIRXXXX,2,0.07
XEVXXXL,2,0.07
MXVXXXK,2,0.07
MPXXXXK,2,0.07
XELXXXT,2,0.07
XELXXKX,2,0.07
VELXXXX,2,0.07
XXXXASQ,2,0.07
XXXSXSQ,2,0.07
XXIXASX,2,0.07
XXISXSX,2,0.07
IXIXXXQ,2,0.07
IPXXXXQ,2,0.07
XXXXAEA,2,0.07
XXXSXEA,2,0.07
XSXXAXA,2,0.07
XSXSXXA,2,0.07
XKXXXLT,2,0.07
CXXXALX,2,0.07
CXXSXLX,2,0.07
AXXXAVX,2,0.07
AXXSXVX,2,0.07
XAIXXXK,2,0.07
XAIXXLX,2,0.07
IAXXXXK,2,0.07
IAIXXXX,2,0.07
XNXXXLT,2,0.07
CEXXAXX,2,0.07
CEXSXXX,2,0.07
VXHXXXG,2,0.07
VXHXAXX,2,0.07
VXHSXXX,2,0.07
VIXXXXG,2,0.07
VNXXXVX,2,0.07
QPXXXXT,2,0.07
QPXXXKX,2,0.07
QPIXXXX,2,0.07
XYXXXKT,2,0.07
XYVXXXT,2,0.07
VPXXXXA,2,0.07
XXTXAXQ,2,0.07
XXTSXXQ,2,0.07
AYXXAXX,2,0.07
AYXSXXX,2,0.07
XVXXXVG,2,0.07
XVHXXVX,2,0.07
IVXXXXG,2,0.07
IVXXXVX,2,0.07
IVHXXXX,2,0.07
HXXXXKT,2,0.07
HXXXAKX,2,0.07
HXXSXKX,2,0.07
HXIXXXT,2,0.07
HXIXXKX,2,0.07
HXIXAXX,2,0.07
HXISXXX,2,0.07
HDXXXXT,2,0.07
HDXXXKX,2,0.07
HDXXAXX,2,0.07
HDXSXXX,2,0.07
HDIXXXX,2,0.07
XPIXXXN,2,0.07
VKXXXXE,2,0.07
VKXXXRX,2,0.07
XXVXXVT,2,0.07
XXIXXRQ,2,0.07
XDIXXRX,2,0.07
XEGXXXK,2,0.07
XEGXXIX,2,0.07
IXGXXIX,2,0.07
IEXXXIX,2,0.07
IEGXXXX,2,0.07
XKXXXKM,2,0.07
XKVXXXM,2,0.07
VKXXXXM,2,0.07
XRIXXXT,2,0.07
XRIXXKX,2,0.07
XRIXAXX,2,0.07
XRISXXX,2,0.07
ARXXXXT,2,0.07
ARXXXKX,2,0.07
ARXXAXX,2,0.07
ARXSXXX,2,0.07
ARIXXXX,2,0.07
TXXXAKX,2,0.07
TXXSXKX,2,0.07
TXVXXKX,2,0.07
TXVXAXX,2,0.07
TXVSXXX,2,0.07
XXAXAXG,2,0.07
XXASXXG,2,0.07
SXAXAXX,2,0.07
SXASXXX,2,0.07
XEXXXHT,2,0.07
XEXXAHX,2,0.07
XEXSXHX,2,0.07
XEVXXHX,2,0.07
IEXXXXT,2,0.07
VDXXXXK,2,0.07
XEIXXLX,2,0.07
XIXXARX,2,0.07
XIXSXRX,2,0.07
EXXXAXS,2,0.07
EXXSXXS,2,0.07
EXVXXXS,2,0.07
IPXXXHX,2,0.07
QXXXAXA,2,0.07
QXXSXXA,2,0.07
VAXXXKX,2,0.07
VAVXXXX,2,0.07
IPLXXXX,2,0.07
VDXXXXE,2,0.07
XXLXXIK,2,0.07
XXLXAXK,2,0.07
XXLSXXK,2,0.07
VXLXXXK,2,0.07
XXCXAXT,2,0.07
XXCSXXT,2,0.07
XPXXAXV,2,0.07
XPXSXXV,2,0.07
IPXXXXV,2,0.07
XXXXAKR,2,0.07
XXXSXKR,2,0.07
XXVXXKR,2,0.07
XEXXAXR,2,0.07
XEXSXXR,2,0.07
VXXXXKR,2,0.07
XXVXXYT,2,0.07
XXVXAYX,2,0.07
XXVSXYX,2,0.07
XPVXXYX,2,0.07
XVRXAXX,2,0.07
XVRSXXX,2,0.07
LVXXAXX,2,0.07
LVXSXXX,2,0.07
KXXXAXT,2,0.07
KXXSXXT,2,0.07
XXAXXKE,2,0.07
IXAXXXE,2,0.07
XPAXAXX,2,0.07
XPASXXX,2,0.07
XLAXXXE,2,0.07
IXIXXRX,2,0.07
XXXXAVA,2,0.07
XXXSXVA,2,0.07
XALXXXA,2,0.07
CGXXAXX,2,0.07
CGXSXXX,2,0.07
XXXXADG,2,0.07
XXXSXDG,2,0.07
XXKXAXG,2,0.07
XXKSXXG,2,0.07
XTKXAXX,2,0.07
XTKSXXX,2,0.07
XVXXAXT,2,0.07
XVXSXXT,2,0.07
XVTXAXX,2,0.07
XVTSXXX,2,0.07
XXXXAGS,2,0.07
XXXSXGS,2,0.07
XXRXASX,2,0.07
XXRSXSX,2,0.07
VXXXASX,2,0.07
VXXSXSX,2,0.07
XXXXALY,2,0.07
XXXSXLY,2,0.07
XXGXXLY,2,0.07
XXGXAXY,2,0.07
XXGSXXY,2,0.07
XFXXXLY,2,0.07
XFXXAXY,2,0.07
XFXSXXY,2,0.07
XFGXXXY,2,0.07
AXXXXLY,2,0.07
AXXXAXY,2,0.07
AXXSXXY,2,0.07
AXGXXXY,2,0.07
AFXXXXY,2,0.07
AFXXXLX,2,0.07
AFGXXXX,2,0.07
XDXXAXI,2,0.07
XDXSXXI,2,0.07
XXKXAEX,2,0.07
XXKSXEX,2,0.07
IXKXXEX,2,0.07
IXKXAXX,2,0.07
IXKSXXX,2,0.07
DXXXASX,2,0.07
DXXSXSX,2,0.07
XXEXXQT,2,0.07
XXEXAXT,2,0.07
XXEXAQX,2,0.07
XXESXXT,2,0.07
XXESXQX,2,0.07
XEXXXQT,2,0.07
XEXXAQX,2,0.07
XEXSXQX,2,0.07
XEEXXXT,2,0.07
XEEXXQX,2,0.07
XEEXAXX,2,0.07
XEESXXX,2,0.07
DXXXXQT,2,0.07
DXXXAQX,2,0.07
DXXSXQX,2,0.07
DXEXXXT,2,0.07
DXEXXQX,2,0.07
DXEXAXX,2,0.07
DXESXXX,2,0.07
DEXXXXT,2,0.07
DEXXXQX,2,0.07
DEEXXXX,2,0.07
XIXXXLK,2,0.07
XIXXALX,2,0.07
XIXSXLX,2,0.07
XIGXXXK,2,0.07
XIGXXLX,2,0.07
VIXXXXK,2,0.07
VIXXXLX,2,0.07
VIGXXXX,2,0.07
XXXXAVR,2,0.07
XXXSXVR,2,0.07
XXVXXFE,2,0.07
IXVXXXE,2,0.07
IXVXXFX,2,0.07
IAXXXXA,2,0.07
XXFXAEX,2,0.07
XXFSXEX,2,0.07
XGFXXEX,2,0.07
SXXXXEV,2,0.07
SXXXAXV,2,0.07
SXXXAEX,2,0.07
SXXSXXV,2,0.07
SXXSXEX,2,0.07
YXPXAXX,2,0.07
YXPSXXX,2,0.07
XPXXXIS,2,0.07
XLXXAIX,2,0.07
XLXSXIX,2,0.07
YXXXAXE,2,0.07
YXXSXXE,2,0.07
XXDXXVT,2,0.07
XXDXAXT,2,0.07
XXDXAVX,2,0.07
XXDSXXT,2,0.07
XXDSXVX,2,0.07
XNDXXXT,2,0.07
XNDXXVX,2,0.07
XNDXAXX,2,0.07
XNDSXXX,2,0.07
LXXXXVT,2,0.07
LXDXXXT,2,0.07
LXDXXVX,2,0.07
LNXXXXT,2,0.07
LNXXXVX,2,0.07
LNXXAXX,2,0.07
LNXSXXX,2,0.07
LNDXXXX,2,0.07
VPXXXXY,2,0.07
XXAXAXV,2,0.07
XXAXAVX,2,0.07
XXASXXV,2,0.07
XXASXVX,2,0.07
XAAXAXX,2,0.07
XAASXXX,2,0.07
EXAXAXX,2,0.07
EXASXXX,2,0.07
EAXXXVX,2,0.07
EAXXAXX,2,0.07
EAXSXXX,2,0.07
XXVXXDL,2,0.07
XXVXADX,2,0.07
XXVSXDX,2,0.07
XFXXXDL,2,0.07
XFXXAXL,2,0.07
XFXXADX,2,0.07
XFXSXXL,2,0.07
XFXSXDX,2,0.07
XFVXXXL,2,0.07
XFVXXDX,2,0.07
EXXXXDL,2,0.07
EXXXAXL,2,0.07
EXXSXXL,2,0.07
EXVXXXL,2,0.07
EXVXXDX,2,0.07
EFXXXXL,2,0.07
EFXXXDX,2,0.07
EFXXAXX,2,0.07
EFXSXXX,2,0.07
EFVXXXX,2,0.07
XXFXAVX,2,0.07
XXFSXVX,2,0.07
XGXXAVX,2,0.07
XGXSXVX,2,0.07
AAXXAXX,2,0.07
AAXSXXX,2,0.07
DXAXAXX,2,0.07
DXASXXX,2,0.07
XXIXAQX,2,0.07
XXISXQX,2,0.07
XPXXAQX,2,0.07
XPXSXQX,2,0.07
VXXXAQX,2,0.07
VXXSXQX,2,0.07
VPXXXQX,2,0.07
RXFXAXX,2,0.07
RXFSXXX,2,0.07
XXFXADX,2,0.07
XXFSXDX,2,0.07
XGFXXDX,2,0.07
AXXXADX,2,0.07
AXXSXDX,2,0.07
XVSXAXX,2,0.07
XVSSXXX,2,0.07
EXSXXXI,2,0.07
EXSXXVX,2,0.07
EVXXAXX,2,0.07
EVXSXXX,2,0.07
NXXXXSN,2,0.07
NXXXAXN,2,0.07
NXXSXXN,2,0.07
NXAXXXN,2,0.07
NLXXXXN,2,0.07
XAXXXGE,2,0.07
XXXXASL,2,0.07
XXXSXSL,2,0.07
XXLXXSL,2,0.07
XXLXASX,2,0.07
XXLSXSX,2,0.07
XVXXXSL,2,0.07
XVXXAXL,2,0.07
XVXSXXL,2,0.07
XVLXXXL,2,0.07
XVLXXSX,2,0.07
XXXXARK,2,0.07
XXXSXRK,2,0.07
XXAXXRK,2,0.07
XDXXXRK,2,0.07
XDAXXXK,2,0.07
XDAXXRX,2,0.07
XDAXAXX,2,0.07
XDASXXX,2,0.07
AXXXXRK,2,0.07
AXAXXXK,2,0.07
ADXXXXK,2,0.07
ADXXXRX,2,0.07
ADXXAXX,2,0.07
ADXSXXX,2,0.07
ADAXXXX,2,0.07
XDLXAXX,2,0.07
XDLSXXX,2,0.07
NAXXAXX,2,0.07
NAXSXXX,2,0.07
LXXXASX,2,0.07
LXXSXSX,2,0.07
XVVXXGX,2,0.07
XVVXAXX,2,0.07
XVVSXXX,2,0.07
XXIXAXM,2,0.07
XXISXXM,2,0.07
XIXXAXM,2,0.07
XIXSXXM,2,0.07
QXXXAXM,2,0.07
QXXSXXM,2,0.07
XIXXAKX,2,0.07
XIXSXKX,2,0.07
SXXXADX,2,0.07
SXXSXDX,2,0.07
XVIXAXX,2,0.07
XVISXXX,2,0.07
EMXXAXX,2,0.07
EMXSXXX,2,0.07
XXXXALE,2,0.07
XXXSXLE,2,0.07
XXWXXLE,2,0.07
XXWXAXE,2,0.07
XXWXALX,2,0.07
XXWSXXE,2,0.07
XXWSXLX,2,0.07
XXWSAXX,2,0.07
XGXXXLE,2,0.07
XGXXALX,2,0.07
XGXSXLX,2,0.07
XGWXXXE,2,0.07
XGWXXLX,2,0.07
XGWXAXX,2,0.07
XGWSXXX,2,0.07
GXXXXLE,2,0.07
GXWXXXE,2,0.07
GXWXXLX,2,0.07
GXWXAXX,2,0.07
GXWSXXX,2,0.07
GGXXXXE,2,0.07
GGXXXLX,2,0.07
GGXXAXX,2,0.07
GGXSXXX,2,0.07
GGWXXXX,2,0.07
XXXXAIA,2,0.07
XXXSXIA,2,0.07
XXLXXIA,2,0.07
XKXXXIA,2,0.07
XKXXAIX,2,0.07
XKXSXIX,2,0.07
XKLXXXA,2,0.07
XKLXXIX,2,0.07
LXXXXIA,2,0.07
LXXXAXA,2,0.07
LXXSXXA,2,0.07
LXLXXXA,2,0.07
LXLXXIX,2,0.07
LKXXXXA,2,0.07
LKXXXIX,2,0.07
LKLXXXX,2,0.07
TXQXAXX,2,0.07
TXQSXXX,2,0.07
EKXXAXX,2,0.07
EKXSXXX,2,0.07
XXGXAAX,2,0.07
XXGSXAX,2,0.07
DDXXAXX,2,0.07
DDXSXXX,2,0.07
XXGXXER,2,0.07
XXGXAXR,2,0.07
XXGSXXR,2,0.07
XPXXXER,2,0.07
XPGXXXR,2,0.07
XPGXXEX,2,0.07
LXXXXER,2,0.07
LXXXAEX,2,0.07
LXXSXEX,2,0.07
LXGXXXR,2,0.07
LXGXXEX,2,0.07
LPXXXXR,2,0.07
LPXXXEX,2,0.07
LPGXXXX,2,0.07
VXXXXET,2,0.07
VXVXXEX,2,0.07
VPXXXEX,2,0.07
AQXXXXE,2,0.07
AQXXAXX,2,0.07
AQXSXXX,2,0.07
XXEXXRE,2,0.07
XXEXAXE,2,0.07
XXEXARX,2,0.07
XXESXXE,2,0.07
XXESXRX,2,0.07
XRXXXRE,2,0.07
XRXXARX,2,0.07
XRXSXRX,2,0.07
XREXXXE,2,0.07
XREXXRX,2,0.07
XREXAXX,2,0.07
XRESXXX,2,0.07
RXXXXRE,2,0.07
RXXXAXE,2,0.07
RXXXARX,2,0.07
RXXSXXE,2,0.07
RXXSXRX,2,0.07
RXEXXXE,2,0.07
RXEXXRX,2,0.07
RXEXAXX,2,0.07
RXESXXX,2,0.07
RRXXXXE,2,0.07
RRXXXRX,2,0.07
RREXXXX,2,0.07
XXLXXIT,2,0.07
XPLXXIX,2,0.07
XXRXAXV,2,0.07
XXRSXXV,2,0.07
KIXXAXX,2,0.07
KIXSXXX,2,0.07
IXXXXET,2,0.07
IXVXXEX,2,0.07
IPXXXEX,2,0.07
XXIXXIT,2,0.07
IXIXXIX,2,0.07
XXAXXRQ,2,0.07
XNXXXRQ,2,0.07
XNAXXXQ,2,0.07
XNAXXRX,2,0.07
XNAXAXX,2,0.07
XNASXXX,2,0.07
AXXXXRQ,2,0.07
AXAXXXQ,2,0.07
ANXXXXQ,2,0.07
ANXXXRX,2,0.07
ANAXXXX,2,0.07
DXIXAXX,2,0.07
DXISXXX,2,0.07
DKXXAXX,2,0.07
DKXSXXX,2,0.07
XEAXAXX,2,0.07
XEASXXX,2,0.07
TXXXAXE,2,0.07
TXXSXXE,2,0.07
XXXXAGY,2,0.07
XXXSXGY,2,0.07
NXLXXGX,2,0.07
NXLXAXX,2,0.07
NXLSXXX,2,0.07
DXLXXLX,2,0.07
XXRXXPI,2,0.07
XXRXAPX,2,0.07
XXRSXPX,2,0.07
XKXXXPI,2,0.07
XKXXAXI,2,0.07
XKXXAPX,2,0.07
XKXSXXI,2,0.07
XKXSXPX,2,0.07
XKRXXXI,2,0.07
XKRXXPX,2,0.07
XKRXAXX,2,0.07
XKRSXXX,2,0.07
IXXXXPI,2,0.07
IXXXAXI,2,0.07
IXXXAPX,2,0.07
IXXSXXI,2,0.07
IXXSXPX,2,0.07
IXRXXXI,2,0.07
IXRXXPX,2,0.07
IXRXAXX,2,0.07
IXRSXXX,2,0.07
IKXXXXI,2,0.07
IKXXXPX,2,0.07
IKRXXXX,2,0.07
XXVXXMK,2,0.07
XLXXXMK,2,0.07
XLXXAMX,2,0.07
XLXSXMX,2,0.07
XLVXXXK,2,0.07
XLVXXMX,2,0.07
EXVXXXK,2,0.07
EXVXXMX,2,0.07
ELXXXXK,2,0.07
ELXXXMX,2,0.07
ELXXAXX,2,0.07
ELXSXXX,2,0.07
ELVXXXX,2,0.07
XEXXXGD,2,0.07
XEXXAXD,2,0.07
XEXSXXD,2,0.07
XEXXXGQ,2,0.07
XELXXXQ,2,0.07
PEXXXXQ,2,0.07
PELXXXX,2,0.07
XMLXAXX,2,0.07
XMLSXXX,2,0.07
XQXXXGD,2,0.07
XQXXAXD,2,0.07
XQXSXXD,2,0.07
XQLXXXD,2,0.07
DQXXXGX,2,0.07
DQLXXXX,2,0.07
XTXXXGE,2,0.07
XTXXAXE,2,0.07
XTXXAGX,2,0.07
XTXSXXE,2,0.07
XTXSXGX,2,0.07
XTLXXXE,2,0.07
XTLXXGX,2,0.07
XTLXAXX,2,0.07
XTLSXXX,2,0.07
KTXXXXE,2,0.07
KTXXXGX,2,0.07
KTXXAXX,2,0.07
KTXSXXX,2,0.07
KTLXXXX,2,0.07
XXXXAIV,2,0.07
XXXSXIV,2,0.07
XXFXXIV,2,0.07
XAXXXIV,2,0.07
XAFXXXV,2,0.07
XAFXXIX,2,0.07
XAFXAXX,2,0.07
XAFSXXX,2,0.07
DXXXXIV,2,0.07
DXFXXXV,2,0.07
DAXXXXV,2,0.07
DAXXXIX,2,0.07
DAFXXXX,2,0.07
LXXXAXN,2,0.07
LXXSXXN,2,0.07
XXIXXGD,2,0.07
DEXXXGX,2,0.07
XVXXXGD,2,0.07
XVXXAXD,2,0.07
XVXSXXD,2,0.07
NXXXXGD,2,0.07
NVXXXXD,2,0.07
ESXXXXE,2,0.07
XALXXGX,2,0.07
DALXXXX,2,0.07
XXXXAGL,2,0.07
XXXSXGL,2,0.07
XXAXXGL,2,0.07
XXAXAXL,2,0.07
XXASXXL,2,0.07
XKXXXGL,2,0.07
XKAXXXL,2,0.07
XKAXXGX,2,0.07
PXXXXGL,2,0.07
PXXXAXL,2,0.07
PXXSXXL,2,0.07
PXAXXXL,2,0.07
PKXXXXL,2,0.07
PKXXXGX,2,0.07
PKAXXXX,2,0.07
XSXXXGD,2,0.07
XSXXAXD,2,0.07
XSXSXXD,2,0.07
XSLXXXD,2,0.07
ASXXXXE,2,0.07
ASXXXGX,2,0.07
ASXXAXX,2,0.07
ASXSXXX,2,0.07
ASLXXXX,2,0.07
XFXXXLG,2,0.07
XFXXAXG,2,0.07
XFXSXXG,2,0.07
XFGXXXG,2,0.07
FXXXXLG,2,0.07
FXXXAXG,2,0.07
FXXSXXG,2,0.07
FXGXXXG,2,0.07
FFXXXXG,2,0.07
XXGXXIS,2,0.07
XFXXXIS,2,0.07
YXXXXIS,2,0.07
YXXXAXS,2,0.07
YXXSXXS,2,0.07
YXGXXXS,2,0.07
YFXXXXS,2,0.07
XWXXXMT,2,0.07
XWXXAMX,2,0.07
XWXSXMX,2,0.07
XWGXXMX,2,0.07
FWXXXMX,2,0.07
XXGXXMN,2,0.07
XFXXXMN,2,0.07
FXXXXMN,2,0.07
YXXXXIN,2,0.07
YXXXAXN,2,0.07
YXXSXXN,2,0.07
YXGXXXN,2,0.07
YFXXXXN,2,0.07
XFXXXLN,2,0.07
XXLXXPI,1,0.03
XSXXXPI,1,0.03
XSXXAXI,1,0.03
XSXXAPX,1,0.03
XSXSXXI,1,0.03
XSXSXPX,1,0.03
XSLXXXI,1,0.03
XSLXXPX,1,0.03
LXXXXPI,1,0.03
LXXXAXI,1,0.03
LXXXAPX,1,0.03
LXXSXXI,1,0.03
LXXSXPX,1,0.03
LXLXXXI,1,0.03
LXLXXPX,1,0.03
LSXXXXI,1,0.03
LSXXXPX,1,0.03
LSLXXXX,1,0.03
XXXXAII,1,0.03
XXXSXII,1,0.03
XXFXXII,1,0.03
XQXXXII,1,0.03
XQXXAXI,1,0.03
XQXSXXI,1,0.03
XQFXXXI,1,0.03
XQFXXIX,1,0.03
XQFXAXX,1,0.03
XQFSXXX,1,0.03
DXXXXII,1,0.03
DXFXXXI,1,0.03
DQXXXXI,1,0.03
DQXXXIX,1,0.03
DQFXXXX,1,0.03
XXXXATF,1,0.03
XXXSXTF,1,0.03
XXCXXTF,1,0.03
XXCXAXF,1,0.03
XXCXATX,1,0.03
XXCSXXF,1,0.03
XXCSXTX,1,0.03
XVXXXTF,1,0.03
XVXXAXF,1,0.03
XVXSXXF,1,0.03
XVCXXXF,1,0.03
XVCXXTX,1,0.03
XVCXAXX,1,0.03
XVCSXXX,1,0.03
YXXXXTF,1,0.03
YXXXAXF,1,0.03
YXXXATX,1,0.03
YXXSXXF,1,0.03
YXXSXTX,1,0.03
YXCXXXF,1,0.03
YXCXXTX,1,0.03
YXCXAXX,1,0.03
YXCSXXX,1,0.03
YVXXXXF,1,0.03
YVXXXTX,1,0.03
YVXXAXX,1,0.03
YVXSXXX,1,0.03
YVCXXXX,1,0.03
XXXXAID,1,0.03
XXXSXID,1,0.03
XXLXXID,1,0.03
XAXXXID,1,0.03
XAXXAXD,1,0.03
XAXSXXD,1,0.03
XALXXXD,1,0.03
XALXXIX,1,0.03
IXXXXID,1,0.03
IXLXXXD,1,0.03
IXLXXIX,1,0.03
IAXXXXD,1,0.03
IAXXXIX,1,0.03
IALXXXX,1,0.03
XXCXXLK,1,0.03
XXCXAXK,1,0.03
XXCXALX,1,0.03
XXCSXXK,1,0.03
XXCSXLX,1,0.03
XRCXXXK,1,0.03
XRCXXLX,1,0.03
XRCXAXX,1,0.03
XRCSXXX,1,0.03
IXCXXXK,1,0.03
IXCXXLX,1,0.03
IXCXAXX,1,0.03
IXCSXXX,1,0.03
IRCXXXX,1,0.03
XSXXXLK,1,0.03
XSXXAXK,1,0.03
XSXSXXK,1,0.03
XSGXXXK,1,0.03
VSXXXXK,1,0.03
XXXXAWN,1,0.03
XXXSXWN,1,0.03
XXTXXWN,1,0.03
XXTXAXN,1,0.03
XXTXAWX,1,0.03
XXTSXXN,1,0.03
XXTSXWX,1,0.03
XPXXXWN,1,0.03
XPTXXXN,1,0.03
XPTXXWX,1,0.03
IXXXXWN,1,0.03
IXTXXXN,1,0.03
IXTXXWX,1,0.03
XXEXXFK,1,0.03
XXEXAFX,1,0.03
XXESXFX,1,0.03
XAXXXFK,1,0.03
XAXXAFX,1,0.03
XAXSXFX,1,0.03
XAEXXFX,1,0.03
GXXXXFK,1,0.03
GXXXAFX,1,0.03
GXXSXFX,1,0.03
GXEXXFX,1,0.03
GAXXXFX,1,0.03
XXEXXLR,1,0.03
XXEXAXR,1,0.03
XXEXALX,1,0.03
XXESXXR,1,0.03
XXESXLX,1,0.03
XAXXXLR,1,0.03
XAEXXXR,1,0.03
XAEXXLX,1,0.03
GXXXXLR,1,0.03
GXXXAXR,1,0.03
GXXSXXR,1,0.03
GXEXXXR,1,0.03
GXEXXLX,1,0.03
GAXXXXR,1,0.03
GAXXXLX,1,0.03
ISXXXXM,1,0.03
XKXXXLM,1,0.03
XKGXXXM,1,0.03
IKXXXXM,1,0.03
TXXXXLA,1,0.03
TXXXAXA,1,0.03
TXXSXXA,1,0.03
TXGXXXA,1,0.03
TKXXXXA,1,0.03
TKXXXLX,1,0.03
TKGXXXX,1,0.03
IVXXXXK,1,0.03
XRXXXLA,1,0.03
XPXXXLM,1,0.03
XPGXXXM,1,0.03
IPXXXXM,1,0.03
XXXXAFA,1,0.03
XXXSXFA,1,0.03
XXGXXFA,1,0.03
XRXXXFA,1,0.03
XRXXAFX,1,0.03
XRXSXFX,1,0.03
XRGXXFX,1,0.03
IXXXXFA,1,0.03
IXGXXFX,1,0.03
IRXXXFX,1,0.03
XXXXATG,1,0.03
XXXSXTG,1,0.03
XXGXXTG,1,0.03
XXGXATX,1,0.03
XXGSXTX,1,0.03
XKXXXTG,1,0.03
XKGXXTX,1,0.03
IXXXXTG,1,0.03
IXGXXTX,1,0.03
IKXXXTX,1,0.03
XMXXXLK,1,0.03
XMXXAXK,1,0.03
XMXSXXK,1,0.03
XMGXXXK,1,0.03
IMXXXXK,1,0.03
IMXXXLX,1,0.03
IMXXAXX,1,0.03
IMXSXXX,1,0.03
IMGXXXX,1,0.03
XKXXXLG,1,0.03
XXXXANP,1,0.03
XXXSXNP,1,0.03
XXDXXNP,1,0.03
XXDXAXP,1,0.03
XXDXANX,1,0.03
XXDSXXP,1,0.03
XXDSXNX,1,0.03
XSXXXNP,1,0.03
XSXXAXP,1,0.03
XSXXANX,1,0.03
XSXSXXP,1,0.03
XSXSXNX,1,0.03
XSDXXXP,1,0.03
XSDXXNX,1,0.03
XSDXAXX,1,0.03
XSDSXXX,1,0.03
LXXXXNP,1,0.03
LXXXAXP,1,0.03
LXXXANX,1,0.03
LXXSXXP,1,0.03
LXXSXNX,1,0.03
LXDXXXP,1,0.03
LXDXXNX,1,0.03
LSXXXXP,1,0.03
LSXXXNX,1,0.03
LSDXXXX,1,0.03
XXXXAPV,1,0.03
XXXSXPV,1,0.03
XXDXXPV,1,0.03
XXDXAXV,1,0.03
XXDXAPX,1,0.03
XXDSXXV,1,0.03
XXDSXPX,1,0.03
XDXXXPV,1,0.03
XDDXXXV,1,0.03
XDDXXPX,1,0.03
CXXXXPV,1,0.03
CXXXAXV,1,0.03
CXXSXXV,1,0.03
CXDXXXV,1,0.03
CXDXXPX,1,0.03
CXDXAXX,1,0.03
CXDSXXX,1,0.03
CDXXXXV,1,0.03
CDDXXXX,1,0.03
XXEXXPI,1,0.03
XXEXAXI,1,0.03
XXEXAPX,1,0.03
XXESXXI,1,0.03
XXESXPX,1,0.03
XVXXXPI,1,0.03
XVEXXXI,1,0.03
XVEXXPX,1,0.03
XVEXAXX,1,0.03
XVESXXX,1,0.03
CXEXXXI,1,0.03
CXEXXPX,1,0.03
CXEXAXX,1,0.03
CXESXXX,1,0.03
CVXXXXI,1,0.03
CVXXXPX,1,0.03
CVXXAXX,1,0.03
CVXSXXX,1,0.03
CVEXXXX,1,0.03
XHXXXKL,1,0.03
XHGXXKX,1,0.03
TXXXXLK,1,0.03
TXXXAXK,1,0.03
TXXSXXK,1,0.03
TXGXXXK,1,0.03
TTXXXXK,1,0.03
TTXXXLX,1,0.03
TTXXAXX,1,0.03
TTXSXXX,1,0.03
TTGXXXX,1,0.03
XRXXXLS,1,0.03
XRGXXXS,1,0.03
IXXXXLS,1,0.03
IXGXXXS,1,0.03
IRXXXXS,1,0.03
XXGXXKE,1,0.03
XAXXXKE,1,0.03
XAGXXXE,1,0.03
XAGXXKX,1,0.03
IXGXXXE,1,0.03
IAXXXXE,1,0.03
IPXXXXL,1,0.03
LXXXXLL,1,0.03
LXXXAXL,1,0.03
LXXSXXL,1,0.03
LXGXXXL,1,0.03
LSXXXXL,1,0.03
LSXXXLX,1,0.03
LSGXXXX,1,0.03
XAGXXXK,1,0.03
XMXXXKS,1,0.03
VMXXXXS,1,0.03
XXTXXKE,1,0.03
XFXXXKE,1,0.03
XFXXAXE,1,0.03
XFXSXXE,1,0.03
XFTXXXE,1,0.03
XFTXXKX,1,0.03
XFTXAXX,1,0.03
XFTSXXX,1,0.03
VXTXXXE,1,0.03
VFXXXXE,1,0.03
VFXXXKX,1,0.03
VFXXAXX,1,0.03
VFXSXXX,1,0.03
VFTXXXX,1,0.03
LXIXXXT,1,0.03
LHXXXXT,1,0.03
XMXXXHS,1,0.03
XMXXAHX,1,0.03
XMXSXHX,1,0.03
XMVXXHX,1,0.03
AXXXXHS,1,0.03
AXXXAHX,1,0.03
AXXSXHX,1,0.03
AXVXXHX,1,0.03
AMXXXXS,1,0.03
AMXXXHX,1,0.03
AMXXAXX,1,0.03
AMXSXXX,1,0.03
AMVXXXX,1,0.03
XXVXXIE,1,0.03
XPXXXIE,1,0.03
VXXXXIE,1,0.03
XXVXXIS,1,0.03
XGXXXIS,1,0.03
XGXXAIX,1,0.03
XGXSXIX,1,0.03
XGVXXIX,1,0.03
QXVXXXS,1,0.03
QXVXXIX,1,0.03
QXVXAXX,1,0.03
QXVSXXX,1,0.03
QGXXXXS,1,0.03
QGXXXIX,1,0.03
QGXXAXX,1,0.03
QGXSXXX,1,0.03
QGVXXXX,1,0.03
IXVXXRX,1,0.03
IGXXXRX,1,0.03
XPLXXKX,1,0.03
XXIXXIQ,1,0.03
XNXXXKY,1,0.03
XNXXAXY,1,0.03
XNXSXXY,1,0.03
XNIXXXY,1,0.03
VNXXXXY,1,0.03
XLIXXXT,1,0.03
XNXXXKK,1,0.03
XDIXXXN,1,0.03
XXVXXKF,1,0.03
VXVXXXF,1,0.03
XNIXXRX,1,0.03
XNXXXKA,1,0.03
XNXXAXA,1,0.03
XNXSXXA,1,0.03
XNVXXXA,1,0.03
INXXXXA,1,0.03
VGXXXRX,1,0.03
XNVXXRX,1,0.03
MXXXXKQ,1,0.03
MXXXAXQ,1,0.03
MXXSXXQ,1,0.03
MXVXXXQ,1,0.03
MHXXXXQ,1,0.03
MHXXXKX,1,0.03
MHXXAXX,1,0.03
MHXSXXX,1,0.03
MHVXXXX,1,0.03
XXQXXEV,1,0.03
XXQXAXV,1,0.03
XXQXAEX,1,0.03
XXQSXXV,1,0.03
XXQSXEX,1,0.03
XVXXXEV,1,0.03
XVXXAXV,1,0.03
XVXSXXV,1,0.03
XVQXXXV,1,0.03
XVQXXEX,1,0.03
DXXXXEV,1,0.03
DXXXAEX,1,0.03
DXXSXEX,1,0.03
DXQXXXV,1,0.03
DXQXXEX,1,0.03
DXQXAXX,1,0.03
DXQSXXX,1,0.03
DVXXXXV,1,0.03
DVXXXEX,1,0.03
DVQXXXX,1,0.03
AEXXXXT,1,0.03
AEXXXKX,1,0.03
AEVXXXX,1,0.03
XHLXXXT,1,0.03
XHLXXKX,1,0.03
XHLXAXX,1,0.03
XHLSXXX,1,0.03
VHLXXXX,1,0.03
IXXXXKS,1,0.03
IXIXXXS,1,0.03
IPXXXXS,1,0.03
XGXXXKK,1,0.03
XGXXAXK,1,0.03
XGXSXXK,1,0.03
XGIXXXK,1,0.03
XGIXXKX,1,0.03
XGIXAXX,1,0.03
XGISXXX,1,0.03
VGXXXXK,1,0.03
VGIXXXX,1,0.03
XXVXXLQ,1,0.03
XPXXXLQ,1,0.03
VEXXXXA,1,0.03
XXIXXAK,1,0.03
XXIXAAX,1,0.03
XXISXAX,1,0.03
XEXXXAK,1,0.03
XEXXAAX,1,0.03
XEXSXAX,1,0.03
XEIXXAX,1,0.03
VXXXXAK,1,0.03
VXXXAAX,1,0.03
VXXSXAX,1,0.03
VXIXXAX,1,0.03
VEXXXAX,1,0.03
XQIXXXK,1,0.03
XQIXXLX,1,0.03
VQXXXLX,1,0.03
XXIXXMK,1,0.03
XPXXXMK,1,0.03
VXXXXMK,1,0.03
XXAXXGE,1,0.03
XYXXXGE,1,0.03
XYXXAXE,1,0.03
XYXXAGX,1,0.03
XYXSXXE,1,0.03
XYXSXGX,1,0.03
XYAXXXE,1,0.03
XYAXXGX,1,0.03
XYAXAXX,1,0.03
XYASXXX,1,0.03
LXXXXGE,1,0.03
LXXXAXE,1,0.03
LXXSXXE,1,0.03
LXAXXXE,1,0.03
LXAXXGX,1,0.03
LYXXXXE,1,0.03
LYXXXGX,1,0.03
LYXXAXX,1,0.03
LYXSXXX,1,0.03
LYAXXXX,1,0.03
XXXXALH,1,0.03
XXXSXLH,1,0.03
XXVXXLH,1,0.03
XXVXAXH,1,0.03
XXVSXXH,1,0.03
XPXXXLH,1,0.03
XPVXXXH,1,0.03
IXXXXLH,1,0.03
IXXXAXH,1,0.03
IXXSXXH,1,0.03
IXVXXXH,1,0.03
IPXXXXH,1,0.03
XNXXXHS,1,0.03
XNXXAHX,1,0.03
XNXSXHX,1,0.03
XNVXXHX,1,0.03
IXXXXHS,1,0.03
INXXXXS,1,0.03
INXXXHX,1,0.03
XXXXARS,1,0.03
XXXSXRS,1,0.03
XXVXXRS,1,0.03
XPXXXRS,1,0.03
VXXXXRS,1,0.03
CNXXXXT,1,0.03
CNXXXKX,1,0.03
CNXXAXX,1,0.03
CNXSXXX,1,0.03
CNVXXXX,1,0.03
XXXXAKI,1,0.03
XXXSXKI,1,0.03
XXNXXKI,1,0.03
XXNXAXI,1,0.03
XXNXAKX,1,0.03
XXNSXXI,1,0.03
XXNSXKX,1,0.03
XEXXXKI,1,0.03
XEXXAXI,1,0.03
XEXSXXI,1,0.03
XENXXXI,1,0.03
XENXXKX,1,0.03
KXXXXKI,1,0.03
KXXXAXI,1,0.03
KXXSXXI,1,0.03
KXNXXXI,1,0.03
KXNXXKX,1,0.03
KXNXAXX,1,0.03
KXNSXXX,1,0.03
KEXXXXI,1,0.03
KEXXXKX,1,0.03
KEXXAXX,1,0.03
KEXSXXX,1,0.03
KENXXXX,1,0.03
XGXXXDR,1,0.03
XGDXXXR,1,0.03
XGDXXDX,1,0.03
XGDXAXX,1,0.03
XGDSXXX,1,0.03
DXXXXDR,1,0.03
DXXXADX,1,0.03
DXXSXDX,1,0.03
DXDXXXR,1,0.03
DXDXXDX,1,0.03
DXDXAXX,1,0.03
DXDSXXX,1,0.03
DGXXXXR,1,0.03
DGXXXDX,1,0.03
DGXXAXX,1,0.03
DGXSXXX,1,0.03
DGDXXXX,1,0.03
IEXXXXA,1,0.03
XEXXXKM,1,0.03
XEVXXXM,1,0.03
VEXXXXM,1,0.03
EXXXXKQ,1,0.03
EXVXXXQ,1,0.03
EEXXXXQ,1,0.03
XQVXXXQ,1,0.03
XEXXXIN,1,0.03
QDXXXXT,1,0.03
XHXXXMT,1,0.03
XHXXAMX,1,0.03
XHXSXMX,1,0.03
XHVXXMX,1,0.03
VHXXXMX,1,0.03
XEXXXMT,1,0.03
XEXXAMX,1,0.03
XEXSXMX,1,0.03
XEVXXMX,1,0.03
VEXXXMX,1,0.03
XGXXXKS,1,0.03
VGXXXXS,1,0.03
VXGXXIX,1,0.03
XDXXXKA,1,0.03
XDXXAXA,1,0.03
XDXSXXA,1,0.03
XDIXXXA,1,0.03
VXIXXXA,1,0.03
VDXXXXA,1,0.03
XYXXXLT,1,0.03
XYGXXXT,1,0.03
VYXXXXT,1,0.03
XKXXXLN,1,0.03
XKXXAXN,1,0.03
XKXSXXN,1,0.03
XKGXXXN,1,0.03
IXXXXLN,1,0.03
IXGXXXN,1,0.03
IKXXXXN,1,0.03
XXXXAVQ,1,0.03
XXXSXVQ,1,0.03
XXVXXVQ,1,0.03
XSXXXVQ,1,0.03
XSXXAVX,1,0.03
XSXSXVX,1,0.03
XSVXXXQ,1,0.03
XSVXXVX,1,0.03
VXXXXVQ,1,0.03
VSXXXVX,1,0.03
XEIXXXL,1,0.03
VXIXXXL,1,0.03
XEIXXXN,1,0.03
XXFXXPG,1,0.03
XXFXAXG,1,0.03
XXFXAPX,1,0.03
XXFSXXG,1,0.03
XXFSXPX,1,0.03
XLFXXXG,1,0.03
XLFXXPX,1,0.03
VXFXXXG,1,0.03
VXFXXPX,1,0.03
VXFXAXX,1,0.03
VXFSXXX,1,0.03
VLFXXXX,1,0.03
XSXXXKV,1,0.03
XSXXAXV,1,0.03
XSXSXXV,1,0.03
XSVXXXV,1,0.03
VXXXXKV,1,0.03
VXVXXXV,1,0.03
VSXXXXV,1,0.03
SXXXXKQ,1,0.03
SXXXAXQ,1,0.03
SXXSXXQ,1,0.03
SXVXXXQ,1,0.03
SEXXXXQ,1,0.03
SEXXXKX,1,0.03
SEVXXXX,1,0.03
XXVXXLN,1,0.03
XPXXXLN,1,0.03
VXXXXLN,1,0.03
XRXXXKS,1,0.03
XRVXXXS,1,0.03
VRXXXXS,1,0.03
VKXXXXS,1,0.03
XSXXXLQ,1,0.03
XSIXXXQ,1,0.03
XSIXXLX,1,0.03
VSIXXXX,1,0.03
XLXXXKS,1,0.03
XLXXAXS,1,0.03
XLXSXXS,1,0.03
XLIXXXS,1,0.03
LLXXXXS,1,0.03
LLXXXKX,1,0.03
LLIXXXX,1,0.03
IXVXXXL,1,0.03
IEXXXXL,1,0.03
MXXXXKK,1,0.03
MPXXXKX,1,0.03
XXIXXSQ,1,0.03
XPXXXSQ,1,0.03
XPXXASX,1,0.03
XPXSXSX,1,0.03
XPIXXSX,1,0.03
IXXXXSQ,1,0.03
IXIXXSX,1,0.03
IPXXXSX,1,0.03
XXGXXEA,1,0.03
XSXXXEA,1,0.03
XSXXAEX,1,0.03
XSXSXEX,1,0.03
XSGXXXA,1,0.03
XSGXXEX,1,0.03
VXXXXEA,1,0.03
VXGXXEX,1,0.03
VSXXXXA,1,0.03
VSXXXEX,1,0.03
XKLXXLX,1,0.03
CXXXXLT,1,0.03
CXLXXLX,1,0.03
CKXXXLX,1,0.03
AXXXXVG,1,0.03
AXXXAXG,1,0.03
AXXSXXG,1,0.03
AXHXXXG,1,0.03
AXHXXVX,1,0.03
AXHXAXX,1,0.03
AXHSXXX,1,0.03
AIXXXXG,1,0.03
AIXXXVX,1,0.03
AIXXAXX,1,0.03
AIXSXXX,1,0.03
AIHXXXX,1,0.03
CXXXXLK,1,0.03
CXXXAXK,1,0.03
CXXSXXK,1,0.03
CXVXXXK,1,0.03
CXVXXLX,1,0.03
CEXXXXK,1,0.03
CEXXXLX,1,0.03
CEVXXXX,1,0.03
VXXXXVG,1,0.03
VXHXXVX,1,0.03
VIXXXVX,1,0.03
VIHXXXX,1,0.03
XNXXXKN,1,0.03
XNXXAXN,1,0.03
XNXSXXN,1,0.03
XNVXXXN,1,0.03
VNXXXXN,1,0.03
XXXXAVS,1,0.03
XXXSXVS,1,0.03
XXVXXVS,1,0.03
XNXXXVS,1,0.03
XNVXXVX,1,0.03
VXXXXVS,1,0.03
XXXXATS,1,0.03
XXXSXTS,1,0.03
XXVXXTS,1,0.03
XHXXXTS,1,0.03
XHXXATX,1,0.03
XHXSXTX,1,0.03
XHVXXTX,1,0.03
IXXXXTS,1,0.03
IXVXXTX,1,0.03
IHXXXXS,1,0.03
IHXXXTX,1,0.03
XQXXXHT,1,0.03
XQXXAHX,1,0.03
XQXSXHX,1,0.03
XQVXXHX,1,0.03
VQXXXHX,1,0.03
VNTXXXX,1,0.03
CHXXXXT,1,0.03
CHXXXKX,1,0.03
CHXXAXX,1,0.03
CHXSXXX,1,0.03
CHVXXXX,1,0.03
SXXXXKT,1,0.03
SXXXAXT,1,0.03
SXXSXXT,1,0.03
SXVXXXT,1,0.03
SYXXXXT,1,0.03
SYXXXKX,1,0.03
SYXXAXX,1,0.03
SYXSXXX,1,0.03
SYVXXXX,1,0.03
XXTXXKQ,1,0.03
XETXXXQ,1,0.03
XETXXKX,1,0.03
XETXAXX,1,0.03
XETSXXX,1,0.03
CXXXXKQ,1,0.03
CXXXAXQ,1,0.03
CXXSXXQ,1,0.03
CXTXXXQ,1,0.03
CXTXXKX,1,0.03
CXTXAXX,1,0.03
CXTSXXX,1,0.03
CEXXXXQ,1,0.03
CEXXXKX,1,0.03
CETXXXX,1,0.03
XYXXXKS,1,0.03
XYXXAXS,1,0.03
XYXSXXS,1,0.03
XYVXXXS,1,0.03
AXXXXKS,1,0.03
AYXXXXS,1,0.03
AYXXXKX,1,0.03
AYVXXXX,1,0.03
XNXXXKF,1,0.03
XNXXAXF,1,0.03
XNXSXXF,1,0.03
XNIXXXF,1,0.03
VNXXXXF,1,0.03
XXIXXTK,1,0.03
XXIXATX,1,0.03
XXISXTX,1,0.03
XEIXXTX,1,0.03
VXIXXTX,1,0.03
XHXXXKV,1,0.03
XHVXXXV,1,0.03
IHXXXXV,1,0.03
IXXXXKN,1,0.03
IXIXXXN,1,0.03
XXGXXKQ,1,0.03
XQGXXXQ,1,0.03
XQGXXKX,1,0.03
FXXXXKT,1,0.03
FXXXAKX,1,0.03
FXXSXKX,1,0.03
FXVXXXT,1,0.03
FXVXXKX,1,0.03
FXVXAXX,1,0.03
FXVSXXX,1,0.03
FEXXXXT,1,0.03
FEXXXKX,1,0.03
FEXXAXX,1,0.03
FEXSXXX,1,0.03
FEVXXXX,1,0.03
XKGXXXT,1,0.03
AXXXXLK,1,0.03
AXGXXXK,1,0.03
AYXXXXK,1,0.03
AYXXXLX,1,0.03
AYGXXXX,1,0.03
XNXXXLK,1,0.03
XXVXXTQ,1,0.03
XEXXXTQ,1,0.03
XYXXXKV,1,0.03
XYXXAXV,1,0.03
XYXSXXV,1,0.03
XYVXXXV,1,0.03
TXXXXKV,1,0.03
TXXXAXV,1,0.03
TXXSXXV,1,0.03
TXVXXXV,1,0.03
TYXXXXV,1,0.03
TYXXXKX,1,0.03
TYXXAXX,1,0.03
TYXSXXX,1,0.03
TYVXXXX,1,0.03
XXXXASG,1,0.03
XXXSXSG,1,0.03
XXAXXSG,1,0.03
XLXXXSG,1,0.03
XLAXXXG,1,0.03
SXXXXSG,1,0.03
SXXXAXG,1,0.03
SXXXASX,1,0.03
SXXSXXG,1,0.03
SXXSXSX,1,0.03
SXAXXXG,1,0.03
SXAXXSX,1,0.03
SLXXXXG,1,0.03
SLXXXSX,1,0.03
SLXXAXX,1,0.03
SLXSXXX,1,0.03
SLAXXXX,1,0.03
XXTXXTQ,1,0.03
XXTXATX,1,0.03
XXTSXTX,1,0.03
XRXXXTQ,1,0.03
XRXXATX,1,0.03
XRXSXTX,1,0.03
XRTXXXQ,1,0.03
XRTXXTX,1,0.03
XRTXAXX,1,0.03
XRTSXXX,1,0.03
VXTXXXQ,1,0.03
VXTXXTX,1,0.03
VRXXXXQ,1,0.03
VRXXXTX,1,0.03
VRTXXXX,1,0.03
XEXXXIT,1,0.03
VEXXXHX,1,0.03
IEXXXHX,1,0.03
CYXXXXT,1,0.03
CYXXXKX,1,0.03
CYXXAXX,1,0.03
CYXSXXX,1,0.03
CYVXXXX,1,0.03
XXXXAKD,1,0.03
XXXSXKD,1,0.03
XXVXXKD,1,0.03
XHXXXKD,1,0.03
XHXXAXD,1,0.03
XHXSXXD,1,0.03
XHVXXXD,1,0.03
VXXXXKD,1,0.03
VXXXAXD,1,0.03
VXXSXXD,1,0.03
VXVXXXD,1,0.03
VHXXXXD,1,0.03
XXVXXQT,1,0.03
XNXXXQT,1,0.03
XNXXAQX,1,0.03
XNXSXQX,1,0.03
XNVXXQX,1,0.03
IXXXXQT,1,0.03
IXXXAQX,1,0.03
IXXSXQX,1,0.03
IXVXXQX,1,0.03
INXXXQX,1,0.03
XHXXXLK,1,0.03
XHXXAXK,1,0.03
XHXSXXK,1,0.03
XHVXXXK,1,0.03
IHXXXXK,1,0.03
IHXXXLX,1,0.03
XXAXXGA,1,0.03
XXAXAXA,1,0.03
XXASXXA,1,0.03
XHXXXGA,1,0.03
XHAXXXA,1,0.03
XHAXXGX,1,0.03
XHAXAXX,1,0.03
XHASXXX,1,0.03
IXXXXGA,1,0.03
IXXXAGX,1,0.03
IXXSXGX,1,0.03
IXAXXXA,1,0.03
IXAXXGX,1,0.03
IHXXXXA,1,0.03
IHXXXGX,1,0.03
IHAXXXX,1,0.03
XXVXXIQ,1,0.03
XEXXXLQ,1,0.03
IEXXXXQ,1,0.03
IEXXXLX,1,0.03
IEIXXXX,1,0.03
XXXXARG,1,0.03
XXXSXRG,1,0.03
XXTXXRG,1,0.03
XXTXAXG,1,0.03
XXTSXXG,1,0.03
XIXXXRG,1,0.03
XITXXXG,1,0.03
XITXXRX,1,0.03
XITXAXX,1,0.03
XITSXXX,1,0.03
VXXXXRG,1,0.03
VXTXXXG,1,0.03
VXTXXRX,1,0.03
VIXXXRX,1,0.03
VITXXXX,1,0.03
XEXXXKS,1,0.03
XEXXAXS,1,0.03
XEXSXXS,1,0.03
XEVXXXS,1,0.03
EXXXXKS,1,0.03
EEXXXXS,1,0.03
XPXXXIN,1,0.03
XAXXXKA,1,0.03
XAIXXXA,1,0.03
XAIXXKX,1,0.03
QXXXXKA,1,0.03
QXIXXXA,1,0.03
QAXXXXA,1,0.03
QAXXXKX,1,0.03
QAXXAXX,1,0.03
QAXSXXX,1,0.03
QAIXXXX,1,0.03
XNXXXKQ,1,0.03
XNVXXXQ,1,0.03
VNXXXXQ,1,0.03
XXHXXPG,1,0.03
XXHXAPX,1,0.03
XXHSXPX,1,0.03
XVXXXPG,1,0.03
XVHXXPX,1,0.03
VXHXXPX,1,0.03
VVXXXXG,1,0.03
VVXXXPX,1,0.03
VVHXXXX,1,0.03
XXIXXRN,1,0.03
XPXXXRN,1,0.03
ANXXXXT,1,0.03
ANXXXKX,1,0.03
ANVXXXX,1,0.03
XAXXXKK,1,0.03
XAVXXXK,1,0.03
XXLXXHT,1,0.03
XXLXAHX,1,0.03
XXLSXHX,1,0.03
XPLXXHX,1,0.03
IXLXXXT,1,0.03
IXLXXHX,1,0.03
XXVXXRE,1,0.03
XDXXXRE,1,0.03
XDVXXXE,1,0.03
IIXXXXG,1,0.03
IIXXXVX,1,0.03
IIXXAXX,1,0.03
IIXSXXX,1,0.03
IIHXXXX,1,0.03
XQXXXKF,1,0.03
XQXXAXF,1,0.03
XQXSXXF,1,0.03
XQIXXXF,1,0.03
XQIXXKX,1,0.03
VQXXXXF,1,0.03
TXXXXKS,1,0.03
TXXXAXS,1,0.03
TXXSXXS,1,0.03
TXVXXXS,1,0.03
TKXXXXS,1,0.03
TKXXXKX,1,0.03
TKVXXXX,1,0.03
CLXXXXT,1,0.03
CLXXXKX,1,0.03
CLXXAXX,1,0.03
CLXSXXX,1,0.03
CLVXXXX,1,0.03
XQLXXXK,1,0.03
XQLXXIX,1,0.03
VQLXXXX,1,0.03
XMXXXLT,1,0.03
XMGXXXT,1,0.03
VMXXXLX,1,0.03
VMGXXXX,1,0.03
XDVXXXS,1,0.03
VDXXXXS,1,0.03
XNXXXIK,1,0.03
XNXXAIX,1,0.03
XNXSXIX,1,0.03
XNLXXXK,1,0.03
XNLXXIX,1,0.03
XNLXAXX,1,0.03
XNLSXXX,1,0.03
VNXXXIX,1,0.03
VNLXXXX,1,0.03
XXCXXVT,1,0.03
XXCXAVX,1,0.03
XXCSXVX,1,0.03
XNCXXXT,1,0.03
XNCXXVX,1,0.03
XNCXAXX,1,0.03
XNCSXXX,1,0.03
VXCXXXT,1,0.03
VXCXXVX,1,0.03
VXCXAXX,1,0.03
VXCSXXX,1,0.03
VNCXXXX,1,0.03
MXXXXIK,1,0.03
MXXXAIX,1,0.03
MXXSXIX,1,0.03
MXVXXIX,1,0.03
MPXXXIX,1,0.03
XPXXXKV,1,0.03
XPVXXXV,1,0.03
XEXXXKR,1,0.03
XEVXXXR,1,0.03
VEXXXXR,1,0.03
IXXXXYT,1,0.03
IXXXAYX,1,0.03
IXXSXYX,1,0.03
IXVXXYX,1,0.03
IPXXXYX,1,0.03
XFXXXKT,1,0.03
XFVXXXT,1,0.03
XFVXXKX,1,0.03
AFXXXXT,1,0.03
AFXXXKX,1,0.03
AFVXXXX,1,0.03
XXIXXKE,1,0.03
XDXXXKE,1,0.03
XDIXXXE,1,0.03
XVXXXIG,1,0.03
XVXXAIX,1,0.03
XVXSXIX,1,0.03
XVRXXXG,1,0.03
XVRXXIX,1,0.03
LVXXXXG,1,0.03
LVXXXIX,1,0.03
LVRXXXX,1,0.03
KXXXXKT,1,0.03
KXVXXXT,1,0.03
KXVXXKX,1,0.03
KXVXAXX,1,0.03
KXVSXXX,1,0.03
KRXXXXT,1,0.03
KRXXXKX,1,0.03
KRXXAXX,1,0.03
KRXSXXX,1,0.03
KRVXXXX,1,0.03
XKXXXKE,1,0.03
XKAXXXE,1,0.03
XKAXXKX,1,0.03
IKXXXXE,1,0.03
IKAXXXX,1,0.03
XXAXXKQ,1,0.03
XPAXXXQ,1,0.03
XPAXXKX,1,0.03
IXAXXXQ,1,0.03
IPAXXXX,1,0.03
XLXXXKE,1,0.03
XLAXXKX,1,0.03
ILXXXXE,1,0.03
ILXXXKX,1,0.03
XXXXARD,1,0.03
XXXSXRD,1,0.03
XXIXXRD,1,0.03
XPXXXRD,1,0.03
XPXXAXD,1,0.03
XPXSXXD,1,0.03
XPIXXXD,1,0.03
IXXXXRD,1,0.03
IXIXXXD,1,0.03
IPXXXXD,1,0.03
XXXXARF,1,0.03
XXXSXRF,1,0.03
XXMXXRF,1,0.03
XXMXAXF,1,0.03
XXMXARX,1,0.03
XXMSXXF,1,0.03
XXMSXRX,1,0.03
XPXXXRF,1,0.03
XPMXXXF,1,0.03
XPMXXRX,1,0.03
IXXXXRF,1,0.03
IXXXAXF,1,0.03
IXXSXXF,1,0.03
IXMXXXF,1,0.03
IXMXXRX,1,0.03
IPXXXXF,1,0.03
XXLXXVA,1,0.03
XXLXAVX,1,0.03
XXLSXVX,1,0.03
XAXXXVA,1,0.03
XALXXVX,1,0.03
VXXXXVA,1,0.03
VXLXXXA,1,0.03
VXLXXVX,1,0.03
VAXXXVX,1,0.03
VALXXXX,1,0.03
XXXXADP,1,0.03
XXXSXDP,1,0.03
XXSXXDP,1,0.03
XXSXAXP,1,0.03
XXSXADX,1,0.03
XXSSXXP,1,0.03
XXSSXDX,1,0.03
XDXXXDP,1,0.03
XDXXAXP,1,0.03
XDXXADX,1,0.03
XDXSXXP,1,0.03
XDXSXDX,1,0.03
XDSXXXP,1,0.03
XDSXXDX,1,0.03
XDSXAXX,1,0.03
XDSSXXX,1,0.03
RXXXXDP,1,0.03
RXXXAXP,1,0.03
RXXXADX,1,0.03
RXXSXXP,1,0.03
RXXSXDX,1,0.03
RXSXXXP,1,0.03
RXSXXDX,1,0.03
RXSXAXX,1,0.03
RXSSXXX,1,0.03
RDXXXXP,1,0.03
RDXXXDX,1,0.03
RDXXAXX,1,0.03
RDXSXXX,1,0.03
RDSXXXX,1,0.03
XXFXXMN,1,0.03
XXFXAXN,1,0.03
XXFXAMX,1,0.03
XXFSXXN,1,0.03
XXFSXMX,1,0.03
XGXXXMN,1,0.03
XGXXAXN,1,0.03
XGXXAMX,1,0.03
XGXSXXN,1,0.03
XGXSXMX,1,0.03
XGFXXXN,1,0.03
XGFXXMX,1,0.03
CXXXXMN,1,0.03
CXXXAXN,1,0.03
CXXXAMX,1,0.03
CXXSXXN,1,0.03
CXXSXMX,1,0.03
CXFXXXN,1,0.03
CXFXXMX,1,0.03
CXFXAXX,1,0.03
CXFSXXX,1,0.03
CGXXXXN,1,0.03
CGXXXMX,1,0.03
CGFXXXX,1,0.03
XXKXXDG,1,0.03
XXKXADX,1,0.03
XXKSXDX,1,0.03
XTXXXDG,1,0.03
XTXXAXG,1,0.03
XTXXADX,1,0.03
XTXSXXG,1,0.03
XTXSXDX,1,0.03
XTKXXXG,1,0.03
XTKXXDX,1,0.03
PXXXXDG,1,0.03
PXXXAXG,1,0.03
PXXSXXG,1,0.03
PXKXXXG,1,0.03
PXKXXDX,1,0.03
PXKXAXX,1,0.03
PXKSXXX,1,0.03
PTXXXXG,1,0.03
PTXXXDX,1,0.03
PTXXAXX,1,0.03
PTXSXXX,1,0.03
PTKXXXX,1,0.03
XXTXXET,1,0.03
XXTXAEX,1,0.03
XXTSXEX,1,0.03
XVXXXET,1,0.03
XVTXXXT,1,0.03
XVTXXEX,1,0.03
FXXXXET,1,0.03
FXXXAEX,1,0.03
FXXSXEX,1,0.03
FXTXXXT,1,0.03
FXTXXEX,1,0.03
FXTXAXX,1,0.03
FXTSXXX,1,0.03
FVXXXXT,1,0.03
FVXXXEX,1,0.03
FVXXAXX,1,0.03
FVXSXXX,1,0.03
FVTXXXX,1,0.03
XXXXAWK,1,0.03
XXXSXWK,1,0.03
XXVXXWK,1,0.03
XPXXXWK,1,0.03
IXXXXWK,1,0.03
XXIXXGS,1,0.03
XKXXXGS,1,0.03
XKIXXXS,1,0.03
XKIXXGX,1,0.03
GXXXXGS,1,0.03
GXXXAXS,1,0.03
GXXSXXS,1,0.03
GXIXXXS,1,0.03
GXIXXGX,1,0.03
GXIXAXX,1,0.03
GXISXXX,1,0.03
GKXXXXS,1,0.03
GKXXXGX,1,0.03
GKXXAXX,1,0.03
GKXSXXX,1,0.03
GKIXXXX,1,0.03
XXRXXSQ,1,0.03
XLXXXSQ,1,0.03
XLRXXSX,1,0.03
VXXXXSQ,1,0.03
VXRXXSX,1,0.03
VLXXXSX,1,0.03
XXXXAYP,1,0.03
XXXSXYP,1,0.03
XXFXXYP,1,0.03
XXFXAXP,1,0.03
XXFXAYX,1,0.03
XXFSXXP,1,0.03
XXFSXYX,1,0.03
XTXXXYP,1,0.03
XTXXAXP,1,0.03
XTXXAYX,1,0.03
XTXSXXP,1,0.03
XTXSXYX,1,0.03
XTFXXXP,1,0.03
XTFXXYX,1,0.03
XTFXAXX,1,0.03
XTFSXXX,1,0.03
EXXXXYP,1,0.03
EXXXAXP,1,0.03
EXXXAYX,1,0.03
EXXSXXP,1,0.03
EXXSXYX,1,0.03
EXFXXXP,1,0.03
EXFXXYX,1,0.03
ETXXXXP,1,0.03
ETXXXYX,1,0.03
ETXXAXX,1,0.03
ETXSXXX,1,0.03
ETFXXXX,1,0.03
XXXXAFV,1,0.03
XXXSXFV,1,0.03
XXMXXFV,1,0.03
XXMXAXV,1,0.03
XXMXAFX,1,0.03
XXMSXXV,1,0.03
XXMSXFX,1,0.03
XPXXXFV,1,0.03
XPMXXXV,1,0.03
XPMXXFX,1,0.03
IXXXXFV,1,0.03
IXMXXXV,1,0.03
IXMXXFX,1,0.03
XXPXXLT,1,0.03
XXPXALX,1,0.03
XXPSXLX,1,0.03
XHPXXLX,1,0.03
HXXXXLT,1,0.03
HXXXALX,1,0.03
HXXSXLX,1,0.03
HXPXXXT,1,0.03
HXPXXLX,1,0.03
HXPXAXX,1,0.03
HXPSXXX,1,0.03
HHXXXXT,1,0.03
HHXXXLX,1,0.03
HHXXAXX,1,0.03
HHXSXXX,1,0.03
HHPXXXX,1,0.03
DXXXXLA,1,0.03
DXFXXXA,1,0.03
DXFXXLX,1,0.03
DPXXXXA,1,0.03
DPXXXLX,1,0.03
DPXXAXX,1,0.03
DPXSXXX,1,0.03
DPFXXXX,1,0.03
XXPXXPI,1,0.03
XXPXAXI,1,0.03
XXPXAPX,1,0.03
XXPSXXI,1,0.03
XXPSXPX,1,0.03
XDXXXPI,1,0.03
XDPXXXI,1,0.03
XDPXXPX,1,0.03
XDPXAXX,1,0.03
XDPSXXX,1,0.03
CXPXXXI,1,0.03
CXPXXPX,1,0.03
CXPXAXX,1,0.03
CXPSXXX,1,0.03
CDXXXXI,1,0.03
CDPXXXX,1,0.03
XXIXXFE,1,0.03
XXIXAFX,1,0.03
XXISXFX,1,0.03
XPIXXFX,1,0.03
IXIXXFX,1,0.03
XXVXXVK,1,0.03
XPXXXVK,1,0.03
XXXXAEQ,1,0.03
XXXSXEQ,1,0.03
XXKXXEQ,1,0.03
XXKXAXQ,1,0.03
XXKSXXQ,1,0.03
XGXXXEQ,1,0.03
XGXXAXQ,1,0.03
XGXSXXQ,1,0.03
XGKXXXQ,1,0.03
XGKXXEX,1,0.03
XGKXAXX,1,0.03
XGKSXXX,1,0.03
IXXXXEQ,1,0.03
IXKXXXQ,1,0.03
IGXXXXQ,1,0.03
IGXXXEX,1,0.03
IGKXXXX,1,0.03
XXXXASR,1,0.03
XXXSXSR,1,0.03
XXRXXSR,1,0.03
XXRXAXR,1,0.03
XXRSXXR,1,0.03
XVXXXSR,1,0.03
XVXXAXR,1,0.03
XVXSXXR,1,0.03
XVRXXXR,1,0.03
XVRXXSX,1,0.03
DXXXXSR,1,0.03
DXRXXXR,1,0.03
DXRXXSX,1,0.03
DVXXXXR,1,0.03
DVXXXSX,1,0.03
DVRXXXX,1,0.03
XXVXXVR,1,0.03
XPXXXVR,1,0.03
IXXXXVR,1,0.03
IXXXAXR,1,0.03
IXXSXXR,1,0.03
IXVXXXR,1,0.03
IXVXXVX,1,0.03
IPXXXXR,1,0.03
IPXXXVX,1,0.03
VXXXXWT,1,0.03
VXXXAWX,1,0.03
VXXSXWX,1,0.03
VXVXXWX,1,0.03
VPXXXWX,1,0.03
XXXXAMI,1,0.03
XXXSXMI,1,0.03
XXRXXMI,1,0.03
XXRXAMX,1,0.03
XXRSXMX,1,0.03
XYXXXMI,1,0.03
XYXXAXI,1,0.03
XYXXAMX,1,0.03
XYXSXXI,1,0.03
XYXSXMX,1,0.03
XYRXXXI,1,0.03
XYRXXMX,1,0.03
XYRXAXX,1,0.03
XYRSXXX,1,0.03
EXXXXMI,1,0.03
EXRXXXI,1,0.03
EXRXXMX,1,0.03
EXRXAXX,1,0.03
EXRSXXX,1,0.03
EYXXXXI,1,0.03
EYXXXMX,1,0.03
EYXXAXX,1,0.03
EYXSXXX,1,0.03
EYRXXXX,1,0.03
XXFXXEV,1,0.03
XGXXXEV,1,0.03
XGXXAXV,1,0.03
XGXSXXV,1,0.03
XGFXXXV,1,0.03
SXFXXXV,1,0.03
SXFXXEX,1,0.03
SXFXAXX,1,0.03
SXFSXXX,1,0.03
SGXXXXV,1,0.03
SGXXXEX,1,0.03
SGXXAXX,1,0.03
SGXSXXX,1,0.03
SGFXXXX,1,0.03
XXIXXWT,1,0.03
XXLXXFE,1,0.03
XXLXAFX,1,0.03
XXLSXFX,1,0.03
XPLXXXE,1,0.03
XPLXXFX,1,0.03
IXLXXXE,1,0.03
IXLXXFX,1,0.03
YXXXXIT,1,0.03
YXXXAXT,1,0.03
YXXSXXT,1,0.03
YXPXXXT,1,0.03
YXPXXIX,1,0.03
YHXXXXT,1,0.03
YHXXXIX,1,0.03
YHXXAXX,1,0.03
YHXSXXX,1,0.03
YHPXXXX,1,0.03
MXXXXYT,1,0.03
MXXXAXT,1,0.03
MXXXAYX,1,0.03
MXXSXXT,1,0.03
MXXSXYX,1,0.03
MXVXXXT,1,0.03
MXVXXYX,1,0.03
MPXXXXT,1,0.03
MPXXXYX,1,0.03
XXIXXIS,1,0.03
VXXXXIS,1,0.03
XXXXAQC,1,0.03
XXXSXQC,1,0.03
XXHXXQC,1,0.03
XXHXAXC,1,0.03
XXHXAQX,1,0.03
XXHSXXC,1,0.03
XXHSXQX,1,0.03
XIXXXQC,1,0.03
XIXXAXC,1,0.03
XIXXAQX,1,0.03
XIXSXXC,1,0.03
XIXSXQX,1,0.03
XIHXXXC,1,0.03
XIHXXQX,1,0.03
SXXXXQC,1,0.03
SXXXAXC,1,0.03
SXXSXXC,1,0.03
SXHXXXC,1,0.03
SXHXXQX,1,0.03
SXHXAXX,1,0.03
SXHSXXX,1,0.03
SIXXXXC,1,0.03
SIXXXQX,1,0.03
SIXXAXX,1,0.03
SIXSXXX,1,0.03
SIHXXXX,1,0.03
XXKXXIE,1,0.03
XXKXAXE,1,0.03
XXKXAIX,1,0.03
XXKSXXE,1,0.03
XXKSXIX,1,0.03
XLXXXIE,1,0.03
XLKXXXE,1,0.03
XLKXXIX,1,0.03
XLKXAXX,1,0.03
XLKSXXX,1,0.03
YXXXXIE,1,0.03
YXKXXXE,1,0.03
YXKXXIX,1,0.03
YXKXAXX,1,0.03
YXKSXXX,1,0.03
YLXXXXE,1,0.03
YLXXXIX,1,0.03
YLXXAXX,1,0.03
YLXSXXX,1,0.03
YLKXXXX,1,0.03
XKXXXKY,1,0.03
XKXXAXY,1,0.03
XKXSXXY,1,0.03
XKIXXXY,1,0.03
LXXXXKY,1,0.03
LXXXAXY,1,0.03
LXXSXXY,1,0.03
LXIXXXY,1,0.03
LKXXXXY,1,0.03
LKXXXKX,1,0.03
LKIXXXX,1,0.03
XXXXAND,1,0.03
XXXSXND,1,0.03
XXVXXND,1,0.03
XXVXANX,1,0.03
XXVSXNX,1,0.03
XDXXXND,1,0.03
XDXXAXD,1,0.03
XDXXANX,1,0.03
XDXSXXD,1,0.03
XDXSXNX,1,0.03
XDVXXXD,1,0.03
XDVXXNX,1,0.03
GXXXXND,1,0.03
GXXXAXD,1,0.03
GXXXANX,1,0.03
GXXSXXD,1,0.03
GXXSXNX,1,0.03
GXVXXXD,1,0.03
GXVXXNX,1,0.03
GXVXAXX,1,0.03
GXVSXXX,1,0.03
GDXXXXD,1,0.03
GDXXXNX,1,0.03
GDXXAXX,1,0.03
GDXSXXX,1,0.03
GDVXXXX,1,0.03
XXXXAVV,1,0.03
XXXSXVV,1,0.03
XXAXXVV,1,0.03
XAXXXVV,1,0.03
XAAXXXV,1,0.03
XAAXXVX,1,0.03
EXXXXVV,1,0.03
EXXXAXV,1,0.03
EXXSXXV,1,0.03
EXAXXXV,1,0.03
EXAXXVX,1,0.03
EAXXXXV,1,0.03
EAAXXXX,1,0.03
TXXXXSD,1,0.03
TXXXAXD,1,0.03
TXXXASX,1,0.03
TXXSXXD,1,0.03
TXXSXSX,1,0.03
TXAXXXD,1,0.03
TXAXXSX,1,0.03
TXAXAXX,1,0.03
TXASXXX,1,0.03
TLXXXXD,1,0.03
TLXXXSX,1,0.03
TLAXXXX,1,0.03
XXFXXVI,1,0.03
XGXXXVI,1,0.03
XGXXAXI,1,0.03
XGXSXXI,1,0.03
XGFXXXI,1,0.03
XGFXXVX,1,0.03
EXFXXXI,1,0.03
EXFXXVX,1,0.03
EGXXXXI,1,0.03
EGXXXVX,1,0.03
EGFXXXX,1,0.03
AXXXXVI,1,0.03
AXXXAXI,1,0.03
AXXSXXI,1,0.03
AXSXXXI,1,0.03
AXSXXVX,1,0.03
AXSXAXX,1,0.03
AXSSXXX,1,0.03
AAXXXXI,1,0.03
AAXXXVX,1,0.03
AASXXXX,1,0.03
XXXXASE,1,0.03
XXXSXSE,1,0.03
XXAXXSE,1,0.03
XLXXXSE,1,0.03
DXXXXSE,1,0.03
DXAXXXE,1,0.03
DXAXXSX,1,0.03
DLXXXXE,1,0.03
DLXXXSX,1,0.03
DLAXXXX,1,0.03
XXXXAQQ,1,0.03
XXXSXQQ,1,0.03
XXIXXQQ,1,0.03
XPXXXQQ,1,0.03
XPIXXQX,1,0.03
VXXXXQQ,1,0.03
VXIXXQX,1,0.03
XXFXXER,1,0.03
XXFXAXR,1,0.03
XXFSXXR,1,0.03
XGXXXER,1,0.03
XGFXXXR,1,0.03
RXXXXER,1,0.03
RXXXAXR,1,0.03
RXXXAEX,1,0.03
RXXSXXR,1,0.03
RXXSXEX,1,0.03
RXFXXXR,1,0.03
RXFXXEX,1,0.03
RGXXXXR,1,0.03
RGXXXEX,1,0.03
RGXXAXX,1,0.03
RGXSXXX,1,0.03
RGFXXXX,1,0.03
XXFXXDL,1,0.03
XXFXAXL,1,0.03
XXFSXXL,1,0.03
XGXXXDL,1,0.03
XGXXAXL,1,0.03
XGXSXXL,1,0.03
XGFXXXL,1,0.03
AXXXXDL,1,0.03
AXXXAXL,1,0.03
AXXSXXL,1,0.03
AXFXXXL,1,0.03
AXFXXDX,1,0.03
AXFXAXX,1,0.03
AXFSXXX,1,0.03
AGXXXXL,1,0.03
AGXXXDX,1,0.03
AGXXAXX,1,0.03
AGXSXXX,1,0.03
AGFXXXX,1,0.03
XXXXADM,1,0.03
XXXSXDM,1,0.03
XXFXXDM,1,0.03
XGXXXDM,1,0.03
XGXXAXM,1,0.03
XGXSXXM,1,0.03
XGFXXXM,1,0.03
NXXXXDM,1,0.03
NXXXAXM,1,0.03
NXXXADX,1,0.03
NXXSXXM,1,0.03
NXXSXDX,1,0.03
NXFXXXM,1,0.03
NXFXXDX,1,0.03
NXFXAXX,1,0.03
NXFSXXX,1,0.03
NGXXXXM,1,0.03
NGXXXDX,1,0.03
NGXXAXX,1,0.03
NGXSXXX,1,0.03
NGFXXXX,1,0.03
XVXXXVI,1,0.03
XVSXXXI,1,0.03
XVSXXVX,1,0.03
EVXXXXI,1,0.03
EVXXXVX,1,0.03
EVSXXXX,1,0.03
XXXXAPP,1,0.03
XXXSXPP,1,0.03
XXQXXPP,1,0.03
XXQXAXP,1,0.03
XXQXAPX,1,0.03
XXQSXXP,1,0.03
XXQSXPX,1,0.03
XQXXXPP,1,0.03
XQXXAXP,1,0.03
XQXXAPX,1,0.03
XQXSXXP,1,0.03
XQXSXPX,1,0.03
XQQXXXP,1,0.03
XQQXXPX,1,0.03
XQQXAXX,1,0.03
XQQSXXX,1,0.03
HXXXXPP,1,0.03
HXXXAXP,1,0.03
HXXXAPX,1,0.03
HXXSXXP,1,0.03
HXXSXPX,1,0.03
HXQXXXP,1,0.03
HXQXXPX,1,0.03
HXQXAXX,1,0.03
HXQSXXX,1,0.03
HQXXXXP,1,0.03
HQXXXPX,1,0.03
HQXXAXX,1,0.03
HQXSXXX,1,0.03
HQQXXXX,1,0.03
XXPXXGE,1,0.03
XXPXAXE,1,0.03
XXPXAGX,1,0.03
XXPSXXE,1,0.03
XXPSXGX,1,0.03
XAPXXXE,1,0.03
XAPXXGX,1,0.03
XAPXAXX,1,0.03
XAPSXXX,1,0.03
YXXXXGE,1,0.03
YXXXAGX,1,0.03
YXXSXGX,1,0.03
YXPXXXE,1,0.03
YXPXXGX,1,0.03
YAXXXXE,1,0.03
YAXXXGX,1,0.03
YAXXAXX,1,0.03
YAXSXXX,1,0.03
YAPXXXX,1,0.03
XXDXXKL,1,0.03
XXDXAXL,1,0.03
XXDXAKX,1,0.03
XXDSXXL,1,0.03
XXDSXKX,1,0.03
XDXXXKL,1,0.03
XDXXAXL,1,0.03
XDXSXXL,1,0.03
XDDXXXL,1,0.03
XDDXXKX,1,0.03
WXXXXKL,1,0.03
WXXXAXL,1,0.03
WXXXAKX,1,0.03
WXXSXXL,1,0.03
WXXSXKX,1,0.03
WXXSAXX,1,0.03
WXDXXXL,1,0.03
WXDXXKX,1,0.03
WXDXAXX,1,0.03
WXDSXXX,1,0.03
WDXXXXL,1,0.03
WDXXXKX,1,0.03
WDXXAXX,1,0.03
WDXSXXX,1,0.03
WDDXXXX,1,0.03
MXXXXSL,1,0.03
MXXXAXL,1,0.03
MXXSXXL,1,0.03
MXLXXXL,1,0.03
MXLXXSX,1,0.03
MXLXAXX,1,0.03
MXLSXXX,1,0.03
MVXXXXL,1,0.03
MVXXXSX,1,0.03
MVXXAXX,1,0.03
MVXSXXX,1,0.03
MVLXXXX,1,0.03
XXXXAQA,1,0.03
XXXSXQA,1,0.03
XXIXXQA,1,0.03
XSXXXQA,1,0.03
XSXXAQX,1,0.03
XSXSXQX,1,0.03
XSIXXXA,1,0.03
XSIXXQX,1,0.03
SXXXXQA,1,0.03
SXXXAXA,1,0.03
SXXSXXA,1,0.03
SXIXXXA,1,0.03
SXIXXQX,1,0.03
SXIXAXX,1,0.03
SXISXXX,1,0.03
SSXXXXA,1,0.03
SSXXXQX,1,0.03
SSXXAXX,1,0.03
SSXSXXX,1,0.03
SSIXXXX,1,0.03
XXLXXKN,1,0.03
XXLXAXN,1,0.03
XXLSXXN,1,0.03
XDLXXXN,1,0.03
XDLXXKX,1,0.03
VXLXXXN,1,0.03
VDLXXXX,1,0.03
NXXXXVI,1,0.03
NXXXAXI,1,0.03
NXXXAVX,1,0.03
NXXSXXI,1,0.03
NXXSXVX,1,0.03
NXSXXXI,1,0.03
NXSXXVX,1,0.03
NXSXAXX,1,0.03
NXSSXXX,1,0.03
NAXXXXI,1,0.03
NAXXXVX,1,0.03
NASXXXX,1,0.03
LXXXXSD,1,0.03
LXXXAXD,1,0.03
LXXSXXD,1,0.03
LXAXXXD,1,0.03
LXAXXSX,1,0.03
LLXXXXD,1,0.03
LLXXXSX,1,0.03
LLAXXXX,1,0.03
XXVXXGS,1,0.03
XVXXXGS,1,0.03
XVXXAXS,1,0.03
XVXSXXS,1,0.03
XVVXXXS,1,0.03
EXXXXGS,1,0.03
EXVXXGX,1,0.03
EVXXXXS,1,0.03
EVXXXGX,1,0.03
EVVXXXX,1,0.03
XXXXACM,1,0.03
XXXSXCM,1,0.03
XXIXXCM,1,0.03
XXIXACX,1,0.03
XXISXCX,1,0.03
XIXXXCM,1,0.03
XIXXACX,1,0.03
XIXSXCX,1,0.03
XIIXXXM,1,0.03
XIIXXCX,1,0.03
XIIXAXX,1,0.03
XIISXXX,1,0.03
QXXXXCM,1,0.03
QXXXACX,1,0.03
QXXSXCX,1,0.03
QXIXXXM,1,0.03
QXIXXCX,1,0.03
QIXXXXM,1,0.03
QIXXXCX,1,0.03
QIXXAXX,1,0.03
QIXSXXX,1,0.03
QIIXXXX,1,0.03
XXXXAKG,1,0.03
XXXSXKG,1,0.03
XXKXXKG,1,0.03
XXKXAKX,1,0.03
XXKSXKX,1,0.03
XIXXXKG,1,0.03
XIKXXXG,1,0.03
XIKXXKX,1,0.03
XIKXAXX,1,0.03
XIKSXXX,1,0.03
NXXXXKG,1,0.03
NXXXAXG,1,0.03
NXXXAKX,1,0.03
NXXSXXG,1,0.03
NXXSXKX,1,0.03
NXKXXXG,1,0.03
NXKXXKX,1,0.03
NXKXAXX,1,0.03
NXKSXXX,1,0.03
NIXXXXG,1,0.03
NIXXXKX,1,0.03
NIXXAXX,1,0.03
NIXSXXX,1,0.03
NIKXXXX,1,0.03
XXXXASA,1,0.03
XXXSXSA,1,0.03
XXDXXSA,1,0.03
XXDXAXA,1,0.03
XXDXASX,1,0.03
XXDSXXA,1,0.03
XXDSXSX,1,0.03
XRXXXSA,1,0.03
XRXXASX,1,0.03
XRXSXSX,1,0.03
XRDXXXA,1,0.03
XRDXXSX,1,0.03
RXXXXSA,1,0.03
RXXXAXA,1,0.03
RXXXASX,1,0.03
RXXSXXA,1,0.03
RXXSXSX,1,0.03
RXDXXXA,1,0.03
RXDXXSX,1,0.03
RRXXXXA,1,0.03
RRXXXSX,1,0.03
RRDXXXX,1,0.03
XXXXAGG,1,0.03
XXXSXGG,1,0.03
XXAXXGG,1,0.03
XSXXXGG,1,0.03
XSXXAXG,1,0.03
XSXSXXG,1,0.03
XSAXXXG,1,0.03
XSAXXGX,1,0.03
XSAXAXX,1,0.03
XSASXXX,1,0.03
DXXXXGG,1,0.03
DXXXAXG,1,0.03
DXXSXXG,1,0.03
DXAXXXG,1,0.03
DXAXXGX,1,0.03
DSXXXXG,1,0.03
DSAXXXX,1,0.03
XXXXADH,1,0.03
XXXSXDH,1,0.03
XXNXXDH,1,0.03
XXNXAXH,1,0.03
XXNXADX,1,0.03
XXNSXXH,1,0.03
XXNSXDX,1,0.03
XEXXXDH,1,0.03
XEXXAXH,1,0.03
XEXXADX,1,0.03
XEXSXXH,1,0.03
XEXSXDX,1,0.03
XENXXXH,1,0.03
XENXXDX,1,0.03
SXXXXDH,1,0.03
SXXXAXH,1,0.03
SXXSXXH,1,0.03
SXNXXXH,1,0.03
SXNXXDX,1,0.03
SXNXAXX,1,0.03
SXNSXXX,1,0.03
SEXXXXH,1,0.03
SEXXXDX,1,0.03
SENXXXX,1,0.03
XXXXASM,1,0.03
XXXSXSM,1,0.03
XXIXXSM,1,0.03
XVXXXSM,1,0.03
XVXXAXM,1,0.03
XVXSXXM,1,0.03
XVIXXXM,1,0.03
XVIXXSX,1,0.03
LXXXXSM,1,0.03
LXXXAXM,1,0.03
LXXSXXM,1,0.03
LXIXXXM,1,0.03
LXIXXSX,1,0.03
LVXXXXM,1,0.03
LVXXXSX,1,0.03
LVIXXXX,1,0.03
NXXXXSD,1,0.03
NXAXXXD,1,0.03
NLXXXXD,1,0.03
XXXXARA,1,0.03
XXXSXRA,1,0.03
XXGXXRA,1,0.03
XEXXXRA,1,0.03
XEGXXXA,1,0.03
XEGXXRX,1,0.03
EXXXXRA,1,0.03
EXXXARX,1,0.03
EXXSXRX,1,0.03
EXGXXXA,1,0.03
EXGXXRX,1,0.03
EXGXAXX,1,0.03
EXGSXXX,1,0.03
EEXXXRX,1,0.03
EEGXXXX,1,0.03
XXXXANQ,1,0.03
XXXSXNQ,1,0.03
XXAXXNQ,1,0.03
XXAXANX,1,0.03
XXASXNX,1,0.03
XMXXXNQ,1,0.03
XMXXAXQ,1,0.03
XMXXANX,1,0.03
XMXSXXQ,1,0.03
XMXSXNX,1,0.03
XMAXXXQ,1,0.03
XMAXXNX,1,0.03
XMAXAXX,1,0.03
XMASXXX,1,0.03
EXXXXNQ,1,0.03
EXXXANX,1,0.03
EXXSXNX,1,0.03
EXAXXXQ,1,0.03
EXAXXNX,1,0.03
EMXXXXQ,1,0.03
EMXXXNX,1,0.03
EMAXXXX,1,0.03
VXXXXSL,1,0.03
VXLXXXL,1,0.03
VXLXXSX,1,0.03
VVXXXXL,1,0.03
VVXXXSX,1,0.03
VVLXXXX,1,0.03
EAXXXXI,1,0.03
EASXXXX,1,0.03
XXAXXLK,1,0.03
XXAXALX,1,0.03
XXASXLX,1,0.03
XQAXXXK,1,0.03
XQAXXLX,1,0.03
XQAXAXX,1,0.03
XQASXXX,1,0.03
KXXXXLK,1,0.03
KXXXAXK,1,0.03
KXXXALX,1,0.03
KXXSXXK,1,0.03
KXXSXLX,1,0.03
KXAXXXK,1,0.03
KXAXXLX,1,0.03
KXAXAXX,1,0.03
KXASXXX,1,0.03
KQXXXXK,1,0.03
KQXXXLX,1,0.03
KQXXAXX,1,0.03
KQXSXXX,1,0.03
KQAXXXX,1,0.03
XXXXAVH,1,0.03
XXXSXVH,1,0.03
XXQXXVH,1,0.03
XXQXAXH,1,0.03
XXQXAVX,1,0.03
XXQSXXH,1,0.03
XXQSXVX,1,0.03
XPXXXVH,1,0.03
XPQXXXH,1,0.03
XPQXXVX,1,0.03
XPQXAXX,1,0.03
XPQSXXX,1,0.03
TXXXXVH,1,0.03
TXXXAXH,1,0.03
TXXXAVX,1,0.03
TXXSXXH,1,0.03
TXXSXVX,1,0.03
TXQXXXH,1,0.03
TXQXXVX,1,0.03
TPXXXXH,1,0.03
TPXXXVX,1,0.03
TPXXAXX,1,0.03
TPXSXXX,1,0.03
TPQXXXX,1,0.03
XXTXXVT,1,0.03
XPTXXVX,1,0.03
VXTXXVX,1,0.03
XXKXXEA,1,0.03
XXKXAXA,1,0.03
XXKSXXA,1,0.03
XKXXXEA,1,0.03
XKXXAEX,1,0.03
XKXSXEX,1,0.03
XKKXXXA,1,0.03
XKKXXEX,1,0.03
XKKXAXX,1,0.03
XKKSXXX,1,0.03
IXXXXEA,1,0.03
IXKXXXA,1,0.03
IKXXXEX,1,0.03
IKKXXXX,1,0.03
XAXXXKR,1,0.03
XAVXXXR,1,0.03
VAXXXXR,1,0.03
XXXXANK,1,0.03
XXXSXNK,1,0.03
XXKXXNK,1,0.03
XXKXAXK,1,0.03
XXKXANX,1,0.03
XXKSXXK,1,0.03
XXKSXNX,1,0.03
XTXXXNK,1,0.03
XTXXANX,1,0.03
XTXSXNX,1,0.03
XTKXXXK,1,0.03
XTKXXNX,1,0.03
MXXXXNK,1,0.03
MXXXANX,1,0.03
MXXSXNX,1,0.03
MXKXXXK,1,0.03
MXKXXNX,1,0.03
MXKXAXX,1,0.03
MXKSXXX,1,0.03
MTXXXXK,1,0.03
MTXXXNX,1,0.03
MTXXAXX,1,0.03
MTXSXXX,1,0.03
MTKXXXX,1,0.03
XXXXARI,1,0.03
XXXSXRI,1,0.03
XXQXXRI,1,0.03
XXQXAXI,1,0.03
XXQXARX,1,0.03
XXQSXXI,1,0.03
XXQSXRX,1,0.03
XIXXXRI,1,0.03
XIXXAXI,1,0.03
XIXSXXI,1,0.03
XIQXXXI,1,0.03
XIQXXRX,1,0.03
XIQXAXX,1,0.03
XIQSXXX,1,0.03
PXXXXRI,1,0.03
PXXXAXI,1,0.03
PXXXARX,1,0.03
PXXSXXI,1,0.03
PXXSXRX,1,0.03
PXQXXXI,1,0.03
PXQXXRX,1,0.03
PXQXAXX,1,0.03
PXQSXXX,1,0.03
PIXXXXI,1,0.03
PIXXXRX,1,0.03
PIQXXXX,1,0.03
XXTXXVR,1,0.03
XXTXAXR,1,0.03
XXTSXXR,1,0.03
XGXXXVR,1,0.03
XGTXXXR,1,0.03
XGTXXVX,1,0.03
XGTXAXX,1,0.03
XGTSXXX,1,0.03
LXXXXVR,1,0.03
LXTXXXR,1,0.03
LXTXXVX,1,0.03
LXTXAXX,1,0.03
LXTSXXX,1,0.03
LGXXXXR,1,0.03
LGXXXVX,1,0.03
LGXXAXX,1,0.03
LGXSXXX,1,0.03
LGTXXXX,1,0.03
XXXXAAA,1,0.03
XXXSXAA,1,0.03
XXSXXAA,1,0.03
XXSXAXA,1,0.03
XXSXAAX,1,0.03
XXSSXXA,1,0.03
XXSSXAX,1,0.03
XKXXXAA,1,0.03
XKXXAAX,1,0.03
XKXSXAX,1,0.03
XKSXXXA,1,0.03
XKSXXAX,1,0.03
XKSXAXX,1,0.03
XKSSXXX,1,0.03
EXXXXAA,1,0.03
EXXXAAX,1,0.03
EXXSXAX,1,0.03
EXSXXXA,1,0.03
EXSXXAX,1,0.03
EKXXXXA,1,0.03
EKXXXAX,1,0.03
EKSXXXX,1,0.03
XXXXAAE,1,0.03
XXXSXAE,1,0.03
XXGXXAE,1,0.03
XDXXXAE,1,0.03
XDXXAAX,1,0.03
XDXSXAX,1,0.03
XDGXXXE,1,0.03
XDGXXAX,1,0.03
XDGXAXX,1,0.03
XDGSXXX,1,0.03
DXXXXAE,1,0.03
DXXXAAX,1,0.03
DXXSXAX,1,0.03
DXGXXXE,1,0.03
DXGXXAX,1,0.03
DXGXAXX,1,0.03
DXGSXXX,1,0.03
DDXXXXE,1,0.03
DDXXXAX,1,0.03
DDGXXXX,1,0.03
XXSXXQT,1,0.03
XXSXAXT,1,0.03
XXSXAQX,1,0.03
XXSSXXT,1,0.03
XXSSXQX,1,0.03
XVXXXQT,1,0.03
XVXXAQX,1,0.03
XVXSXQX,1,0.03
XVSXXXT,1,0.03
XVSXXQX,1,0.03
KXXXXQT,1,0.03
KXXXAQX,1,0.03
KXXSXQX,1,0.03
KXSXXXT,1,0.03
KXSXXQX,1,0.03
KXSXAXX,1,0.03
KXSSXXX,1,0.03
KVXXXXT,1,0.03
KVXXXQX,1,0.03
KVXXAXX,1,0.03
KVXSXXX,1,0.03
KVSXXXX,1,0.03
XXXXAFT,1,0.03
XXXSXFT,1,0.03
XXVXXFT,1,0.03
XPXXXFT,1,0.03
VXXXXFT,1,0.03
VXXXAFX,1,0.03
VXXSXFX,1,0.03
VXVXXFX,1,0.03
VPXXXFX,1,0.03
XXXXAMQ,1,0.03
XXXSXMQ,1,0.03
XXEXXMQ,1,0.03
XXEXAXQ,1,0.03
XXESXXQ,1,0.03
XIXXXMQ,1,0.03
XIXXAXQ,1,0.03
XIXSXXQ,1,0.03
XIEXXXQ,1,0.03
EXXXXMQ,1,0.03
EXEXXXQ,1,0.03
EIXXXXQ,1,0.03
XXRXXIS,1,0.03
XXRXAXS,1,0.03
XXRSXXS,1,0.03
XPRXXXS,1,0.03
XPRXXIX,1,0.03
XPRXAXX,1,0.03
XPRSXXX,1,0.03
QXRXXXS,1,0.03
QXRXXIX,1,0.03
QXRXAXX,1,0.03
QXRSXXX,1,0.03
QPXXXXS,1,0.03
QPXXXIX,1,0.03
QPRXXXX,1,0.03
XXGXXIE,1,0.03
XQXXXIE,1,0.03
XQGXXXE,1,0.03
AXXXXIE,1,0.03
AXXXAIX,1,0.03
AXXSXIX,1,0.03
AXGXXXE,1,0.03
AXGXXIX,1,0.03
AQXXXIX,1,0.03
AQGXXXX,1,0.03
XXIXXMT,1,0.03
XXXXAQS,1,0.03
XXXSXQS,1,0.03
XXTXXQS,1,0.03
XXTXAXS,1,0.03
XXTXAQX,1,0.03
XXTSXXS,1,0.03
XXTSXQX,1,0.03
XPXXXQS,1,0.03
XPTXXXS,1,0.03
XPTXXQX,1,0.03
VXXXXQS,1,0.03
VXTXXXS,1,0.03
VXTXXQX,1,0.03
XXAXXAK,1,0.03
XXAXAAX,1,0.03
XXASXAX,1,0.03
XAAXXXK,1,0.03
XAAXXAX,1,0.03
NXXXXAK,1,0.03
NXXXAXK,1,0.03
NXXXAAX,1,0.03
NXXSXXK,1,0.03
NXXSXAX,1,0.03
NXAXXXK,1,0.03
NXAXXAX,1,0.03
NAXXXXK,1,0.03
NAXXXAX,1,0.03
NAAXXXX,1,0.03
XXEXXAK,1,0.03
XXEXAAX,1,0.03
XXESXAX,1,0.03
XAEXXAX,1,0.03
GXXXXAK,1,0.03
GXXXAAX,1,0.03
GXXSXAX,1,0.03
GXEXXAX,1,0.03
GAXXXAX,1,0.03
XXRXXKV,1,0.03
XXRXAKX,1,0.03
XXRSXKX,1,0.03
XIXXXKV,1,0.03
XIXXAXV,1,0.03
XIXSXXV,1,0.03
XIRXXXV,1,0.03
XIRXXKX,1,0.03
KXXXXKV,1,0.03
KXXXAXV,1,0.03
KXXSXXV,1,0.03
KXRXXXV,1,0.03
KXRXXKX,1,0.03
KXRXAXX,1,0.03
KXRSXXX,1,0.03
KIXXXXV,1,0.03
KIXXXKX,1,0.03
KIRXXXX,1,0.03
XXAXXVT,1,0.03
XXAXAXT,1,0.03
XXASXXT,1,0.03
XPAXXXT,1,0.03
XPAXXVX,1,0.03
VXAXXXT,1,0.03
VXAXXVX,1,0.03
VXAXAXX,1,0.03
VXASXXX,1,0.03
VPAXXXX,1,0.03
IXXXXKY,1,0.03
IXXXAXY,1,0.03
IXXSXXY,1,0.03
IXIXXXY,1,0.03
IPXXXXY,1,0.03
XXXXANT,1,0.03
XXXSXNT,1,0.03
XXTXXNT,1,0.03
XXTXANX,1,0.03
XXTSXNX,1,0.03
XPXXXNT,1,0.03
XPXXANX,1,0.03
XPXSXNX,1,0.03
XPTXXNX,1,0.03
VXXXXNT,1,0.03
VXXXANX,1,0.03
VXXSXNX,1,0.03
VXTXXNX,1,0.03
VPXXXNX,1,0.03
XXTXXLT,1,0.03
XXTXALX,1,0.03
XXTSXLX,1,0.03
XPTXXLX,1,0.03
VXTXXLX,1,0.03
XXIXXYT,1,0.03
XXIXAYX,1,0.03
XXISXYX,1,0.03
XPIXXYX,1,0.03
VXXXXYT,1,0.03
VXXXAYX,1,0.03
VXXSXYX,1,0.03
VXIXXYX,1,0.03
VPXXXYX,1,0.03
XKXXXKA,1,0.03
XKIXXXA,1,0.03
DXXXXKA,1,0.03
DXXXAKX,1,0.03
DXXSXKX,1,0.03
DXIXXXA,1,0.03
DXIXXKX,1,0.03
DKXXXXA,1,0.03
DKXXXKX,1,0.03
DKIXXXX,1,0.03
XXCXXRT,1,0.03
XXCXARX,1,0.03
XXCSXRX,1,0.03
XLXXXRT,1,0.03
XLXXARX,1,0.03
XLXSXRX,1,0.03
XLCXXXT,1,0.03
XLCXXRX,1,0.03
XLCXAXX,1,0.03
XLCSXXX,1,0.03
DXXXXRT,1,0.03
DXXXARX,1,0.03
DXXSXRX,1,0.03
DXCXXXT,1,0.03
DXCXXRX,1,0.03
DXCXAXX,1,0.03
DXCSXXX,1,0.03
DLXXXXT,1,0.03
DLXXXRX,1,0.03
DLCXXXX,1,0.03
XXAXXEV,1,0.03
XXAXAEX,1,0.03
XXASXEX,1,0.03
XEXXXEV,1,0.03
XEXXAEX,1,0.03
XEXSXEX,1,0.03
XEAXXXV,1,0.03
XEAXXEX,1,0.03
SXAXXXV,1,0.03
SXAXXEX,1,0.03
SEXXXXV,1,0.03
SEXXXEX,1,0.03
SEAXXXX,1,0.03
XXXXATE,1,0.03
XXXSXTE,1,0.03
XXQXXTE,1,0.03
XXQXAXE,1,0.03
XXQXATX,1,0.03
XXQSXXE,1,0.03
XXQSXTX,1,0.03
XVXXXTE,1,0.03
XVXXAXE,1,0.03
XVXSXXE,1,0.03
XVQXXXE,1,0.03
XVQXXTX,1,0.03
TXXXXTE,1,0.03
TXQXXXE,1,0.03
TXQXXTX,1,0.03
TVXXXXE,1,0.03
TVXXXTX,1,0.03
TVXXAXX,1,0.03
TVXSXXX,1,0.03
TVQXXXX,1,0.03
XXAXXGY,1,0.03
XXAXAXY,1,0.03
XXASXXY,1,0.03
XEXXXGY,1,0.03
XEXXAXY,1,0.03
XEXSXXY,1,0.03
XEAXXXY,1,0.03
XEAXXGX,1,0.03
PXXXXGY,1,0.03
PXXXAXY,1,0.03
PXXSXXY,1,0.03
PXAXXXY,1,0.03
PEXXXXY,1,0.03
PEAXXXX,1,0.03
XXQXXSF,1,0.03
XXQXAXF,1,0.03
XXQXASX,1,0.03
XXQSXXF,1,0.03
XXQSXSX,1,0.03
XGXXXSF,1,0.03
XGXXAXF,1,0.03
XGXXASX,1,0.03
XGXSXXF,1,0.03
XGXSXSX,1,0.03
XGQXXXF,1,0.03
XGQXXSX,1,0.03
XGQXAXX,1,0.03
XGQSXXX,1,0.03
CXXXXSF,1,0.03
CXXXAXF,1,0.03
CXXXASX,1,0.03
CXXSXXF,1,0.03
CXXSXSX,1,0.03
CXQXXXF,1,0.03
CXQXXSX,1,0.03
CXQXAXX,1,0.03
CXQSXXX,1,0.03
CGXXXXF,1,0.03
CGXXXSX,1,0.03
CGQXXXX,1,0.03
XXXXADS,1,0.03
XXXSXDS,1,0.03
XXGXXDS,1,0.03
XKXXXDS,1,0.03
XKXXADX,1,0.03
XKXSXDX,1,0.03
XKGXXXS,1,0.03
XKGXXDX,1,0.03
SXXXXDS,1,0.03
SXXXAXS,1,0.03
SXXSXXS,1,0.03
SXGXXXS,1,0.03
SXGXXDX,1,0.03
SXGXAXX,1,0.03
SXGSXXX,1,0.03
SKXXXXS,1,0.03
SKXXXDX,1,0.03
SKGXXXX,1,0.03
XXXXAVM,1,0.03
XXXSXVM,1,0.03
XXFXXVM,1,0.03
XIXXXVM,1,0.03
XIFXXXM,1,0.03
XIFXXVX,1,0.03
XIFXAXX,1,0.03
XIFSXXX,1,0.03
KXXXXVM,1,0.03
KXXXAXM,1,0.03
KXXXAVX,1,0.03
KXXSXXM,1,0.03
KXXSXVX,1,0.03
KXFXXXM,1,0.03
KXFXXVX,1,0.03
KXFXAXX,1,0.03
KXFSXXX,1,0.03
KIXXXXM,1,0.03
KIXXXVX,1,0.03
KIFXXXX,1,0.03
XXXXAIM,1,0.03
XXXSXIM,1,0.03
XXFXXIM,1,0.03
XLXXXIM,1,0.03
XLXXAXM,1,0.03
XLXSXXM,1,0.03
XLFXXXM,1,0.03
XLFXXIX,1,0.03
RXXXXIM,1,0.03
RXXXAXM,1,0.03
RXXXAIX,1,0.03
RXXSXXM,1,0.03
RXXSXIX,1,0.03
RXFXXXM,1,0.03
RXFXXIX,1,0.03
RLXXXXM,1,0.03
RLXXXIX,1,0.03
RLXXAXX,1,0.03
RLXSXXX,1,0.03
RLFXXXX,1,0.03
YXXXXFK,1,0.03
YXXXAXK,1,0.03
YXXXAFX,1,0.03
YXXSXXK,1,0.03
YXXSXFX,1,0.03
YXGXXXK,1,0.03
YXGXXFX,1,0.03
YCXXXXK,1,0.03
YCXXXFX,1,0.03
YCXXAXX,1,0.03
YCXSXXX,1,0.03
YCGXXXX,1,0.03
XXXXAGK,1,0.03
XXXSXGK,1,0.03
XXQXXGK,1,0.03
XXQXAXK,1,0.03
XXQXAGX,1,0.03
XXQSXXK,1,0.03
XXQSXGX,1,0.03
XKXXXGK,1,0.03
XKQXXXK,1,0.03
XKQXXGX,1,0.03
XKQXAXX,1,0.03
XKQSXXX,1,0.03
EXXXXGK,1,0.03
EXQXXXK,1,0.03
EXQXXGX,1,0.03
EXQXAXX,1,0.03
EXQSXXX,1,0.03
EKXXXXK,1,0.03
EKXXXGX,1,0.03
EKQXXXX,1,0.03
XXVXXGQ,1,0.03
XDXXXGQ,1,0.03
XDXXAGX,1,0.03
XDXSXGX,1,0.03
XDVXXGX,1,0.03
PXVXXXQ,1,0.03
PXVXXGX,1,0.03
PXVXAXX,1,0.03
PXVSXXX,1,0.03
PDXXXXQ,1,0.03
PDXXXGX,1,0.03
PDXXAXX,1,0.03
PDXSXXX,1,0.03
PDVXXXX,1,0.03
XVXXXGQ,1,0.03
XVXXAXQ,1,0.03
XVXSXXQ,1,0.03
XVLXXXQ,1,0.03
XVLXXGX,1,0.03
NXXXXGQ,1,0.03
NXXXAXQ,1,0.03
NXXSXXQ,1,0.03
NXLXXXQ,1,0.03
NVXXXXQ,1,0.03
NVLXXXX,1,0.03
XXXXALI,1,0.03
XXXSXLI,1,0.03
XXLXXLI,1,0.03
XDXXXLI,1,0.03
XDLXXXI,1,0.03
XDLXXLX,1,0.03
DXXXXLI,1,0.03
DXLXXXI,1,0.03
DDXXXXI,1,0.03
DDXXXLX,1,0.03
DDLXXXX,1,0.03
XEXXXDR,1,0.03
XEDXXXR,1,0.03
XEDXXDX,1,0.03
XEDXAXX,1,0.03
XEDSXXX,1,0.03
AXXXXDR,1,0.03
AXXXAXR,1,0.03
AXXSXXR,1,0.03
AXDXXXR,1,0.03
AXDXXDX,1,0.03
AXDXAXX,1,0.03
AXDSXXX,1,0.03
AEXXXXR,1,0.03
AEXXXDX,1,0.03
AEDXXXX,1,0.03
XXRXXGV,1,0.03
XXRXAGX,1,0.03
XXRSXGX,1,0.03
XAXXXGV,1,0.03
XARXXXV,1,0.03
XARXXGX,1,0.03
XARXAXX,1,0.03
XARSXXX,1,0.03
HXXXXGV,1,0.03
HXXXAXV,1,0.03
HXXXAGX,1,0.03
HXXSXXV,1,0.03
HXXSXGX,1,0.03
HXRXXXV,1,0.03
HXRXXGX,1,0.03
HXRXAXX,1,0.03
HXRSXXX,1,0.03
HAXXXXV,1,0.03
HAXXXGX,1,0.03
HAXXAXX,1,0.03
HAXSXXX,1,0.03
HARXXXX,1,0.03
AQXXXGX,1,0.03
AQLXXXX,1,0.03
XELXXXD,1,0.03
SXXXXGD,1,0.03
SXXXAXD,1,0.03
SXXXAGX,1,0.03
SXXSXXD,1,0.03
SXXSXGX,1,0.03
SXLXXXD,1,0.03
SXLXXGX,1,0.03
SXLXAXX,1,0.03
SXLSXXX,1,0.03
SEXXXXD,1,0.03
SEXXXGX,1,0.03
SELXXXX,1,0.03
XXLXXDG,1,0.03
XXLXADX,1,0.03
XXLSXDX,1,0.03
XMXXXDG,1,0.03
XMXXAXG,1,0.03
XMXXADX,1,0.03
XMXSXXG,1,0.03
XMXSXDX,1,0.03
XMLXXXG,1,0.03
XMLXXDX,1,0.03
EXXXXDG,1,0.03
EXXXAXG,1,0.03
EXXSXXG,1,0.03
EXLXXXG,1,0.03
EXLXXDX,1,0.03
EMXXXXG,1,0.03
EMXXXDX,1,0.03
EMLXXXX,1,0.03
PXXXXGD,1,0.03
PXXXAXD,1,0.03
PXXSXXD,1,0.03
PXLXXXD,1,0.03
PQXXXXD,1,0.03
DQXXXXD,1,0.03
XXXXAGN,1,0.03
XXXSXGN,1,0.03
XXMXXGN,1,0.03
XXMXAXN,1,0.03
XXMXAGX,1,0.03
XXMSXXN,1,0.03
XXMSXGX,1,0.03
XEXXXGN,1,0.03
XEMXXXN,1,0.03
XEMXXGX,1,0.03
XEMXAXX,1,0.03
XEMSXXX,1,0.03
LXXXXGN,1,0.03
LXMXXXN,1,0.03
LXMXXGX,1,0.03
LXMXAXX,1,0.03
LXMSXXX,1,0.03
LEXXXXN,1,0.03
LEXXXGX,1,0.03
LEXXAXX,1,0.03
LEXSXXX,1,0.03
LEMXXXX,1,0.03
XEIXXXD,1,0.03
XEIXXGX,1,0.03
DXIXXXD,1,0.03
DXIXXGX,1,0.03
DEXXXXD,1,0.03
DEIXXXX,1,0.03
XVIXXXD,1,0.03
XVIXXGX,1,0.03
NXIXXXD,1,0.03
NXIXXGX,1,0.03
NXIXAXX,1,0.03
NXISXXX,1,0.03
NVIXXXX,1,0.03
EXXXXGM,1,0.03
EXXXAXM,1,0.03
EXXSXXM,1,0.03
EXLXXXM,1,0.03
EEXXXXM,1,0.03
DQXXXXE,1,0.03
XXLXXGY,1,0.03
XXLXAXY,1,0.03
XXLSXXY,1,0.03
XSXXXGY,1,0.03
XSXXAXY,1,0.03
XSXSXXY,1,0.03
XSLXXXY,1,0.03
EXXXXGY,1,0.03
EXXXAXY,1,0.03
EXXSXXY,1,0.03
EXLXXXY,1,0.03
ESXXXXY,1,0.03
XKXXXGD,1,0.03
XKXXAXD,1,0.03
XKXSXXD,1,0.03
XKLXXXD,1,0.03
XKLXXGX,1,0.03
DKXXXXD,1,0.03
DKXXXGX,1,0.03
DKLXXXX,1,0.03
EEXXXXE,1,0.03
TXXXXGE,1,0.03
TXXXAGX,1,0.03
TXXSXGX,1,0.03
TXLXXXE,1,0.03
TXLXXGX,1,0.03
TXLXAXX,1,0.03
TXLSXXX,1,0.03
TQXXXXE,1,0.03
TQXXXGX,1,0.03
TQXXAXX,1,0.03
TQXSXXX,1,0.03
TQLXXXX,1,0.03
XAXXXGA,1,0.03
DXXXXGA,1,0.03
DXLXXXA,1,0.03
DAXXXXA,1,0.03
DAXXXGX,1,0.03
XALXXXE,1,0.03
AAXXXXE,1,0.03
AAXXXGX,1,0.03
AALXXXX,1,0.03
XCXXXGE,1,0.03
XCXXAXE,1,0.03
XCXXAGX,1,0.03
XCXSXXE,1,0.03
XCXSXGX,1,0.03
XCLXXXE,1,0.03
XCLXXGX,1,0.03
XCLXAXX,1,0.03
XCLSXXX,1,0.03
NXXXXGE,1,0.03
NXXXAXE,1,0.03
NXXSXXE,1,0.03
NXLXXXE,1,0.03
NCXXXXE,1,0.03
NCXXXGX,1,0.03
NCXXAXX,1,0.03
NCXSXXX,1,0.03
NCLXXXX,1,0.03
XXXXAYE,1,0.03
XXXSXYE,1,0.03
XXDXXYE,1,0.03
XXDXAXE,1,0.03
XXDSXXE,1,0.03
XRXXXYE,1,0.03
XRDXXXE,1,0.03
HXXXXYE,1,0.03
HXXXAXE,1,0.03
HXXSXXE,1,0.03
HXDXXXE,1,0.03
HRXXXXE,1,0.03
XMXXXGE,1,0.03
XMXXAXE,1,0.03
XMXXAGX,1,0.03
XMXSXXE,1,0.03
XMXSXGX,1,0.03
XMLXXXE,1,0.03
XMLXXGX,1,0.03
PMXXXXE,1,0.03
PMXXXGX,1,0.03
PMXXAXX,1,0.03
PMXSXXX,1,0.03
PMLXXXX,1,0.03
KSXXXXE,1,0.03
KSXXXGX,1,0.03
KSXXAXX,1,0.03
KSXSXXX,1,0.03
KSLXXXX,1,0.03
EXXXXGD,1,0.03
EXXXAXD,1,0.03
EXXSXXD,1,0.03
EXLXXXD,1,0.03
ESXXXXD,1,0.03
DXXXXGM,1,0.03
DXXXAXM,1,0.03
DXXSXXM,1,0.03
DXLXXXM,1,0.03
DEXXXXM,1,0.03
DELXXXX,1,0.03
DSXXXXD,1,0.03
XXXXAVL,1,0.03
XXXSXVL,1,0.03
XXPXXVL,1,0.03
XXPXAXL,1,0.03
XXPXAVX,1,0.03
XXPSXXL,1,0.03
XXPSXVX,1,0.03
XQXXXVL,1,0.03
XQXXAXL,1,0.03
XQXXAVX,1,0.03
XQXSXXL,1,0.03
XQXSXVX,1,0.03
XQPXXXL,1,0.03
XQPXXVX,1,0.03
XQPXAXX,1,0.03
XQPSXXX,1,0.03
RXXXXVL,1,0.03
RXXXAXL,1,0.03
RXXXAVX,1,0.03
RXXSXXL,1,0.03
RXXSXVX,1,0.03
RXPXXXL,1,0.03
RXPXXVX,1,0.03
RXPXAXX,1,0.03
RXPSXXX,1,0.03
RQXXXXL,1,0.03
RQXXXVX,1,0.03
RQXXAXX,1,0.03
RQXSXXX,1,0.03
RQPXXXX,1,0.03
QXXXXGM,1,0.03
QXXXAGX,1,0.03
QXXSXGX,1,0.03
QXLXXXM,1,0.03
QXLXXGX,1,0.03
QXLXAXX,1,0.03
QXLSXXX,1,0.03
QEXXXXM,1,0.03
QEXXXGX,1,0.03
QELXXXX,1,0.03
XXVXXGD,1,0.03
XVVXXXD,1,0.03
NXVXXXD,1,0.03
NXVXXGX,1,0.03
NXVXAXX,1,0.03
NXVSXXX,1,0.03
NVVXXXX,1,0.03
XXLXXLL,1,0.03
XALXXXL,1,0.03
XALXXLX,1,0.03
DXXXXLL,1,0.03
DXXXAXL,1,0.03
DXXSXXL,1,0.03
DXLXXXL,1,0.03
DAXXXXL,1,0.03
DAXXXLX,1,0.03
PSXXXXQ,1,0.03
PSXXXGX,1,0.03
PSXXAXX,1,0.03
PSXSXXX,1,0.03
PSLXXXX,1,0.03
XXXXATA,1,0.03
XXXSXTA,1,0.03
XXHXXTA,1,0.03
XXHXAXA,1,0.03
XXHXATX,1,0.03
XXHSXXA,1,0.03
XXHSXTX,1,0.03
XKXXXTA,1,0.03
XKHXXXA,1,0.03
XKHXXTX,1,0.03
XKHXAXX,1,0.03
XKHSXXX,1,0.03
PXXXXTA,1,0.03
PXXXAXA,1,0.03
PXXXATX,1,0.03
PXXSXXA,1,0.03
PXXSXTX,1,0.03
PXHXXXA,1,0.03
PXHXXTX,1,0.03
PXHXAXX,1,0.03
PXHSXXX,1,0.03
PKXXXXA,1,0.03
PKXXXTX,1,0.03
PKHXXXX,1,0.03
XWXXXLT,1,0.03
XWXXALX,1,0.03
XWXSXLX,1,0.03
XWGXXLX,1,0.03
FWXXXLX,1,0.03
XFXXXLK,1,0.03
XFXXAXK,1,0.03
XFXSXXK,1,0.03
XFGXXXK,1,0.03
FXXXXLK,1,0.03
FFXXXXK,1,0.03
XXXXAAN,1,0.03
XXXSXAN,1,0.03
XXGXXAN,1,0.03
XFXXXAN,1,0.03
XFXXAAX,1,0.03
XFXSXAX,1,0.03
XFGXXAX,1,0.03
FXXXXAN,1,0.03
FXXXAAX,1,0.03
FXXSXAX,1,0.03
FXGXXAX,1,0.03
FFXXXAX,1,0.03
LXXXXLN,1,0.03
LXGXXXN,1,0.03
LFXXXXN,1,0.03
LFXXXLX,1,0.03
LFXXAXX,1,0.03
LFXSXXX,1,0.03
LFGXXXX,1,0.03
XXTXXVA,1,0.03
XXTXAXA,1,0.03
XXTSXXA,1,0.03
XVXXXVA,1,0.03
XVXXAXA,1,0.03
XVXSXXA,1,0.03
XVTXXXA,1,0.03
XVTXXVX,1,0.03
QXXXXVA,1,0.03
QXXXAVX,1,0.03
QXXSXVX,1,0.03
QXTXXXA,1,0.03
QXTXXVX,1,0.03
QXTXAXX,1,0.03
QXTSXXX,1,0.03
QVXXXXA,1,0.03
QVXXXVX,1,0.03
QVXXAXX,1,0.03
QVXSXXX,1,0.03
QVTXXXX,1,0.03
XFXXXLA,1,0.03
XFXXAXA,1,0.03
XFXSXXA,1,0.03
XFGXXXA,1,0.03
FXXXXLA,1,0.03
FXXXAXA,1,0.03
FXXSXXA,1,0.03
FXGXXXA,1,0.03
FFXXXXA,1,0.03
XFXXXLS,1,0.03
FXXXXLS,1,0.03
FXXXAXS,1,0.03
FXXSXXS,1,0.03
FXGXXXS,1,0.03
FFXXXXS,1,0.03
FXXXXLN,1,0.03
XXXXAYK,1,0.03
XXXSXYK,1,0.03
XXGXXYK,1,0.03
XLXXXYK,1,0.03
XLXXAYX,1,0.03
XLXSXYX,1,0.03
XLGXXXK,1,0.03
XLGXXYX,1,0.03
XLGXAXX,1,0.03
XLGSXXX,1,0.03
LXXXXYK,1,0.03
LXXXAXK,1,0.03
LXXSXXK,1,0.03
LXGXXXK,1,0.03
LLXXXXK,1,0.03
LLXXXYX,1,0.03
LLGXXXX,1,0.03
