VVGSXXE,31,36.05
VVGSXEX,22,25.58
VXGSXEE,20,23.26
VXGSTXE,19,22.09
VXGSTEX,18,20.93
VVGSTXX,18,20.93
XXGSTEE,17,19.77
XVGSXEE,17,19.77
XVGSTXE,17,19.77
VXXSTEE,17,19.77
VXGXTEE,17,19.77
VVXSXEE,17,19.77
VVXSTXE,17,19.77
VVGXXEE,17,19.77
VVGXTXE,17,19.77
XVGSTEX,16,18.6
VVXSTEX,16,18.6
VVGXTEX,16,18.6
XVXSTEE,15,17.44
XVGXTEE,15,17.44
VVXXTEE,15,17.44
SXPFAVX,15,17.44
VXGSNTX,14,16.28
XIPFAVX,14,16.28
XXPFAVV,13,15.12
VVGSNXX,13,15.12
XXPFAVI,10,11.63
SXXFAVI,10,11.63
SXPXAVI,10,11.63
SXPFXVI,10,11.63
SXPFAXI,10,11.63
VIGSNXX,10,11.63
XIGSNXV,9,10.47
XXGSNQL,9,10.47
VXXSNQL,9,10.47
VXGXNQL,9,10.47
VXGSXQL,9,10.47
VXGSNXL,9,10.47
VXGSNQX,9,10.47
XIPFAXV,9,10.47
XXGSNTV,8,9.3
XIXSNTV,8,9.3
XIGXNTV,8,9.3
XIGSXTV,8,9.3
XIGSNTX,8,9.3
VXXSNTV,8,9.3
VXGXNTV,8,9.3
VXGSXTV,8,9.3
VXGSNXV,8,9.3
VIXXNTV,8,9.3
VIXSXTV,8,9.3
VIXSNXV,8,9.3
VIXSNTX,8,9.3
VIGXXTV,8,9.3
VIGXNXV,8,9.3
VIGXNTX,8,9.3
VIGSXXV,8,9.3
VIGSXTX,8,9.3
XIPFAXI,8,9.3
SIXFAVX,8,9.3
SIPXAVX,8,9.3
SIPFXVX,8,9.3
SIPFAXX,8,9.3
XIXFAVV,8,9.3
XIPXAVV,8,9.3
XIPFXVV,8,9.3
XVXSNQL,7,8.14
XVGXNQL,7,8.14
XVGSXQL,7,8.14
XVGSNXL,7,8.14
XVGSNQX,7,8.14
VVXXNQL,7,8.14
VVXSXQL,7,8.14
VVXSNXL,7,8.14
VVXSNQX,7,8.14
VVGXXQL,7,8.14
VVGXNXL,7,8.14
VVGXNQX,7,8.14
VVGSXXL,7,8.14
VVGSXQX,7,8.14
XXGSNTI,6,6.98
XVXSNTI,6,6.98
XVGXNTI,6,6.98
XVGSXTI,6,6.98
XVGSNXI,6,6.98
XVGSNTX,6,6.98
VXXSNTI,6,6.98
VXGXNTI,6,6.98
VXGSXTI,6,6.98
VXGSNXI,6,6.98
VVXXNTI,6,6.98
VVXSXTI,6,6.98
VVXSNXI,6,6.98
VVXSNTX,6,6.98
VVGXXTI,6,6.98
VVGXNXI,6,6.98
VVGXNTX,6,6.98
VVGSXXI,6,6.98
VVGSXTX,6,6.98
XIXFAVI,6,6.98
XIPXAVI,6,6.98
XIPFXVI,6,6.98
SIXXAVI,6,6.98
SIXFXVI,6,6.98
SIXFAXI,6,6.98
SIPXXVI,6,6.98
SIPXAXI,6,6.98
SIPFXXI,6,6.98
XVGSDXE,6,6.98
VXGSDXE,6,6.98
VVXSDXE,6,6.98
VVGXDXE,6,6.98
VVGSDXX,6,6.98
XVGSXDE,6,6.98
XVGSMXE,6,6.98
VXGSXDE,6,6.98
VXGSMXE,6,6.98
VVXSXDE,6,6.98
VVXSMXE,6,6.98
VVGXXDE,6,6.98
VVGXMXE,6,6.98
VVGSXDX,6,6.98
VVGSMXX,6,6.98
XXFSVVG,5,5.81
XPXSVVG,5,5.81
XPFXVVG,5,5.81
XPFSXVG,5,5.81
XPFSVXG,5,5.81
XPFSVVX,5,5.81
IXXSVVG,5,5.81
IXFXVVG,5,5.81
IXFSXVG,5,5.81
IXFSVXG,5,5.81
IXFSVVX,5,5.81
IPXXVVG,5,5.81
IPXSXVG,5,5.81
IPXSVXG,5,5.81
IPXSVVX,5,5.81
IPFXXVG,5,5.81
IPFXVXG,5,5.81
IPFXVVX,5,5.81
IPFSXXG,5,5.81
IPFSXVX,5,5.81
IPFSVXX,5,5.81
SXXFAVV,5,5.81
SXPXAVV,5,5.81
SXPFXVV,5,5.81
SXPFAXV,5,5.81
XXGSMDE,5,5.81
XVXSMDE,5,5.81
XVGXMDE,5,5.81
XVGSMDX,5,5.81
VXXSMDE,5,5.81
VXGXMDE,5,5.81
VXGSMDX,5,5.81
VVXXMDE,5,5.81
VVXSMDX,5,5.81
VVGXMDX,5,5.81
XAXFAVI,4,4.65
XAPXAVI,4,4.65
XAPFXVI,4,4.65
XAPFAXI,4,4.65
XAPFAVX,4,4.65
SAXXAVI,4,4.65
SAXFXVI,4,4.65
SAXFAXI,4,4.65
SAXFAVX,4,4.65
SAPXXVI,4,4.65
SAPXAXI,4,4.65
SAPXAVX,4,4.65
SAPFXXI,4,4.65
SAPFXVX,4,4.65
SAPFAXX,4,4.65
XMPFAXV,4,4.65
VVGSXKX,4,4.65
XVGSXEV,4,4.65
VXGSXEV,4,4.65
VVXSXEV,4,4.65
VVGXXEV,4,4.65
VVGSXXV,4,4.65
XIPFAIX,4,4.65
XMXFAVV,3,3.49
XMPXAVV,3,3.49
XMPFXVV,3,3.49
XMPFAVX,3,3.49
XXGSDKE,3,3.49
XVXSDKE,3,3.49
XVGXDKE,3,3.49
XVGSXKE,3,3.49
XVGSDKX,3,3.49
VXXSDKE,3,3.49
VXGXDKE,3,3.49
VXGSXKE,3,3.49
VXGSDKX,3,3.49
VVXXDKE,3,3.49
VVXSXKE,3,3.49
VVXSDKX,3,3.49
VVGXXKE,3,3.49
VVGXDKX,3,3.49
XIGSXEE,3,3.49
VIXSXEE,3,3.49
VIGXXEE,3,3.49
VIGSXXE,3,3.49
VIGSXEX,3,3.49
XXGSDHE,3,3.49
XVXSDHE,3,3.49
XVGXDHE,3,3.49
XVGSXHE,3,3.49
XVGSDHX,3,3.49
VXXSDHE,3,3.49
VXGXDHE,3,3.49
VXGSXHE,3,3.49
VXGSDHX,3,3.49
VVXXDHE,3,3.49
VVXSXHE,3,3.49
VVXSDHX,3,3.49
VVGXXHE,3,3.49
VVGXDHX,3,3.49
VVGSXHX,3,3.49
XXGSCEV,3,3.49
XVXSCEV,3,3.49
XVGXCEV,3,3.49
XVGSCXV,3,3.49
XVGSCEX,3,3.49
VXXSCEV,3,3.49
VXGXCEV,3,3.49
VXGSCXV,3,3.49
VXGSCEX,3,3.49
VVXXCEV,3,3.49
VVXSCXV,3,3.49
VVXSCEX,3,3.49
VVGXCXV,3,3.49
VVGXCEX,3,3.49
VVGSCXX,3,3.49
LXPFAIX,3,3.49
LIPFAXX,3,3.49
XXPFAII,3,3.49
XVPFAVX,2,2.33
XVXGANT,2,2.33
AXXGANT,2,2.33
AVXXANT,2,2.33
AVXGXNT,2,2.33
AVXGAXT,2,2.33
AVXGANX,2,2.33
SMXXAVV,2,2.33
SMXFXVV,2,2.33
SMXFAXV,2,2.33
SMXFAVX,2,2.33
SMPXXVV,2,2.33
SMPXAXV,2,2.33
SMPXAVX,2,2.33
SMPFXXV,2,2.33
SMPFXVX,2,2.33
SMPFAXX,2,2.33
XIXSTEE,2,2.33
XIGXTEE,2,2.33
XIGSTXE,2,2.33
XIGSTEX,2,2.33
VIXXTEE,2,2.33
VIXSTXE,2,2.33
VIXSTEX,2,2.33
VIGXTXE,2,2.33
VIGXTEX,2,2.33
VIGSTXX,2,2.33
MXXFAVV,2,2.33
MXPXAVV,2,2.33
MXPFXVV,2,2.33
MXPFAXV,2,2.33
MXPFAVX,2,2.33
MIXXAVV,2,2.33
MIXFXVV,2,2.33
MIXFAXV,2,2.33
MIXFAVX,2,2.33
MIPXXVV,2,2.33
MIPXAXV,2,2.33
MIPXAVX,2,2.33
MIPFXXV,2,2.33
MIPFXVX,2,2.33
MIPFAXX,2,2.33
SIXXAVV,2,2.33
SIXFXVV,2,2.33
SIXFAXV,2,2.33
SIPXXVV,2,2.33
SIPXAXV,2,2.33
SIPFXXV,2,2.33
LIXFAIX,2,2.33
LIPXAIX,2,2.33
LIPFXIX,2,2.33
XVGSXNE,2,2.33
VXGSXNE,2,2.33
VVXSXNE,2,2.33
VVGXXNE,2,2.33
VVGSXNX,2,2.33
VVGSEXX,2,2.33
XIXFAII,2,2.33
XIPXAII,2,2.33
XIPFXII,2,2.33
LXXFAII,2,2.33
LXPXAII,2,2.33
LXPFXII,2,2.33
LXPFAXI,2,2.33
IIXSNEX,2,2.33
XXPFAIV,2,2.33
TXPFAXV,2,2.33
XIXSNQL,2,2.33
XIGXNQL,2,2.33
XIGSXQL,2,2.33
XIGSNXL,2,2.33
XIGSNQX,2,2.33
VIXXNQL,2,2.33
VIXSXQL,2,2.33
VIXSNXL,2,2.33
VIXSNQX,2,2.33
VIGXXQL,2,2.33
VIGXNXL,2,2.33
VIGXNQX,2,2.33
VIGSXXL,2,2.33
VIGSXQX,2,2.33
VXGSSEX,2,2.33
XGSSEXV,2,2.33
NXXFAVV,2,2.33
NXPXAVV,2,2.33
NXPFXVV,2,2.33
NXPFAXV,2,2.33
NXPFAVX,2,2.33
NIXXAVV,2,2.33
NIXFXVV,2,2.33
NIXFAXV,2,2.33
NIXFAVX,2,2.33
NIPXXVV,2,2.33
NIPXAXV,2,2.33
NIPXAVX,2,2.33
NIPFXXV,2,2.33
NIPFXVX,2,2.33
NIPFAXX,2,2.33
IIASNXX,2,2.33
XVXFAVV,1,1.16
XVPXAVV,1,1.16
XVPFXVV,1,1.16
XVPFAXV,1,1.16
RXXFAVV,1,1.16
RXPXAVV,1,1.16
RXPFXVV,1,1.16
RXPFAXV,1,1.16
RXPFAVX,1,1.16
RVXXAVV,1,1.16
RVXFXVV,1,1.16
RVXFAXV,1,1.16
RVXFAVX,1,1.16
RVPXXVV,1,1.16
RVPXAXV,1,1.16
RVPXAVX,1,1.16
RVPFXXV,1,1.16
RVPFXVX,1,1.16
RVPFAXX,1,1.16
XXVGANT,1,1.16
XVVXANT,1,1.16
XVVGXNT,1,1.16
XVVGAXT,1,1.16
XVVGANX,1,1.16
AXVXANT,1,1.16
AXVGXNT,1,1.16
AXVGAXT,1,1.16
AXVGANX,1,1.16
AVVXXNT,1,1.16
AVVXAXT,1,1.16
AVVXANX,1,1.16
AVVGXXT,1,1.16
AVVGXNX,1,1.16
AVVGAXX,1,1.16
XXPFAIA,1,1.16
XIXFAIA,1,1.16
XIPXAIA,1,1.16
XIPFXIA,1,1.16
XIPFAXA,1,1.16
LXXFAIA,1,1.16
LXPXAIA,1,1.16
LXPFXIA,1,1.16
LXPFAXA,1,1.16
LIXXAIA,1,1.16
LIXFXIA,1,1.16
LIXFAXA,1,1.16
LIPXXIA,1,1.16
LIPXAXA,1,1.16
LIPFXXA,1,1.16
XXAIAGS,1,1.16
XFXIAGS,1,1.16
XFAXAGS,1,1.16
XFAIXGS,1,1.16
XFAIAXS,1,1.16
XFAIAGX,1,1.16
PXXIAGS,1,1.16
PXAXAGS,1,1.16
PXAIXGS,1,1.16
PXAIAXS,1,1.16
PXAIAGX,1,1.16
PFXXAGS,1,1.16
PFXIXGS,1,1.16
PFXIAXS,1,1.16
PFXIAGX,1,1.16
PFAXXGS,1,1.16
PFAXAXS,1,1.16
PFAXAGX,1,1.16
PFAIXXS,1,1.16
PFAIXGX,1,1.16
PFAIAXX,1,1.16
XXGSETE,1,1.16
XAXSETE,1,1.16
XAGXETE,1,1.16
XAGSXTE,1,1.16
XAGSEXE,1,1.16
XAGSETX,1,1.16
IXXSETE,1,1.16
IXGXETE,1,1.16
IXGSXTE,1,1.16
IXGSEXE,1,1.16
IXGSETX,1,1.16
IAXXETE,1,1.16
IAXSXTE,1,1.16
IAXSEXE,1,1.16
IAXSETX,1,1.16
IAGXXTE,1,1.16
IAGXEXE,1,1.16
IAGXETX,1,1.16
IAGSXXE,1,1.16
IAGSXTX,1,1.16
IAGSEXX,1,1.16
IXXFAVV,1,1.16
IXPXAVV,1,1.16
IXPFXVV,1,1.16
IXPFAXV,1,1.16
IXPFAVX,1,1.16
IIXXAVV,1,1.16
IIXFXVV,1,1.16
IIXFAXV,1,1.16
IIXFAVX,1,1.16
IIPXXVV,1,1.16
IIPXAXV,1,1.16
IIPXAVX,1,1.16
IIPFXXV,1,1.16
IIPFXVX,1,1.16
IIPFAXX,1,1.16
XXGSENE,1,1.16
XVXSENE,1,1.16
XVGXENE,1,1.16
XVGSEXE,1,1.16
XVGSENX,1,1.16
VXXSENE,1,1.16
VXGXENE,1,1.16
VXGSEXE,1,1.16
VXGSENX,1,1.16
VVXXENE,1,1.16
VVXSEXE,1,1.16
VVXSENX,1,1.16
VVGXEXE,1,1.16
VVGXENX,1,1.16
XXNSLIP,1,1.16
XLXSLIP,1,1.16
XLNXLIP,1,1.16
XLNSXIP,1,1.16
XLNSLXP,1,1.16
XLNSLIX,1,1.16
YXXSLIP,1,1.16
YXNXLIP,1,1.16
YXNSXIP,1,1.16
YXNSLXP,1,1.16
YXNSLIX,1,1.16
YLXXLIP,1,1.16
YLXSXIP,1,1.16
YLXSLXP,1,1.16
YLXSLIX,1,1.16
YLNXXIP,1,1.16
YLNXLXP,1,1.16
YLNXLIX,1,1.16
YLNSXXP,1,1.16
YLNSXIX,1,1.16
YLNSLXX,1,1.16
LIXXAII,1,1.16
LIXFXII,1,1.16
LIXFAXI,1,1.16
LIPXXII,1,1.16
LIPXAXI,1,1.16
LIPFXXI,1,1.16
XXIGANE,1,1.16
XIXGANE,1,1.16
XIIXANE,1,1.16
XIIGXNE,1,1.16
XIIGAXE,1,1.16
XIIGANX,1,1.16
AXXGANE,1,1.16
AXIXANE,1,1.16
AXIGXNE,1,1.16
AXIGAXE,1,1.16
AXIGANX,1,1.16
AIXXANE,1,1.16
AIXGXNE,1,1.16
AIXGAXE,1,1.16
AIXGANX,1,1.16
AIIXXNE,1,1.16
AIIXAXE,1,1.16
AIIXANX,1,1.16
AIIGXXE,1,1.16
AIIGXNX,1,1.16
AIIGAXX,1,1.16
XXEHARQ,1,1.16
XVXHARQ,1,1.16
XVEXARQ,1,1.16
XVEHXRQ,1,1.16
XVEHAXQ,1,1.16
XVEHARX,1,1.16
AXXHARQ,1,1.16
AXEXARQ,1,1.16
AXEHXRQ,1,1.16
AXEHAXQ,1,1.16
AXEHARX,1,1.16
AVXXARQ,1,1.16
AVXHXRQ,1,1.16
AVXHAXQ,1,1.16
AVXHARX,1,1.16
AVEXXRQ,1,1.16
AVEXAXQ,1,1.16
AVEXARX,1,1.16
AVEHXXQ,1,1.16
AVEHXRX,1,1.16
AVEHAXX,1,1.16
XXIEAMP,1,1.16
XLXEAMP,1,1.16
XLIXAMP,1,1.16
XLIEXMP,1,1.16
XLIEAXP,1,1.16
XLIEAMX,1,1.16
QXXEAMP,1,1.16
QXIXAMP,1,1.16
QXIEXMP,1,1.16
QXIEAXP,1,1.16
QXIEAMX,1,1.16
QLXXAMP,1,1.16
QLXEXMP,1,1.16
QLXEAXP,1,1.16
QLXEAMX,1,1.16
QLIXXMP,1,1.16
QLIXAXP,1,1.16
QLIXAMX,1,1.16
QLIEXXP,1,1.16
QLIEXMX,1,1.16
QLIEAXX,1,1.16
XLXFAII,1,1.16
XLPXAII,1,1.16
XLPFXII,1,1.16
XLPFAXI,1,1.16
XLPFAIX,1,1.16
LLXXAII,1,1.16
LLXFXII,1,1.16
LLXFAXI,1,1.16
LLXFAIX,1,1.16
LLPXXII,1,1.16
LLPXAXI,1,1.16
LLPXAIX,1,1.16
LLPFXXI,1,1.16
LLPFXIX,1,1.16
LLPFAXX,1,1.16
XXGSNEV,1,1.16
XIXSNEV,1,1.16
XIGXNEV,1,1.16
XIGSXEV,1,1.16
XIGSNEX,1,1.16
IXXSNEV,1,1.16
IXGXNEV,1,1.16
IXGSXEV,1,1.16
IXGSNXV,1,1.16
IXGSNEX,1,1.16
IIXXNEV,1,1.16
IIXSXEV,1,1.16
IIXSNXV,1,1.16
IIGXXEV,1,1.16
IIGXNXV,1,1.16
IIGXNEX,1,1.16
IIGSXXV,1,1.16
IIGSXEX,1,1.16
IIGSNXX,1,1.16
XIXFAIV,1,1.16
XIPXAIV,1,1.16
XIPFXIV,1,1.16
TXXFAIV,1,1.16
TXPXAIV,1,1.16
TXPFXIV,1,1.16
TXPFAIX,1,1.16
TIXXAIV,1,1.16
TIXFXIV,1,1.16
TIXFAXV,1,1.16
TIXFAIX,1,1.16
TIPXXIV,1,1.16
TIPXAXV,1,1.16
TIPXAIX,1,1.16
TIPFXXV,1,1.16
TIPFXIX,1,1.16
TIPFAXX,1,1.16
XXVSSDR,1,1.16
XIXSSDR,1,1.16
XIVXSDR,1,1.16
XIVSXDR,1,1.16
XIVSSXR,1,1.16
XIVSSDX,1,1.16
AXXSSDR,1,1.16
AXVXSDR,1,1.16
AXVSXDR,1,1.16
AXVSSXR,1,1.16
AXVSSDX,1,1.16
AIXXSDR,1,1.16
AIXSXDR,1,1.16
AIXSSXR,1,1.16
AIXSSDX,1,1.16
AIVXXDR,1,1.16
AIVXSXR,1,1.16
AIVXSDX,1,1.16
AIVSXXR,1,1.16
AIVSXDX,1,1.16
AIVSSXX,1,1.16
XXSSDRL,1,1.16
XVXSDRL,1,1.16
XVSXDRL,1,1.16
XVSSXRL,1,1.16
XVSSDXL,1,1.16
XVSSDRX,1,1.16
IXXSDRL,1,1.16
IXSXDRL,1,1.16
IXSSXRL,1,1.16
IXSSDXL,1,1.16
IXSSDRX,1,1.16
IVXXDRL,1,1.16
IVXSXRL,1,1.16
IVXSDXL,1,1.16
IVXSDRX,1,1.16
IVSXXRL,1,1.16
IVSXDXL,1,1.16
IVSXDRX,1,1.16
IVSSXXL,1,1.16
IVSSXRX,1,1.16
IVSSDXX,1,1.16
XXISSVN,1,1.16
XIXSSVN,1,1.16
XIIXSVN,1,1.16
XIISXVN,1,1.16
XIISSXN,1,1.16
XIISSVX,1,1.16
AXXSSVN,1,1.16
AXIXSVN,1,1.16
AXISXVN,1,1.16
AXISSXN,1,1.16
AXISSVX,1,1.16
AIXXSVN,1,1.16
AIXSXVN,1,1.16
AIXSSXN,1,1.16
AIXSSVX,1,1.16
AIIXXVN,1,1.16
AIIXSXN,1,1.16
AIIXSVX,1,1.16
AIISXXN,1,1.16
AIISXVX,1,1.16
AIISSXX,1,1.16
XXSSVNE,1,1.16
XIXSVNE,1,1.16
XISXVNE,1,1.16
XISSXNE,1,1.16
XISSVXE,1,1.16
XISSVNX,1,1.16
IXXSVNE,1,1.16
IXSXVNE,1,1.16
IXSSXNE,1,1.16
IXSSVXE,1,1.16
IXSSVNX,1,1.16
IIXXVNE,1,1.16
IIXSXNE,1,1.16
IIXSVXE,1,1.16
IIXSVNX,1,1.16
IISXXNE,1,1.16
IISXVXE,1,1.16
IISXVNX,1,1.16
IISSXXE,1,1.16
IISSXNX,1,1.16
IISSVXX,1,1.16
XXGSSEE,1,1.16
XIXSSEE,1,1.16
XIGXSEE,1,1.16
XIGSSXE,1,1.16
XIGSSEX,1,1.16
VXXSSEE,1,1.16
VXGXSEE,1,1.16
VXGSSXE,1,1.16
VIXXSEE,1,1.16
VIXSSXE,1,1.16
VIXSSEX,1,1.16
VIGXSXE,1,1.16
VIGXSEX,1,1.16
VIGSSXX,1,1.16
XXSSEEV,1,1.16
XGXSEEV,1,1.16
XGSXEEV,1,1.16
XGSSXEV,1,1.16
XGSSEEX,1,1.16
IXXSEEV,1,1.16
IXSXEEV,1,1.16
IXSSXEV,1,1.16
IXSSEXV,1,1.16
IXSSEEX,1,1.16
IGXXEEV,1,1.16
IGXSXEV,1,1.16
IGXSEXV,1,1.16
IGXSEEX,1,1.16
IGSXXEV,1,1.16
IGSXEXV,1,1.16
IGSXEEX,1,1.16
IGSSXXV,1,1.16
IGSSXEX,1,1.16
IGSSEXX,1,1.16
XXGSMEE,1,1.16
XVXSMEE,1,1.16
XVGXMEE,1,1.16
XVGSMEX,1,1.16
VXXSMEE,1,1.16
VXGXMEE,1,1.16
VXGSMEX,1,1.16
VVXXMEE,1,1.16
VVXSMEX,1,1.16
VVGXMEX,1,1.16
XXGSVEE,1,1.16
XVXSVEE,1,1.16
XVGXVEE,1,1.16
XVGSVXE,1,1.16
XVGSVEX,1,1.16
VXXSVEE,1,1.16
VXGXVEE,1,1.16
VXGSVXE,1,1.16
VXGSVEX,1,1.16
VVXXVEE,1,1.16
VVXSVXE,1,1.16
VVXSVEX,1,1.16
VVGXVXE,1,1.16
VVGXVEX,1,1.16
VVGSVXX,1,1.16
XXPFAVC,1,1.16
XVXFAVC,1,1.16
XVPXAVC,1,1.16
XVPFXVC,1,1.16
XVPFAXC,1,1.16
AXXFAVC,1,1.16
AXPXAVC,1,1.16
AXPFXVC,1,1.16
AXPFAXC,1,1.16
AXPFAVX,1,1.16
AVXXAVC,1,1.16
AVXFXVC,1,1.16
AVXFAXC,1,1.16
AVXFAVX,1,1.16
AVPXXVC,1,1.16
AVPXAXC,1,1.16
AVPXAVX,1,1.16
AVPFXXC,1,1.16
AVPFXVX,1,1.16
AVPFAXX,1,1.16
XXCGANT,1,1.16
XVCXANT,1,1.16
XVCGXNT,1,1.16
XVCGAXT,1,1.16
XVCGANX,1,1.16
AXCXANT,1,1.16
AXCGXNT,1,1.16
AXCGAXT,1,1.16
AXCGANX,1,1.16
AVCXXNT,1,1.16
AVCXAXT,1,1.16
AVCXANX,1,1.16
AVCGXXT,1,1.16
AVCGXNX,1,1.16
AVCGAXX,1,1.16
TXXFAVV,1,1.16
TXPXAVV,1,1.16
TXPFXVV,1,1.16
TXPFAVX,1,1.16
TMXXAVV,1,1.16
TMXFXVV,1,1.16
TMXFAXV,1,1.16
TMXFAVX,1,1.16
TMPXXVV,1,1.16
TMPXAXV,1,1.16
TMPXAVX,1,1.16
TMPFXXV,1,1.16
TMPFXVX,1,1.16
TMPFAXX,1,1.16
RXXFAII,1,1.16
RXPXAII,1,1.16
RXPFXII,1,1.16
RXPFAXI,1,1.16
RXPFAIX,1,1.16
RIXXAII,1,1.16
RIXFXII,1,1.16
RIXFAXI,1,1.16
RIXFAIX,1,1.16
RIPXXII,1,1.16
RIPXAXI,1,1.16
RIPXAIX,1,1.16
RIPFXXI,1,1.16
RIPFXIX,1,1.16
RIPFAXX,1,1.16
XXIIASN,1,1.16
XAXIASN,1,1.16
XAIXASN,1,1.16
XAIIXSN,1,1.16
XAIIAXN,1,1.16
XAIIASX,1,1.16
FXXIASN,1,1.16
FXIXASN,1,1.16
FXIIXSN,1,1.16
FXIIAXN,1,1.16
FXIIASX,1,1.16
FAXXASN,1,1.16
FAXIXSN,1,1.16
FAXIAXN,1,1.16
FAXIASX,1,1.16
FAIXXSN,1,1.16
FAIXAXN,1,1.16
FAIXASX,1,1.16
FAIIXXN,1,1.16
FAIIXSX,1,1.16
FAIIAXX,1,1.16
XXASNTF,1,1.16
XIXSNTF,1,1.16
XIAXNTF,1,1.16
XIASXTF,1,1.16
XIASNXF,1,1.16
XIASNTX,1,1.16
IXXSNTF,1,1.16
IXAXNTF,1,1.16
IXASXTF,1,1.16
IXASNXF,1,1.16
IXASNTX,1,1.16
IIXXNTF,1,1.16
IIXSXTF,1,1.16
IIXSNXF,1,1.16
IIXSNTX,1,1.16
IIAXXTF,1,1.16
IIAXNXF,1,1.16
IIAXNTX,1,1.16
IIASXXF,1,1.16
IIASXTX,1,1.16
LXXFAVV,1,1.16
LXPXAVV,1,1.16
LXPFXVV,1,1.16
LXPFAXV,1,1.16
LXPFAVX,1,1.16
LIXXAVV,1,1.16
LIXFXVV,1,1.16
LIXFAXV,1,1.16
LIXFAVX,1,1.16
LIPXXVV,1,1.16
LIPXAXV,1,1.16
LIPXAVX,1,1.16
LIPFXXV,1,1.16
LIPFXVX,1,1.16
XXGSEKA,1,1.16
XVXSEKA,1,1.16
XVGXEKA,1,1.16
XVGSXKA,1,1.16
XVGSEXA,1,1.16
XVGSEKX,1,1.16
VXXSEKA,1,1.16
VXGXEKA,1,1.16
VXGSXKA,1,1.16
VXGSEXA,1,1.16
VXGSEKX,1,1.16
VVXXEKA,1,1.16
VVXSXKA,1,1.16
VVXSEXA,1,1.16
VVXSEKX,1,1.16
VVGXXKA,1,1.16
VVGXEXA,1,1.16
VVGXEKX,1,1.16
VVGSXXA,1,1.16
XXEKAII,1,1.16
XSXKAII,1,1.16
XSEXAII,1,1.16
XSEKXII,1,1.16
XSEKAXI,1,1.16
XSEKAIX,1,1.16
GXXKAII,1,1.16
GXEXAII,1,1.16
GXEKXII,1,1.16
GXEKAXI,1,1.16
GXEKAIX,1,1.16
GSXXAII,1,1.16
GSXKXII,1,1.16
GSXKAXI,1,1.16
GSXKAIX,1,1.16
GSEXXII,1,1.16
GSEXAXI,1,1.16
GSEXAIX,1,1.16
GSEKXXI,1,1.16
GSEKXIX,1,1.16
GSEKAXX,1,1.16
XMXFAIV,1,1.16
XMPXAIV,1,1.16
XMPFXIV,1,1.16
XMPFAIX,1,1.16
CXXFAIV,1,1.16
CXPXAIV,1,1.16
CXPFXIV,1,1.16
CXPFAXV,1,1.16
CXPFAIX,1,1.16
CMXXAIV,1,1.16
CMXFXIV,1,1.16
CMXFAXV,1,1.16
CMXFAIX,1,1.16
CMPXXIV,1,1.16
CMPXAXV,1,1.16
CMPXAIX,1,1.16
CMPFXXV,1,1.16
CMPFXIX,1,1.16
CMPFAXX,1,1.16
XXGSEDD,1,1.16
XVXSEDD,1,1.16
XVGXEDD,1,1.16
XVGSXDD,1,1.16
XVGSEXD,1,1.16
XVGSEDX,1,1.16
IXXSEDD,1,1.16
IXGXEDD,1,1.16
IXGSXDD,1,1.16
IXGSEXD,1,1.16
IXGSEDX,1,1.16
IVXXEDD,1,1.16
IVXSXDD,1,1.16
IVXSEXD,1,1.16
IVXSEDX,1,1.16
IVGXXDD,1,1.16
IVGXEXD,1,1.16
IVGXEDX,1,1.16
IVGSXXD,1,1.16
IVGSXDX,1,1.16
IVGSEXX,1,1.16
XXGRAYP,1,1.16
XRXRAYP,1,1.16
XRGXAYP,1,1.16
XRGRXYP,1,1.16
XRGRAXP,1,1.16
XRGRAYX,1,1.16
IXXRAYP,1,1.16
IXGXAYP,1,1.16
IXGRXYP,1,1.16
IXGRAXP,1,1.16
IXGRAYX,1,1.16
IRXXAYP,1,1.16
IRXRXYP,1,1.16
IRXRAXP,1,1.16
IRXRAYX,1,1.16
IRGXXYP,1,1.16
IRGXAXP,1,1.16
IRGXAYX,1,1.16
IRGRXXP,1,1.16
IRGRXYX,1,1.16
IRGRAXX,1,1.16
XXVIAKS,1,1.16
XPXIAKS,1,1.16
XPVXAKS,1,1.16
XPVIXKS,1,1.16
XPVIAXS,1,1.16
XPVIAKX,1,1.16
IXXIAKS,1,1.16
IXVXAKS,1,1.16
IXVIXKS,1,1.16
IXVIAXS,1,1.16
IXVIAKX,1,1.16
IPXXAKS,1,1.16
IPXIXKS,1,1.16
IPXIAXS,1,1.16
IPXIAKX,1,1.16
IPVXXKS,1,1.16
IPVXAXS,1,1.16
IPVXAKX,1,1.16
IPVIXXS,1,1.16
IPVIXKX,1,1.16
IPVIAXX,1,1.16
XXLNATQ,1,1.16
XVXNATQ,1,1.16
XVLXATQ,1,1.16
XVLNXTQ,1,1.16
XVLNAXQ,1,1.16
XVLNATX,1,1.16
EXXNATQ,1,1.16
EXLXATQ,1,1.16
EXLNXTQ,1,1.16
EXLNAXQ,1,1.16
EXLNATX,1,1.16
EVXXATQ,1,1.16
EVXNXTQ,1,1.16
EVXNAXQ,1,1.16
EVXNATX,1,1.16
EVLXXTQ,1,1.16
EVLXAXQ,1,1.16
EVLXATX,1,1.16
EVLNXXQ,1,1.16
EVLNXTX,1,1.16
EVLNAXX,1,1.16
XXASNEY,1,1.16
XIXSNEY,1,1.16
XIAXNEY,1,1.16
XIASXEY,1,1.16
XIASNXY,1,1.16
XIASNEX,1,1.16
IXXSNEY,1,1.16
IXAXNEY,1,1.16
IXASXEY,1,1.16
IXASNXY,1,1.16
IXASNEX,1,1.16
IIXXNEY,1,1.16
IIXSXEY,1,1.16
IIXSNXY,1,1.16
IIAXXEY,1,1.16
IIAXNXY,1,1.16
IIAXNEX,1,1.16
IIASXXY,1,1.16
IIASXEX,1,1.16
XXGSTDE,1,1.16
XVXSTDE,1,1.16
XVGXTDE,1,1.16
XVGSTDX,1,1.16
VXXSTDE,1,1.16
VXGXTDE,1,1.16
VXGSTDX,1,1.16
VVXXTDE,1,1.16
VVXSTDX,1,1.16
VVGXTDX,1,1.16
XXGSSEV,1,1.16
XVXSSEV,1,1.16
XVGXSEV,1,1.16
XVGSSXV,1,1.16
XVGSSEX,1,1.16
VXXSSEV,1,1.16
VXGXSEV,1,1.16
VXGSSXV,1,1.16
VVXXSEV,1,1.16
VVXSSXV,1,1.16
VVXSSEX,1,1.16
VVGXSXV,1,1.16
VVGXSEX,1,1.16
VVGSSXX,1,1.16
XXSSEVV,1,1.16
XGXSEVV,1,1.16
XGSXEVV,1,1.16
XGSSXVV,1,1.16
XGSSEVX,1,1.16
VXXSEVV,1,1.16
VXSXEVV,1,1.16
VXSSXVV,1,1.16
VXSSEXV,1,1.16
VXSSEVX,1,1.16
VGXXEVV,1,1.16
VGXSXVV,1,1.16
VGXSEXV,1,1.16
VGXSEVX,1,1.16
VGSXXVV,1,1.16
VGSXEXV,1,1.16
VGSXEVX,1,1.16
VGSSXXV,1,1.16
VGSSXVX,1,1.16
VGSSEXX,1,1.16
XXGSTEF,1,1.16
XVXSTEF,1,1.16
XVGXTEF,1,1.16
XVGSXEF,1,1.16
XVGSTXF,1,1.16
VXXSTEF,1,1.16
VXGXTEF,1,1.16
VXGSXEF,1,1.16
VXGSTXF,1,1.16
VVXXTEF,1,1.16
VVXSXEF,1,1.16
VVXSTXF,1,1.16
VVGXXEF,1,1.16
VVGXTXF,1,1.16
VVGSXXF,1,1.16
XXVSADR,1,1.16
XVXSADR,1,1.16
XVVXADR,1,1.16
XVVSXDR,1,1.16
XVVSAXR,1,1.16
XVVSADX,1,1.16
LXXSADR,1,1.16
LXVXADR,1,1.16
LXVSXDR,1,1.16
LXVSAXR,1,1.16
LXVSADX,1,1.16
LVXXADR,1,1.16
LVXSXDR,1,1.16
LVXSAXR,1,1.16
LVXSADX,1,1.16
LVVXXDR,1,1.16
LVVXAXR,1,1.16
LVVXADX,1,1.16
LVVSXXR,1,1.16
LVVSXDX,1,1.16
LVVSAXX,1,1.16
XFXFAVV,1,1.16
XFPXAVV,1,1.16
XFPFXVV,1,1.16
XFPFAXV,1,1.16
XFPFAVX,1,1.16
SFXXAVV,1,1.16
SFXFXVV,1,1.16
SFXFAXV,1,1.16
SFXFAVX,1,1.16
SFPXXVV,1,1.16
SFPXAXV,1,1.16
SFPXAVX,1,1.16
SFPFXXV,1,1.16
SFPFXVX,1,1.16
SFPFAXX,1,1.16
XXGSTNE,1,1.16
XVXSTNE,1,1.16
XVGXTNE,1,1.16
XVGSTNX,1,1.16
VXXSTNE,1,1.16
VXGXTNE,1,1.16
VXGSTNX,1,1.16
VVXXTNE,1,1.16
VVXSTNX,1,1.16
VVGXTNX,1,1.16
XXLSFKK,1,1.16
XIXSFKK,1,1.16
XILXFKK,1,1.16
XILSXKK,1,1.16
XILSFXK,1,1.16
XILSFKX,1,1.16
EXXSFKK,1,1.16
EXLXFKK,1,1.16
EXLSXKK,1,1.16
EXLSFXK,1,1.16
EXLSFKX,1,1.16
EIXXFKK,1,1.16
EIXSXKK,1,1.16
EIXSFXK,1,1.16
EIXSFKX,1,1.16
EILXXKK,1,1.16
EILXFXK,1,1.16
EILXFKX,1,1.16
EILSXXK,1,1.16
EILSXKX,1,1.16
EILSFXX,1,1.16
