XXXXAKF,{'Q9V288', 'O57939'}
XXXSXKF,{'Q9V288', 'O57939'}
XXXSAXF,{'Q9V288', 'Q6MPP2', 'O57939'}
XXXSAKX,{'Q1IRA2', 'B8CY70', 'Q7NAR6', 'Q9V288', 'Q5UZW0', 'B8FLF0', 'Q88VE3', 'Q8EX09', 'Q46B95', 'Q0ASI7', 'O57939', 'Q8PTK0', 'Q4A9N9', 'Q2LVW9', 'C5CEL1', 'Q18FK7', 'O67679', 'P75303', 'Q4A7S3'}
XXIXXKF,{'Q9V288', 'O57939'}
XXIXAXF,{'Q9V288', 'O57939'}
XXIXAKX,{'Q5UZW0', 'Q46B95', 'Q18FK7', 'Q8PTK0', 'O57939', 'Q7NAR6', 'Q9V288', 'Q4A7S3', 'Q4A9N9'}
XXISXXF,{'Q9V288', 'O57939'}
XXISXKX,{'Q5UZW0', 'Q46B95', 'Q18FK7', 'Q8PTK0', 'O57939', 'Q7NAR6', 'Q9V288', 'Q4A7S3', 'Q4A9N9'}
XXISAXX,{'B0SC16', 'Q5UZW0', 'Q3YS22', 'Q46B95', 'Q18FK7', 'Q8PTK0', 'O57939', 'Q7NAR6', 'Q9V288', 'Q4A7S3', 'Q4A9N9', 'B0SJA9'}
XPXXXKF,{'Q9V288', 'O57939'}
XPXXAXF,{'Q9V288', 'O57939'}
XPXXAKX,{'Q1IRA2', 'Q5UZW0', 'C5CEL1', 'Q46B95', 'Q18FK7', 'O57939', 'Q8PTK0', 'Q9V288'}
XPXSXXF,{'Q9V288', 'O57939'}
XPXSXKX,{'Q1IRA2', 'Q5UZW0', 'C5CEL1', 'Q46B95', 'Q18FK7', 'O57939', 'Q8PTK0', 'Q9V288'}
XPXSAXX,{'Q0HPI0', 'C1AB49', 'Q1IRA2', 'B8I8N7', 'C5CEL1', 'Q5UZW0', 'Q46B95', 'B7IDZ1', 'Q18FK7', 'A1S1P8', 'Q8PTK0', 'O57939', 'B8GTD2', 'Q8EPM2', 'Q026Q1', 'Q9V288'}
XPIXXXF,{'Q9V288', 'O57939'}
XPIXXKX,{'Q5UZW0', 'Q46B95', 'Q18FK7', 'O57939', 'Q8PTK0', 'Q9V288'}
XPIXAXX,{'Q5UZW0', 'Q46B95', 'Q18FK7', 'O57939', 'Q8PTK0', 'Q9V288'}
XPISXXX,{'Q5UZW0', 'Q46B95', 'Q18FK7', 'O57939', 'Q8PTK0', 'Q9V288'}
IXXXXKF,{'Q9V288', 'O57939'}
IXXXAXF,{'Q9V288', 'O57939'}
IXXXAKX,{'Q9V288', 'O57939', 'Q88VE3', 'C5CEL1'}
IXXSXXF,{'Q9V288', 'O57939'}
IXXSXKX,{'Q9V288', 'O57939', 'Q88VE3', 'C5CEL1'}
IXXSAXX,{'B8I8N7', 'B0TFJ0', 'B2GBC5', 'Q8EPM2', 'Q9V288', 'Q04H41', 'B0KBA1', 'B8FVH0', 'Q5KWK2', 'Q24SK9', 'A5VJ95', 'B3WE42', 'Q88VE3', 'B3E2D1', 'O57939', 'B0K530', 'B7IDZ1', 'Q8RC22', 'Q039K2', 'B2G6R5', 'C5CEL1', 'B7GH28', 'C5D5L1', 'Q1WUI3', 'A4J7L5'}
IXIXXXF,{'Q9V288', 'O57939'}
IXIXXKX,{'Q9V288', 'O57939'}
IXIXAXX,{'Q9V288', 'O57939'}
IXISXXX,{'Q9V288', 'O57939'}
IPXXXXF,{'Q9V288', 'O57939'}
IPXXXKX,{'Q9V288', 'O57939', 'C5CEL1'}
IPXXAXX,{'B8I8N7', 'C5CEL1', 'B7IDZ1', 'O57939', 'Q8EPM2', 'Q9V288'}
IPXSXXX,{'B8I8N7', 'C5CEL1', 'B7IDZ1', 'O57939', 'Q8EPM2', 'Q9V288'}
IPIXXXX,{'Q9V288', 'O57939'}
XXXXAPK,{'C3K6T0', 'Q02DL7', 'Q4ZZT0', 'A4XNL3', 'Q1IGY1', 'Q88AP4', 'Q4KKJ8', 'Q88RK5', 'C1DH55', 'Q03QN8', 'A6VEW7', 'B1JFJ3', 'Q3KKA7', 'Q48PV6', 'B7V729'}
XXXSXPK,{'C3K6T0', 'Q02DL7', 'Q4ZZT0', 'A4XNL3', 'Q1IGY1', 'Q88AP4', 'Q4KKJ8', 'Q88RK5', 'C1DH55', 'Q03QN8', 'A6VEW7', 'B1JFJ3', 'Q3KKA7', 'Q48PV6', 'B7V729'}
XXXSAXK,{'C3K6T0', 'Q6MPP2', 'Q02DL7', 'B9MDD6', 'Q4ZZT0', 'A4XNL3', 'C1DH55', 'A6VEW7', 'Q3KKA7', 'Q21PP0', 'Q48PV6', 'Q04H41', 'Q0HPI0', 'Q88RK5', 'Q1IGY1', 'Q4KKJ8', 'Q03QN8', 'A1S1P8', 'A1UTM1', 'Q1QSU7', 'B5ZB76', 'Q46B95', 'Q8PTK0', 'Q0A4P0', 'O28943', 'Q88AP4', 'B1JFJ3', 'B8GTD2', 'Q0C548', 'Q21TK4', 'B7V729', 'Q97FU0'}
XXXSAPX,{'C3K6T0', 'Q02DL7', 'Q4ZZT0', 'A4XNL3', 'Q1IGY1', 'Q88AP4', 'Q4KKJ8', 'Q88RK5', 'C1DH55', 'Q03QN8', 'A6VEW7', 'B1JFJ3', 'Q3KKA7', 'Q48PV6', 'B7V729'}
XXFXXPK,{'C3K6T0', 'Q02DL7', 'Q4ZZT0', 'A4XNL3', 'Q1IGY1', 'Q88AP4', 'Q4KKJ8', 'Q88RK5', 'C1DH55', 'Q03QN8', 'A6VEW7', 'B1JFJ3', 'Q3KKA7', 'Q48PV6', 'B7V729'}
XXFXAXK,{'C3K6T0', 'Q02DL7', 'B9MDD6', 'Q4ZZT0', 'A4XNL3', 'C1DH55', 'A6VEW7', 'Q3KKA7', 'Q21PP0', 'Q48PV6', 'Q04H41', 'Q0HPI0', 'Q88RK5', 'Q1IGY1', 'Q4KKJ8', 'Q03QN8', 'A1S1P8', 'Q1QSU7', 'Q0A4P0', 'Q88AP4', 'B1JFJ3', 'B8GTD2', 'Q21TK4', 'B7V729'}
XXFXAPX,{'C3K6T0', 'Q02DL7', 'Q4ZZT0', 'A4XNL3', 'Q1IGY1', 'Q88AP4', 'Q4KKJ8', 'Q88RK5', 'C1DH55', 'Q03QN8', 'A6VEW7', 'B1JFJ3', 'Q3KKA7', 'Q48PV6', 'B7V729'}
XXFSXXK,{'C3K6T0', 'Q02DL7', 'B9MDD6', 'Q4ZZT0', 'A4XNL3', 'C1DH55', 'A6VEW7', 'Q3KKA7', 'Q21PP0', 'Q48PV6', 'Q04H41', 'Q0HPI0', 'Q88RK5', 'Q1IGY1', 'Q4KKJ8', 'Q03QN8', 'A1S1P8', 'Q1QSU7', 'Q0A4P0', 'Q88AP4', 'B1JFJ3', 'B8GTD2', 'Q21TK4', 'B7V729'}
XXFSXPX,{'C3K6T0', 'Q02DL7', 'Q4ZZT0', 'A4XNL3', 'Q1IGY1', 'Q88AP4', 'Q4KKJ8', 'Q88RK5', 'C1DH55', 'Q03QN8', 'A6VEW7', 'B1JFJ3', 'Q3KKA7', 'Q48PV6', 'B7V729'}
XXFSAXX,{'C3K6T0', 'A5UCY6', 'Q02DL7', 'B9MDD6', 'B8I8N7', 'Q4ZZT0', 'A4XNL3', 'B8CY70', 'Q1IRA2', 'Q03F28', 'Q0VL48', 'C1DH55', 'B0TFJ0', 'A6VEW7', 'Q3KKA7', 'B2GBC5', 'Q21PP0', 'B9LZU0', 'Q8EPM2', 'Q748I9', 'Q48PV6', 'Q4FV29', 'Q04H41', 'Q0HPI0', 'C1AB49', 'Q88RK5', 'Q3A0Y0', 'Q1IGY1', 'Q4KKJ8', 'C4L4J3', 'B0KBA1', 'Q03QN8', 'A1S1P8', 'B8FLF0', 'A5D451', 'B5EEM1', 'Q5KWK2', 'C6E8C5', 'Q0I1G1', 'Q1QSU7', 'Q4QLH6', 'A5VJ95', 'B3WE42', 'A1AU48', 'Q0AWF4', 'Q88VE3', 'B3E2D1', 'Q67SJ6', 'Q3JDM3', 'A5G964', 'Q026Q1', 'B0K530', 'Q0A4P0', 'Q8RC22', 'Q2LVW9', 'P57947', 'Q039K2', 'B2G6R5', 'C5CEL1', 'Q88AP4', 'Q39YG6', 'B7GH28', 'Q65R06', 'C5D5L1', 'Q1WUI3', 'B1JFJ3', 'Q38WS0', 'B8GTD2', 'Q21TK4', 'A4J7L5', 'B7V729', 'Q1QE34'}
XLXXXPK,{'C3K6T0', 'Q02DL7', 'Q4ZZT0', 'A4XNL3', 'Q1IGY1', 'Q88AP4', 'Q4KKJ8', 'Q88RK5', 'C1DH55', 'B1JFJ3', 'A6VEW7', 'Q3KKA7', 'Q48PV6', 'B7V729'}
XLXXAXK,{'C3K6T0', 'Q1QSU7', 'Q02DL7', 'Q4ZZT0', 'A4XNL3', 'Q1IGY1', 'Q88AP4', 'Q4KKJ8', 'Q88RK5', 'C1DH55', 'B1JFJ3', 'A6VEW7', 'Q3KKA7', 'Q21TK4', 'Q48PV6', 'B7V729', 'Q04H41'}
XLXXAPX,{'C3K6T0', 'Q02DL7', 'Q4ZZT0', 'A4XNL3', 'Q1IGY1', 'Q88AP4', 'Q4KKJ8', 'Q88RK5', 'C1DH55', 'B1JFJ3', 'A6VEW7', 'Q3KKA7', 'Q48PV6', 'B7V729'}
XLXSXXK,{'C3K6T0', 'Q1QSU7', 'Q02DL7', 'Q4ZZT0', 'A4XNL3', 'Q1IGY1', 'Q88AP4', 'Q4KKJ8', 'Q88RK5', 'C1DH55', 'B1JFJ3', 'A6VEW7', 'Q3KKA7', 'Q21TK4', 'Q48PV6', 'B7V729', 'Q04H41'}
XLXSXPX,{'C3K6T0', 'Q02DL7', 'Q4ZZT0', 'A4XNL3', 'Q1IGY1', 'Q88AP4', 'Q4KKJ8', 'Q88RK5', 'C1DH55', 'B1JFJ3', 'A6VEW7', 'Q3KKA7', 'Q48PV6', 'B7V729'}
XLXSAXX,{'C3K6T0', 'Q02DL7', 'Q4ZZT0', 'A4XNL3', 'Q0VL48', 'C1DH55', 'A6VEW7', 'Q3KKA7', 'B2GBC5', 'Q21PP0', 'Q7NAR6', 'B2FTY5', 'Q48PV6', 'Q4FV29', 'Q04H41', 'Q88RK5', 'Q1IGY1', 'Q4KKJ8', 'C5BJZ8', 'Q5KWK2', 'Q1QSU7', 'A5VJ95', 'B3WE42', 'Q67SJ6', 'Q3JDM3', 'Q4A9N9', 'Q4A7S3', 'Q039K2', 'B2G6R5', 'Q88AP4', 'B1JFJ3', 'C5D5L1', 'O67679', 'Q1WUI3', 'Q21TK4', 'B7V729', 'Q1QE34'}
XLFXXXK,{'C3K6T0', 'Q1QSU7', 'Q02DL7', 'Q4ZZT0', 'A4XNL3', 'Q1IGY1', 'Q88AP4', 'Q4KKJ8', 'Q88RK5', 'C1DH55', 'B1JFJ3', 'A6VEW7', 'Q3KKA7', 'Q21TK4', 'Q48PV6', 'B7V729', 'Q04H41'}
XLFXXPX,{'C3K6T0', 'Q02DL7', 'Q4ZZT0', 'A4XNL3', 'Q1IGY1', 'Q88AP4', 'Q4KKJ8', 'Q88RK5', 'C1DH55', 'B1JFJ3', 'A6VEW7', 'Q3KKA7', 'Q48PV6', 'B7V729'}
XLFXAXX,{'C3K6T0', 'Q02DL7', 'Q4ZZT0', 'A4XNL3', 'Q0VL48', 'C1DH55', 'A6VEW7', 'Q3KKA7', 'B2GBC5', 'Q48PV6', 'Q4FV29', 'Q04H41', 'Q88RK5', 'Q1IGY1', 'Q4KKJ8', 'Q5KWK2', 'Q1QSU7', 'A5VJ95', 'B3WE42', 'Q67SJ6', 'Q3JDM3', 'Q039K2', 'B2G6R5', 'Q88AP4', 'B1JFJ3', 'C5D5L1', 'Q1WUI3', 'Q21TK4', 'B7V729', 'Q1QE34'}
XLFSXXX,{'C3K6T0', 'Q02DL7', 'Q4ZZT0', 'A4XNL3', 'Q0VL48', 'C1DH55', 'A6VEW7', 'Q3KKA7', 'B2GBC5', 'Q48PV6', 'Q4FV29', 'Q04H41', 'Q88RK5', 'Q1IGY1', 'Q4KKJ8', 'Q5KWK2', 'Q1QSU7', 'A5VJ95', 'B3WE42', 'Q67SJ6', 'Q3JDM3', 'Q039K2', 'B2G6R5', 'Q88AP4', 'B1JFJ3', 'C5D5L1', 'Q1WUI3', 'Q21TK4', 'B7V729', 'Q1QE34'}
QXXXXPK,{'C3K6T0', 'Q02DL7', 'Q4ZZT0', 'A4XNL3', 'Q1IGY1', 'Q88AP4', 'Q4KKJ8', 'Q88RK5', 'C1DH55', 'B1JFJ3', 'A6VEW7', 'Q3KKA7', 'Q48PV6', 'B7V729'}
QXXXAXK,{'C3K6T0', 'Q1QSU7', 'Q02DL7', 'Q4ZZT0', 'A4XNL3', 'Q1IGY1', 'Q88AP4', 'Q4KKJ8', 'Q88RK5', 'Q0A4P0', 'C1DH55', 'B1JFJ3', 'A6VEW7', 'B8GTD2', 'Q3KKA7', 'Q21PP0', 'Q48PV6', 'B7V729'}
QXXXAPX,{'C3K6T0', 'Q02DL7', 'Q4ZZT0', 'A4XNL3', 'Q1IGY1', 'Q88AP4', 'Q4KKJ8', 'Q88RK5', 'C1DH55', 'B1JFJ3', 'A6VEW7', 'Q3KKA7', 'Q48PV6', 'B7V729'}
QXXSXXK,{'C3K6T0', 'Q1QSU7', 'Q02DL7', 'Q4ZZT0', 'A4XNL3', 'Q1IGY1', 'Q88AP4', 'Q4KKJ8', 'Q88RK5', 'Q0A4P0', 'C1DH55', 'B1JFJ3', 'A6VEW7', 'B8GTD2', 'Q3KKA7', 'Q21PP0', 'Q48PV6', 'B7V729'}
QXXSXPX,{'C3K6T0', 'Q02DL7', 'Q4ZZT0', 'A4XNL3', 'Q1IGY1', 'Q88AP4', 'Q4KKJ8', 'Q88RK5', 'C1DH55', 'B1JFJ3', 'A6VEW7', 'Q3KKA7', 'Q48PV6', 'B7V729'}
QXXSAXX,{'C3K6T0', 'Q02DL7', 'Q4ZZT0', 'A4XNL3', 'Q03F28', 'Q0VL48', 'C1DH55', 'A6VEW7', 'Q3KKA7', 'Q21PP0', 'Q48PV6', 'Q4FV29', 'Q88RK5', 'Q1IGY1', 'Q4KKJ8', 'Q1QSU7', 'Q3JDM3', 'Q0A4P0', 'Q88AP4', 'B1JFJ3', 'B8GTD2', 'B7V729', 'Q1QE34'}
QXFXXXK,{'C3K6T0', 'Q1QSU7', 'Q02DL7', 'Q4ZZT0', 'A4XNL3', 'Q1IGY1', 'Q88AP4', 'Q4KKJ8', 'Q88RK5', 'Q0A4P0', 'C1DH55', 'B1JFJ3', 'A6VEW7', 'B8GTD2', 'Q3KKA7', 'Q21PP0', 'Q48PV6', 'B7V729'}
QXFXXPX,{'C3K6T0', 'Q02DL7', 'Q4ZZT0', 'A4XNL3', 'Q1IGY1', 'Q88AP4', 'Q4KKJ8', 'Q88RK5', 'C1DH55', 'B1JFJ3', 'A6VEW7', 'Q3KKA7', 'Q48PV6', 'B7V729'}
QXFXAXX,{'C3K6T0', 'Q02DL7', 'Q4ZZT0', 'A4XNL3', 'Q03F28', 'Q0VL48', 'C1DH55', 'A6VEW7', 'Q3KKA7', 'Q21PP0', 'Q48PV6', 'Q4FV29', 'Q88RK5', 'Q1IGY1', 'Q4KKJ8', 'Q1QSU7', 'Q3JDM3', 'Q0A4P0', 'Q88AP4', 'B1JFJ3', 'B8GTD2', 'B7V729', 'Q1QE34'}
QXFSXXX,{'C3K6T0', 'Q02DL7', 'Q4ZZT0', 'A4XNL3', 'Q03F28', 'Q0VL48', 'C1DH55', 'A6VEW7', 'Q3KKA7', 'Q21PP0', 'Q48PV6', 'Q4FV29', 'Q88RK5', 'Q1IGY1', 'Q4KKJ8', 'Q1QSU7', 'Q3JDM3', 'Q0A4P0', 'Q88AP4', 'B1JFJ3', 'B8GTD2', 'B7V729', 'Q1QE34'}
QLXXXXK,{'C3K6T0', 'Q1QSU7', 'Q02DL7', 'Q4ZZT0', 'A4XNL3', 'Q1IGY1', 'Q88AP4', 'Q4KKJ8', 'Q88RK5', 'C1DH55', 'B1JFJ3', 'A6VEW7', 'Q3KKA7', 'Q48PV6', 'B7V729'}
QLXXXPX,{'C3K6T0', 'Q02DL7', 'Q4ZZT0', 'A4XNL3', 'Q1IGY1', 'Q88AP4', 'Q4KKJ8', 'Q88RK5', 'C1DH55', 'B1JFJ3', 'A6VEW7', 'Q3KKA7', 'Q48PV6', 'B7V729'}
QLXXAXX,{'C3K6T0', 'Q02DL7', 'Q4ZZT0', 'A4XNL3', 'Q0VL48', 'C1DH55', 'A6VEW7', 'Q3KKA7', 'Q48PV6', 'Q4FV29', 'Q88RK5', 'Q1IGY1', 'Q4KKJ8', 'Q1QSU7', 'Q3JDM3', 'Q88AP4', 'B1JFJ3', 'B7V729', 'Q1QE34'}
QLXSXXX,{'C3K6T0', 'Q02DL7', 'Q4ZZT0', 'A4XNL3', 'Q0VL48', 'C1DH55', 'A6VEW7', 'Q3KKA7', 'Q48PV6', 'Q4FV29', 'Q88RK5', 'Q1IGY1', 'Q4KKJ8', 'Q1QSU7', 'Q3JDM3', 'Q88AP4', 'B1JFJ3', 'B7V729', 'Q1QE34'}
QLFXXXX,{'C3K6T0', 'Q02DL7', 'Q4ZZT0', 'A4XNL3', 'Q0VL48', 'C1DH55', 'A6VEW7', 'Q3KKA7', 'Q48PV6', 'Q4FV29', 'Q88RK5', 'Q1IGY1', 'Q4KKJ8', 'Q1QSU7', 'Q3JDM3', 'Q88AP4', 'B1JFJ3', 'B7V729', 'Q1QE34'}
XXXXALR,{'Q4FV29', 'Q1QE34'}
XXXSXLR,{'Q4FV29', 'Q1QE34'}
XXXSAXR,{'Q4FV29', 'Q18FK7', 'Q1QE34'}
XXXSALX,{'Q6MPP2', 'B9MDD6', 'B4S596', 'Q21PP0', 'B9LZU0', 'Q8EPM2', 'Q748I9', 'Q4FV29', 'Q7VNY0', 'Q0HPI0', 'Q3A0Y0', 'B8F8H7', 'B0KBA1', 'A1S1P8', 'B5EEM1', 'C6E8C5', 'A1AU48', 'Q1QSU7', 'B3E2D1', 'A5G964', 'Q026Q1', 'B0K530', 'O28943', 'P57947', 'Q39YG6', 'B8GTD2', 'Q38WS0', 'Q1QE34'}
XXFXXLR,{'Q4FV29', 'Q1QE34'}
XXFXAXR,{'Q4FV29', 'Q1QE34'}
XXFXALX,{'B9MDD6', 'Q21PP0', 'B9LZU0', 'Q748I9', 'Q4FV29', 'Q0HPI0', 'Q3A0Y0', 'B0KBA1', 'A1S1P8', 'B5EEM1', 'C6E8C5', 'A1AU48', 'Q1QSU7', 'B3E2D1', 'A5G964', 'Q026Q1', 'B0K530', 'P57947', 'Q39YG6', 'B8GTD2', 'Q38WS0', 'Q1QE34'}
XXFSXXR,{'Q4FV29', 'Q1QE34'}
XXFSXLX,{'B9MDD6', 'Q21PP0', 'B9LZU0', 'Q748I9', 'Q4FV29', 'Q0HPI0', 'Q3A0Y0', 'B0KBA1', 'A1S1P8', 'B5EEM1', 'C6E8C5', 'A1AU48', 'Q1QSU7', 'B3E2D1', 'A5G964', 'Q026Q1', 'B0K530', 'P57947', 'Q39YG6', 'B8GTD2', 'Q38WS0', 'Q1QE34'}
XLXXXLR,{'Q4FV29', 'Q1QE34'}
XLXXAXR,{'Q4FV29', 'Q1QE34'}
XLXXALX,{'Q1QSU7', 'Q4FV29', 'Q1QE34'}
XLXSXXR,{'Q4FV29', 'Q1QE34'}
XLXSXLX,{'Q1QSU7', 'Q4FV29', 'Q1QE34'}
XLFXXXR,{'Q4FV29', 'Q1QE34'}
XLFXXLX,{'Q1QSU7', 'Q4FV29', 'Q1QE34'}
QXXXXLR,{'Q4FV29', 'Q1QE34'}
QXXXAXR,{'Q4FV29', 'Q1QE34'}
QXXXALX,{'Q1QSU7', 'B8GTD2', 'Q21PP0', 'Q4FV29', 'Q1QE34'}
QXXSXXR,{'Q4FV29', 'Q1QE34'}
QXXSXLX,{'Q1QSU7', 'B8GTD2', 'Q21PP0', 'Q4FV29', 'Q1QE34'}
QXFXXXR,{'Q4FV29', 'Q1QE34'}
QXFXXLX,{'Q1QSU7', 'B8GTD2', 'Q21PP0', 'Q4FV29', 'Q1QE34'}
QLXXXXR,{'Q4FV29', 'Q1QE34'}
QLXXXLX,{'Q1QSU7', 'Q4FV29', 'Q1QE34'}
XXXXAQS,{'Q0AWF4'}
XXXSXQS,{'Q0AWF4'}
XXXSAXS,{'C6E8C5', 'B3EP28', 'A1AU48', 'B3E2D1', 'Q3YS22', 'Q39YG6', 'A0M537', 'B4S596', 'A5G964', 'Q026Q1', 'Q748I9', 'Q0AWF4', 'Q8EPM2', 'B5EEM1'}
XXXSAQX,{'Q0I1G1', 'A5UCY6', 'Q4QLH6', 'B5ZB76', 'A6VLN4', 'B1AIQ5', 'Q03F28', 'Q9PQM5', 'Q65R06', 'Q21PP0', 'Q0AWF4', 'C5BJZ8'}
XXFXXQS,{'Q0AWF4'}
XXFXAXS,{'C6E8C5', 'A1AU48', 'B3E2D1', 'Q39YG6', 'A5G964', 'Q026Q1', 'Q748I9', 'Q0AWF4', 'B5EEM1'}
XXFXAQX,{'Q0I1G1', 'A5UCY6', 'Q4QLH6', 'Q03F28', 'Q65R06', 'Q0AWF4'}
XXFSXXS,{'C6E8C5', 'A1AU48', 'B3E2D1', 'Q39YG6', 'A5G964', 'Q026Q1', 'Q748I9', 'Q0AWF4', 'B5EEM1'}
XXFSXQX,{'Q0I1G1', 'A5UCY6', 'Q4QLH6', 'Q03F28', 'Q65R06', 'Q0AWF4'}
XVXXXQS,{'Q0AWF4'}
XVXXAXS,{'Q3YS22', 'Q0AWF4'}
XVXXAQX,{'Q0AWF4'}
XVXSXXS,{'Q3YS22', 'Q0AWF4'}
XVXSXQX,{'Q0AWF4'}
XVXSAXX,{'Q3YS22', 'A6H1A5', 'B0TFJ0', 'B8FLF0', 'Q0AWF4', 'Q8RC22'}
XVFXXXS,{'Q0AWF4'}
XVFXXQX,{'Q0AWF4'}
XVFXAXX,{'B0TFJ0', 'Q0AWF4', 'Q8RC22', 'B8FLF0'}
XVFSXXX,{'B0TFJ0', 'Q0AWF4', 'Q8RC22', 'B8FLF0'}
LXXXXQS,{'Q0AWF4'}
LXXXAXS,{'Q026Q1', 'Q0AWF4', 'A1AU48'}
LXXXAQX,{'B5ZB76', 'Q0AWF4', 'B1AIQ5', 'Q9PQM5'}
LXXSXXS,{'Q026Q1', 'Q0AWF4', 'A1AU48'}
LXXSXQX,{'B5ZB76', 'Q0AWF4', 'B1AIQ5', 'Q9PQM5'}
LXXSAXX,{'Q4A7S3', 'A1AU48', 'Q2LVW9', 'B5ZB76', 'Q4A9N9', 'B1AIQ5', 'P75303', 'Q7NAR6', 'Q026Q1', 'Q0AWF4', 'Q9PQM5', 'A1UTM1'}
LXFXXXS,{'Q026Q1', 'Q0AWF4', 'A1AU48'}
LXFXXQX,{'Q0AWF4'}
LXFXAXX,{'Q026Q1', 'Q0AWF4', 'Q2LVW9', 'A1AU48'}
LXFSXXX,{'Q026Q1', 'Q0AWF4', 'Q2LVW9', 'A1AU48'}
LVXXXXS,{'Q0AWF4'}
LVXXXQX,{'Q0AWF4'}
LVXXAXX,{'Q0AWF4'}
LVXSXXX,{'Q0AWF4'}
LVFXXXX,{'Q0AWF4'}
XXXXATN,{'Q0VL48'}
XXXSXTN,{'Q0VL48'}
XXXSAXN,{'Q4A7S3', 'Q0I1G1', 'A5UCY6', 'Q4QLH6', 'P57947', 'B8I8N7', 'A6VLN4', 'Q8EX09', 'B8F8H7', 'B1AIQ5', 'Q0VL48', 'Q65R06', 'Q7VNY0', 'Q3JDM3', 'B9LZU0', 'Q7NAR6', 'Q9PQM5', 'Q4A9N9'}
XXXSATX,{'A5VJ95', 'B3WE42', 'Q039K2', 'B2G6R5', 'B2A1E8', 'A6H1A5', 'A0M537', 'Q0VL48', 'B2GBC5', 'Q5WEP2', 'Q21TK4', 'Q89BP9', 'Q97FU0'}
XXFXXTN,{'Q0VL48'}
XXFXAXN,{'Q0I1G1', 'A5UCY6', 'Q4QLH6', 'P57947', 'B8I8N7', 'Q0VL48', 'Q65R06', 'Q3JDM3', 'B9LZU0'}
XXFXATX,{'A5VJ95', 'B3WE42', 'Q039K2', 'B2G6R5', 'Q0VL48', 'B2GBC5', 'Q21TK4'}
XXFSXXN,{'Q0I1G1', 'A5UCY6', 'Q4QLH6', 'P57947', 'B8I8N7', 'Q0VL48', 'Q65R06', 'Q3JDM3', 'B9LZU0'}
XXFSXTX,{'A5VJ95', 'B3WE42', 'Q039K2', 'B2G6R5', 'Q0VL48', 'B2GBC5', 'Q21TK4'}
XLXXXTN,{'Q0VL48'}
XLXXAXN,{'Q0VL48', 'Q3JDM3', 'Q7NAR6', 'Q4A7S3', 'Q4A9N9'}
XLXXATX,{'A5VJ95', 'B3WE42', 'Q039K2', 'B2G6R5', 'Q0VL48', 'B2GBC5', 'Q21TK4'}
XLXSXXN,{'Q0VL48', 'Q3JDM3', 'Q7NAR6', 'Q4A7S3', 'Q4A9N9'}
XLXSXTX,{'A5VJ95', 'B3WE42', 'Q039K2', 'B2G6R5', 'Q0VL48', 'B2GBC5', 'Q21TK4'}
XLFXXXN,{'Q3JDM3', 'Q0VL48'}
XLFXXTX,{'A5VJ95', 'B3WE42', 'Q039K2', 'B2G6R5', 'Q0VL48', 'B2GBC5', 'Q21TK4'}
QXXXXTN,{'Q0VL48'}
QXXXAXN,{'Q3JDM3', 'Q0VL48'}
QXXXATX,{'Q0VL48'}
QXXSXXN,{'Q3JDM3', 'Q0VL48'}
QXXSXTX,{'Q0VL48'}
QXFXXXN,{'Q3JDM3', 'Q0VL48'}
QXFXXTX,{'Q0VL48'}
QLXXXXN,{'Q3JDM3', 'Q0VL48'}
QLXXXTX,{'Q0VL48'}
XXXXAET,{'Q24SK9', 'C4L4J3', 'B7GH28', 'B0TFJ0', 'C5D5L1', 'Q67SJ6', 'B8FVH0', 'A4J7L5', 'A5D451', 'Q5KWK2'}
XXXSXET,{'Q24SK9', 'C4L4J3', 'B7GH28', 'B0TFJ0', 'C5D5L1', 'Q67SJ6', 'B8FVH0', 'A4J7L5', 'A5D451', 'Q5KWK2'}
XXXSAXT,{'B8CY70', 'Q03F28', 'B0TFJ0', 'B2GBC5', 'B0SJA9', 'C1AB49', 'B0SC16', 'Q3A0Y0', 'C4L4J3', 'B8FLF0', 'A5D451', 'B8FVH0', 'Q5KWK2', 'Q24SK9', 'B3WE42', 'Q88VE3', 'Q67SJ6', 'B7IDZ1', 'Q2LVW9', 'Q039K2', 'C5CEL1', 'B7GH28', 'C5D5L1', 'Q38WS0', 'P75303', 'A4J7L5'}
XXXSAEX,{'Q24SK9', 'B8I8N7', 'C4L4J3', 'B7GH28', 'B0TFJ0', 'C5D5L1', 'Q67SJ6', 'Q0C548', 'Q8EPM2', 'B8FVH0', 'A4J7L5', 'A5D451', 'A1UTM1', 'Q5KWK2'}
XXFXXET,{'C4L4J3', 'B7GH28', 'B0TFJ0', 'C5D5L1', 'Q67SJ6', 'A4J7L5', 'A5D451', 'Q5KWK2'}
XXFXAXT,{'B8CY70', 'Q03F28', 'B0TFJ0', 'B2GBC5', 'C1AB49', 'Q3A0Y0', 'C4L4J3', 'B8FLF0', 'A5D451', 'Q5KWK2', 'B3WE42', 'Q88VE3', 'Q67SJ6', 'Q2LVW9', 'Q039K2', 'C5CEL1', 'B7GH28', 'C5D5L1', 'Q38WS0', 'A4J7L5'}
XXFXAEX,{'B8I8N7', 'C4L4J3', 'B7GH28', 'B0TFJ0', 'C5D5L1', 'Q67SJ6', 'Q8EPM2', 'A4J7L5', 'A5D451', 'Q5KWK2'}
XXFSXXT,{'B8CY70', 'Q03F28', 'B0TFJ0', 'B2GBC5', 'C1AB49', 'Q3A0Y0', 'C4L4J3', 'B8FLF0', 'A5D451', 'Q5KWK2', 'B3WE42', 'Q88VE3', 'Q67SJ6', 'Q2LVW9', 'Q039K2', 'C5CEL1', 'B7GH28', 'C5D5L1', 'Q38WS0', 'A4J7L5'}
XXFSXEX,{'B8I8N7', 'C4L4J3', 'B7GH28', 'B0TFJ0', 'C5D5L1', 'Q67SJ6', 'Q8EPM2', 'A4J7L5', 'A5D451', 'Q5KWK2'}
XIXXXET,{'B7GH28'}
XIXXAXT,{'Q2LVW9', 'B7GH28'}
XIXXAEX,{'B7GH28'}
XIXSXXT,{'Q2LVW9', 'B7GH28'}
XIXSXEX,{'B7GH28'}
XIXSAXX,{'Q2LVW9', 'B0KBA1', 'A0M537', 'B7GH28', 'B0K530', 'Q0A4P0', 'Q7VNY0'}
XIFXXXT,{'Q2LVW9', 'B7GH28'}
XIFXXEX,{'B7GH28'}
XIFXAXX,{'Q2LVW9', 'B0KBA1', 'B7GH28', 'B0K530', 'Q0A4P0'}
XIFSXXX,{'Q2LVW9', 'B0KBA1', 'B7GH28', 'B0K530', 'Q0A4P0'}
IXXXXET,{'Q24SK9', 'B7GH28', 'B0TFJ0', 'C5D5L1', 'A4J7L5', 'B8FVH0', 'Q5KWK2'}
IXXXAXT,{'Q24SK9', 'B3WE42', 'Q039K2', 'C5CEL1', 'Q88VE3', 'B7GH28', 'B0TFJ0', 'C5D5L1', 'B2GBC5', 'B7IDZ1', 'A4J7L5', 'B8FVH0', 'Q5KWK2'}
IXXXAEX,{'Q24SK9', 'B8I8N7', 'B7GH28', 'B0TFJ0', 'C5D5L1', 'Q8EPM2', 'A4J7L5', 'B8FVH0', 'Q5KWK2'}
IXXSXXT,{'Q24SK9', 'B3WE42', 'Q039K2', 'C5CEL1', 'Q88VE3', 'B7GH28', 'B0TFJ0', 'C5D5L1', 'B2GBC5', 'B7IDZ1', 'A4J7L5', 'B8FVH0', 'Q5KWK2'}
IXXSXEX,{'Q24SK9', 'B8I8N7', 'B7GH28', 'B0TFJ0', 'C5D5L1', 'Q8EPM2', 'A4J7L5', 'B8FVH0', 'Q5KWK2'}
IXFXXXT,{'B3WE42', 'Q039K2', 'C5CEL1', 'Q88VE3', 'B7GH28', 'B0TFJ0', 'C5D5L1', 'B2GBC5', 'A4J7L5', 'Q5KWK2'}
IXFXXEX,{'B8I8N7', 'B7GH28', 'B0TFJ0', 'C5D5L1', 'Q8EPM2', 'A4J7L5', 'Q5KWK2'}
IXFXAXX,{'B8I8N7', 'B0TFJ0', 'B2GBC5', 'Q8EPM2', 'Q04H41', 'B0KBA1', 'Q5KWK2', 'A5VJ95', 'B3WE42', 'Q88VE3', 'B3E2D1', 'B0K530', 'Q8RC22', 'Q039K2', 'B2G6R5', 'C5CEL1', 'B7GH28', 'C5D5L1', 'Q1WUI3', 'A4J7L5'}
IXFSXXX,{'B8I8N7', 'B0TFJ0', 'B2GBC5', 'Q8EPM2', 'Q04H41', 'B0KBA1', 'Q5KWK2', 'A5VJ95', 'B3WE42', 'Q88VE3', 'B3E2D1', 'B0K530', 'Q8RC22', 'Q039K2', 'B2G6R5', 'C5CEL1', 'B7GH28', 'C5D5L1', 'Q1WUI3', 'A4J7L5'}
IIXXXXT,{'B7GH28'}
IIXXXEX,{'B7GH28'}
IIXXAXX,{'B0K530', 'B0KBA1', 'B7GH28'}
IIXSXXX,{'B0K530', 'B0KBA1', 'B7GH28'}
IIFXXXX,{'B0K530', 'B0KBA1', 'B7GH28'}
XXXXATG,{'B2A1E8', 'Q89BP9', 'Q5WEP2'}
XXXSXTG,{'B2A1E8', 'Q89BP9', 'Q5WEP2'}
XXXSAXG,{'Q1IRA2', 'B2A1E8', 'Q5WEP2', 'B2FTY5', 'Q89BP9'}
XXSXXTG,{'B2A1E8', 'Q5WEP2'}
XXSXAXG,{'B2A1E8', 'Q5WEP2'}
XXSXATX,{'B2A1E8', 'Q97FU0', 'Q5WEP2'}
XXSSXXG,{'B2A1E8', 'Q5WEP2'}
XXSSXTX,{'B2A1E8', 'Q97FU0', 'Q5WEP2'}
XXSSAXX,{'B2A1E8', 'Q03F28', 'Q0ASI7', 'O67679', 'Q5WEP2', 'B1MXT9', 'Q97FU0'}
XFXXXTG,{'B2A1E8', 'Q5WEP2'}
XFXXAXG,{'B2A1E8', 'Q5WEP2'}
XFXXATX,{'B2A1E8', 'Q97FU0', 'Q5WEP2'}
XFXSXXG,{'B2A1E8', 'Q5WEP2'}
XFXSXTX,{'B2A1E8', 'Q97FU0', 'Q5WEP2'}
XFXSAXX,{'B2A1E8', 'B8CY70', 'Q3A0Y0', 'Q39YG6', 'P75303', 'Q5WEP2', 'B9LZU0', 'Q748I9', 'A5D451', 'Q97FU0', 'A5G964'}
XFSXXXG,{'B2A1E8', 'Q5WEP2'}
XFSXXTX,{'B2A1E8', 'Q97FU0', 'Q5WEP2'}
XFSXAXX,{'B2A1E8', 'Q97FU0', 'Q5WEP2'}
XFSSXXX,{'B2A1E8', 'Q97FU0', 'Q5WEP2'}
FXXXXTG,{'Q5WEP2'}
FXXXAXG,{'Q5WEP2'}
FXXXATX,{'A6H1A5', 'A0M537', 'Q97FU0', 'Q5WEP2'}
FXXSXXG,{'Q5WEP2'}
FXXSXTX,{'A6H1A5', 'A0M537', 'Q97FU0', 'Q5WEP2'}
FXXSAXX,{'Q6MPP2', 'B0SC16', 'A6H1A5', 'A0M537', 'Q5WEP2', 'B1MXT9', 'Q97FU0', 'B0SJA9'}
FXSXXXG,{'Q5WEP2'}
FXSXXTX,{'Q97FU0', 'Q5WEP2'}
FXSXAXX,{'B1MXT9', 'Q97FU0', 'Q5WEP2'}
FXSSXXX,{'B1MXT9', 'Q97FU0', 'Q5WEP2'}
FFXXXXG,{'Q5WEP2'}
FFXXXTX,{'Q97FU0', 'Q5WEP2'}
FFXXAXX,{'Q97FU0', 'Q5WEP2'}
FFXSXXX,{'Q97FU0', 'Q5WEP2'}
FFSXXXX,{'Q97FU0', 'Q5WEP2'}
XXXXAVF,{'Q6MPP2'}
XXXSXVF,{'Q6MPP2'}
XXXSAVX,{'Q1WUI3', 'Q6MPP2', 'Q3JDM3', 'Q8RC22'}
XXLXXVF,{'Q6MPP2'}
XXLXAXF,{'Q6MPP2'}
XXLXAVX,{'Q6MPP2'}
XXLSXXF,{'Q6MPP2'}
XXLSXVX,{'Q6MPP2'}
XXLSAXX,{'A6VLN4', 'Q6MPP2'}
XGXXXVF,{'Q6MPP2'}
XGXXAXF,{'Q6MPP2'}
XGXXAVX,{'Q6MPP2'}
XGXSXXF,{'Q6MPP2'}
XGXSXVX,{'Q6MPP2'}
XGXSAXX,{'Q6MPP2', 'Q03F28'}
XGLXXXF,{'Q6MPP2'}
XGLXXVX,{'Q6MPP2'}
XGLXAXX,{'Q6MPP2'}
XGLSXXX,{'Q6MPP2'}
SXXXXVF,{'Q6MPP2'}
SXXXAXF,{'Q6MPP2'}
SXXXAVX,{'Q6MPP2'}
SXXSXXF,{'Q6MPP2'}
SXXSXVX,{'Q6MPP2'}
SXXSAXX,{'Q6MPP2', 'Q89BP9', 'Q3A0Y0'}
SXLXXXF,{'Q6MPP2'}
SXLXXVX,{'Q6MPP2'}
SXLXAXX,{'Q6MPP2'}
SXLSXXX,{'Q6MPP2'}
SGXXXXF,{'Q6MPP2'}
SGXXXVX,{'Q6MPP2'}
SGXXAXX,{'Q6MPP2'}
SGXSXXX,{'Q6MPP2'}
SGLXXXX,{'Q6MPP2'}
XXXXALK,{'Q0HPI0', 'Q6MPP2', 'Q1QSU7', 'B9MDD6', 'A1S1P8', 'B8GTD2', 'Q21PP0', 'O28943'}
XXXSXLK,{'Q0HPI0', 'Q6MPP2', 'Q1QSU7', 'B9MDD6', 'A1S1P8', 'B8GTD2', 'Q21PP0', 'O28943'}
XXVXXLK,{'Q6MPP2', 'O28943'}
XXVXAXK,{'B5ZB76', 'Q6MPP2', 'O28943'}
XXVXALX,{'Q6MPP2', 'O28943'}
XXVSXXK,{'B5ZB76', 'Q6MPP2', 'O28943'}
XXVSXLX,{'Q6MPP2', 'O28943'}
XXVSAXX,{'Q6MPP2', 'B5ZB76', 'Q8EX09', 'B1AIQ5', 'Q9PQM5', 'Q21PP0', 'P75303', 'C5BJZ8', 'O28943'}
XGXXXLK,{'Q6MPP2'}
XGXXAXK,{'Q6MPP2'}
XGXXALX,{'Q6MPP2'}
XGXSXXK,{'Q6MPP2'}
XGXSXLX,{'Q6MPP2'}
XGVXXXK,{'Q6MPP2'}
XGVXXLX,{'Q6MPP2'}
XGVXAXX,{'Q6MPP2'}
XGVSXXX,{'Q6MPP2'}
FXXXXLK,{'Q6MPP2'}
FXXXAXK,{'Q6MPP2', 'Q97FU0'}
FXXXALX,{'Q6MPP2'}
FXXSXXK,{'Q6MPP2', 'Q97FU0'}
FXXSXLX,{'Q6MPP2'}
FXVXXXK,{'Q6MPP2'}
FXVXXLX,{'Q6MPP2'}
FXVXAXX,{'Q6MPP2'}
FXVSXXX,{'Q6MPP2'}
FGXXXXK,{'Q6MPP2'}
FGXXXLX,{'Q6MPP2'}
FGXXAXX,{'Q6MPP2'}
FGXSXXX,{'Q6MPP2'}
FGVXXXX,{'Q6MPP2'}
XXFXXLK,{'Q0HPI0', 'Q1QSU7', 'B9MDD6', 'A1S1P8', 'B8GTD2', 'Q21PP0'}
XLXXXLK,{'Q1QSU7'}
QXXXXLK,{'Q1QSU7', 'Q21PP0', 'B8GTD2'}
XXXXAEN,{'B8I8N7'}
XXXSXEN,{'B8I8N7'}
XXFXXEN,{'B8I8N7'}
XPXXXEN,{'B8I8N7'}
XPXXAXN,{'B8I8N7'}
XPXXAEX,{'B8I8N7', 'Q8EPM2'}
XPXSXXN,{'B8I8N7'}
XPXSXEX,{'B8I8N7', 'Q8EPM2'}
XPFXXXN,{'B8I8N7'}
XPFXXEX,{'B8I8N7', 'Q8EPM2'}
XPFXAXX,{'Q0HPI0', 'C1AB49', 'Q1IRA2', 'B8I8N7', 'C5CEL1', 'A1S1P8', 'B8GTD2', 'Q8EPM2', 'Q026Q1'}
XPFSXXX,{'Q0HPI0', 'C1AB49', 'Q1IRA2', 'B8I8N7', 'C5CEL1', 'A1S1P8', 'B8GTD2', 'Q8EPM2', 'Q026Q1'}
IXXXXEN,{'B8I8N7'}
IXXXAXN,{'B8I8N7'}
IXXSXXN,{'B8I8N7'}
IXFXXXN,{'B8I8N7'}
IPXXXXN,{'B8I8N7'}
IPXXXEX,{'B8I8N7', 'Q8EPM2'}
IPFXXXX,{'Q8EPM2', 'B8I8N7', 'C5CEL1'}
XXYXXET,{'Q24SK9', 'B8FVH0'}
XXYXAXT,{'Q24SK9', 'B7IDZ1', 'B8FVH0'}
XXYXAEX,{'Q24SK9', 'B8FVH0'}
XXYSXXT,{'Q24SK9', 'B7IDZ1', 'B8FVH0'}
XXYSXEX,{'Q24SK9', 'B8FVH0'}
XXYSAXX,{'Q24SK9', 'B8F8H7', 'B4S596', 'B3EP28', 'B7IDZ1', 'B8FVH0', 'Q7VNY0'}
XTXXXET,{'Q24SK9', 'B8FVH0'}
XTXXAXT,{'Q24SK9', 'B8FVH0'}
XTXXAEX,{'Q24SK9', 'A1UTM1', 'B8FVH0'}
XTXSXXT,{'Q24SK9', 'B8FVH0'}
XTXSXEX,{'Q24SK9', 'A1UTM1', 'B8FVH0'}
XTXSAXX,{'Q24SK9', 'A6VLN4', 'Q0ASI7', 'A1UTM1', 'B8FVH0'}
XTYXXXT,{'Q24SK9', 'B8FVH0'}
XTYXXEX,{'Q24SK9', 'B8FVH0'}
XTYXAXX,{'Q24SK9', 'B8FVH0'}
XTYSXXX,{'Q24SK9', 'B8FVH0'}
IXYXXXT,{'Q24SK9', 'B7IDZ1', 'B8FVH0'}
IXYXXEX,{'Q24SK9', 'B8FVH0'}
IXYXAXX,{'Q24SK9', 'B7IDZ1', 'B8FVH0'}
IXYSXXX,{'Q24SK9', 'B7IDZ1', 'B8FVH0'}
ITXXXXT,{'Q24SK9', 'B8FVH0'}
ITXXXEX,{'Q24SK9', 'B8FVH0'}
ITXXAXX,{'Q24SK9', 'B8FVH0'}
ITXSXXX,{'Q24SK9', 'B8FVH0'}
ITYXXXX,{'Q24SK9', 'B8FVH0'}
XSXXXET,{'A4J7L5'}
XSXXAXT,{'A4J7L5'}
XSXXAEX,{'A4J7L5'}
XSXSXXT,{'A4J7L5'}
XSXSXEX,{'A4J7L5'}
XSXSAXX,{'A4J7L5', 'Q89BP9'}
XSFXXXT,{'A4J7L5'}
XSFXXEX,{'A4J7L5'}
XSFXAXX,{'A4J7L5'}
XSFSXXX,{'A4J7L5'}
ISXXXXT,{'A4J7L5'}
ISXXXEX,{'A4J7L5'}
ISXXAXX,{'A4J7L5'}
ISXSXXX,{'A4J7L5'}
ISFXXXX,{'A4J7L5'}
XXXXAHT,{'C1AB49'}
XXXSXHT,{'C1AB49'}
XXXSAHX,{'C1AB49'}
XXFXXHT,{'C1AB49'}
XXFXAHX,{'C1AB49'}
XXFSXHX,{'C1AB49'}
XPXXXHT,{'C1AB49'}
XPXXAXT,{'B7IDZ1', 'C1AB49', 'C5CEL1'}
XPXXAHX,{'C1AB49'}
XPXSXXT,{'B7IDZ1', 'C1AB49', 'C5CEL1'}
XPXSXHX,{'C1AB49'}
XPFXXXT,{'C1AB49', 'C5CEL1'}
XPFXXHX,{'C1AB49'}
VXXXXHT,{'C1AB49'}
VXXXAXT,{'C1AB49', 'C4L4J3', 'Q67SJ6', 'Q38WS0', 'A5D451'}
VXXXAHX,{'C1AB49'}
VXXSXXT,{'C1AB49', 'C4L4J3', 'Q67SJ6', 'Q38WS0', 'A5D451'}
VXXSXHX,{'C1AB49'}
VXXSAXX,{'C1AB49', 'Q1IRA2', 'Q8EX09', 'C4L4J3', 'B4S596', 'Q03QN8', 'Q67SJ6', 'O67679', 'Q38WS0', 'B3EP28', 'A5D451'}
VXFXXXT,{'C1AB49', 'C4L4J3', 'Q67SJ6', 'Q38WS0', 'A5D451'}
VXFXXHX,{'C1AB49'}
VXFXAXX,{'C1AB49', 'Q1IRA2', 'C4L4J3', 'Q03QN8', 'Q67SJ6', 'Q38WS0', 'A5D451'}
VXFSXXX,{'C1AB49', 'Q1IRA2', 'C4L4J3', 'Q03QN8', 'Q67SJ6', 'Q38WS0', 'A5D451'}
VPXXXXT,{'C1AB49'}
VPXXXHX,{'C1AB49'}
VPXXAXX,{'Q1IRA2', 'C1AB49'}
VPXSXXX,{'Q1IRA2', 'C1AB49'}
VPFXXXX,{'Q1IRA2', 'C1AB49'}
XXXXALN,{'P57947', 'B8F8H7', 'Q7VNY0', 'B9LZU0'}
XXXSXLN,{'P57947', 'B8F8H7', 'Q7VNY0', 'B9LZU0'}
XXFXXLN,{'P57947', 'B9LZU0'}
XFXXXLN,{'B9LZU0'}
XFXXAXN,{'B9LZU0'}
XFXXALX,{'Q3A0Y0', 'Q39YG6', 'B9LZU0', 'A5G964', 'Q748I9'}
XFXSXXN,{'B9LZU0'}
XFXSXLX,{'Q3A0Y0', 'Q39YG6', 'B9LZU0', 'A5G964', 'Q748I9'}
XFFXXXN,{'B9LZU0'}
XFFXXLX,{'Q3A0Y0', 'Q39YG6', 'B9LZU0', 'A5G964', 'Q748I9'}
XFFXAXX,{'B8CY70', 'Q3A0Y0', 'Q39YG6', 'B9LZU0', 'A5G964', 'Q748I9', 'A5D451'}
XFFSXXX,{'B8CY70', 'Q3A0Y0', 'Q39YG6', 'B9LZU0', 'A5G964', 'Q748I9', 'A5D451'}
NXXXXLN,{'B9LZU0'}
NXXXAXN,{'B9LZU0'}
NXXXALX,{'C6E8C5', 'B5EEM1', 'B9LZU0', 'A5G964'}
NXXSXXN,{'B9LZU0'}
NXXSXLX,{'C6E8C5', 'B5EEM1', 'B9LZU0', 'A5G964'}
NXXSAXX,{'C6E8C5', 'B5EEM1', 'B9LZU0', 'A5G964'}
NXFXXXN,{'B9LZU0'}
NXFXXLX,{'C6E8C5', 'B5EEM1', 'B9LZU0', 'A5G964'}
NXFXAXX,{'C6E8C5', 'B5EEM1', 'B9LZU0', 'A5G964'}
NXFSXXX,{'C6E8C5', 'B5EEM1', 'B9LZU0', 'A5G964'}
NFXXXXN,{'B9LZU0'}
NFXXXLX,{'B9LZU0', 'A5G964'}
NFXXAXX,{'B9LZU0', 'A5G964'}
NFXSXXX,{'B9LZU0', 'A5G964'}
NFFXXXX,{'B9LZU0', 'A5G964'}
XXXXALS,{'C6E8C5', 'A1AU48', 'B3E2D1', 'Q39YG6', 'B4S596', 'A5G964', 'Q026Q1', 'Q748I9', 'Q8EPM2', 'B5EEM1'}
XXXSXLS,{'C6E8C5', 'A1AU48', 'B3E2D1', 'Q39YG6', 'B4S596', 'A5G964', 'Q026Q1', 'Q748I9', 'Q8EPM2', 'B5EEM1'}
XXFXXLS,{'C6E8C5', 'A1AU48', 'B3E2D1', 'Q39YG6', 'A5G964', 'Q026Q1', 'Q748I9', 'B5EEM1'}
XHXXXLS,{'A1AU48', 'B3E2D1'}
XHXXAXS,{'A1AU48', 'B3E2D1'}
XHXXALX,{'A1AU48', 'B3E2D1'}
XHXSXXS,{'A1AU48', 'B3E2D1'}
XHXSXLX,{'A1AU48', 'B3E2D1'}
XHXSAXX,{'A1AU48', 'B3E2D1'}
XHFXXXS,{'A1AU48', 'B3E2D1'}
XHFXXLX,{'A1AU48', 'B3E2D1'}
XHFXAXX,{'A1AU48', 'B3E2D1'}
XHFSXXX,{'A1AU48', 'B3E2D1'}
IXXXXLS,{'B3E2D1'}
IXXXAXS,{'B3E2D1'}
IXXXALX,{'B0K530', 'B3E2D1', 'B0KBA1'}
IXXSXXS,{'B3E2D1'}
IXXSXLX,{'B0K530', 'B3E2D1', 'B0KBA1'}
IXFXXXS,{'B3E2D1'}
IXFXXLX,{'B0K530', 'B3E2D1', 'B0KBA1'}
IHXXXXS,{'B3E2D1'}
IHXXXLX,{'B3E2D1'}
IHXXAXX,{'B3E2D1'}
IHXSXXX,{'B3E2D1'}
IHFXXXX,{'B3E2D1'}
XYXXXLS,{'C6E8C5', 'B5EEM1'}
XYXXAXS,{'C6E8C5', 'B5EEM1'}
XYXXALX,{'C6E8C5', 'B5EEM1'}
XYXSXXS,{'C6E8C5', 'B5EEM1'}
XYXSXLX,{'C6E8C5', 'B5EEM1'}
XYXSAXX,{'C6E8C5', 'B0SC16', 'B5EEM1', 'B0SJA9'}
XYFXXXS,{'C6E8C5', 'B5EEM1'}
XYFXXLX,{'C6E8C5', 'B5EEM1'}
XYFXAXX,{'C6E8C5', 'B5EEM1'}
XYFSXXX,{'C6E8C5', 'B5EEM1'}
NXXXXLS,{'C6E8C5', 'B5EEM1', 'A5G964'}
NXXXAXS,{'C6E8C5', 'B5EEM1', 'A5G964'}
NXXSXXS,{'C6E8C5', 'B5EEM1', 'A5G964'}
NXFXXXS,{'C6E8C5', 'B5EEM1', 'A5G964'}
NYXXXXS,{'C6E8C5', 'B5EEM1'}
NYXXXLX,{'C6E8C5', 'B5EEM1'}
NYXXAXX,{'C6E8C5', 'B5EEM1'}
NYXSXXX,{'C6E8C5', 'B5EEM1'}
NYFXXXX,{'C6E8C5', 'B5EEM1'}
XXXXATS,{'A0M537'}
XXXSXTS,{'A0M537'}
XXTXXTS,{'A0M537'}
XXTXAXS,{'A0M537'}
XXTXATX,{'A6H1A5', 'A0M537'}
XXTSXXS,{'A0M537'}
XXTSXTX,{'A6H1A5', 'A0M537'}
XXTSAXX,{'A6H1A5', 'A1UTM1', 'Q0C548', 'A0M537'}
XIXXXTS,{'A0M537'}
XIXXAXS,{'A0M537'}
XIXXATX,{'A0M537'}
XIXSXXS,{'A0M537'}
XIXSXTX,{'A0M537'}
XITXXXS,{'A0M537'}
XITXXTX,{'A0M537'}
XITXAXX,{'A0M537'}
XITSXXX,{'A0M537'}
FXXXXTS,{'A0M537'}
FXXXAXS,{'A0M537'}
FXXSXXS,{'A0M537'}
FXTXXXS,{'A0M537'}
FXTXXTX,{'A6H1A5', 'A0M537'}
FXTXAXX,{'A6H1A5', 'A0M537'}
FXTSXXX,{'A6H1A5', 'A0M537'}
FIXXXXS,{'A0M537'}
FIXXXTX,{'A0M537'}
FIXXAXX,{'A0M537'}
FIXSXXX,{'A0M537'}
FITXXXX,{'A0M537'}
XXXXAQN,{'Q0I1G1', 'A5UCY6', 'Q4QLH6', 'A6VLN4', 'B1AIQ5', 'Q65R06', 'Q9PQM5'}
XXXSXQN,{'Q0I1G1', 'A5UCY6', 'Q4QLH6', 'A6VLN4', 'B1AIQ5', 'Q65R06', 'Q9PQM5'}
XXFXXQN,{'Q0I1G1', 'A5UCY6', 'Q4QLH6', 'Q65R06'}
XAXXXQN,{'Q0I1G1', 'A5UCY6', 'Q4QLH6', 'Q65R06'}
XAXXAXN,{'Q0I1G1', 'A5UCY6', 'P57947', 'Q4QLH6', 'B8F8H7', 'Q65R06'}
XAXXAQX,{'Q0I1G1', 'A5UCY6', 'Q4QLH6', 'Q65R06'}
XAXSXXN,{'Q0I1G1', 'A5UCY6', 'P57947', 'Q4QLH6', 'B8F8H7', 'Q65R06'}
XAXSXQX,{'Q0I1G1', 'A5UCY6', 'Q4QLH6', 'Q65R06'}
XAXSAXX,{'Q0I1G1', 'A5UCY6', 'P57947', 'Q4QLH6', 'Q88VE3', 'C4L4J3', 'B8F8H7', 'Q65R06', 'Q8EPM2'}
XAFXXXN,{'Q0I1G1', 'A5UCY6', 'P57947', 'Q4QLH6', 'Q65R06'}
XAFXXQX,{'Q0I1G1', 'A5UCY6', 'Q4QLH6', 'Q65R06'}
XAFXAXX,{'Q0I1G1', 'A5UCY6', 'P57947', 'Q4QLH6', 'Q88VE3', 'C4L4J3', 'Q65R06'}
XAFSXXX,{'Q0I1G1', 'A5UCY6', 'P57947', 'Q4QLH6', 'Q88VE3', 'C4L4J3', 'Q65R06'}
EXXXXQN,{'Q0I1G1', 'A5UCY6', 'Q4QLH6', 'A6VLN4', 'Q65R06'}
EXXXAXN,{'Q0I1G1', 'A5UCY6', 'P57947', 'Q4QLH6', 'A6VLN4', 'B8F8H7', 'Q65R06', 'Q7VNY0'}
EXXXAQX,{'Q0I1G1', 'A5UCY6', 'Q4QLH6', 'A6VLN4', 'Q65R06'}
EXXSXXN,{'Q0I1G1', 'A5UCY6', 'P57947', 'Q4QLH6', 'A6VLN4', 'B8F8H7', 'Q65R06', 'Q7VNY0'}
EXXSXQX,{'Q0I1G1', 'A5UCY6', 'Q4QLH6', 'A6VLN4', 'Q65R06'}
EXXSAXX,{'Q0I1G1', 'Q0HPI0', 'P57947', 'Q4QLH6', 'A5UCY6', 'A6VLN4', 'B8F8H7', 'Q65R06', 'A1S1P8', 'B2FTY5', 'Q8EPM2', 'Q7VNY0'}
EXFXXXN,{'Q0I1G1', 'A5UCY6', 'P57947', 'Q4QLH6', 'Q65R06'}
EXFXXQX,{'Q0I1G1', 'A5UCY6', 'Q4QLH6', 'Q65R06'}
EXFXAXX,{'Q0I1G1', 'Q0HPI0', 'P57947', 'Q4QLH6', 'A5UCY6', 'Q65R06', 'A1S1P8'}
EXFSXXX,{'Q0I1G1', 'Q0HPI0', 'P57947', 'Q4QLH6', 'A5UCY6', 'Q65R06', 'A1S1P8'}
EAXXXXN,{'Q0I1G1', 'A5UCY6', 'P57947', 'Q4QLH6', 'B8F8H7', 'Q65R06'}
EAXXXQX,{'Q0I1G1', 'A5UCY6', 'Q4QLH6', 'Q65R06'}
EAXXAXX,{'Q0I1G1', 'A5UCY6', 'P57947', 'Q4QLH6', 'B8F8H7', 'Q65R06', 'Q8EPM2'}
EAXSXXX,{'Q0I1G1', 'A5UCY6', 'P57947', 'Q4QLH6', 'B8F8H7', 'Q65R06', 'Q8EPM2'}
EAFXXXX,{'Q0I1G1', 'A5UCY6', 'P57947', 'Q4QLH6', 'Q65R06'}
XXYXXLN,{'B8F8H7', 'Q7VNY0'}
XXYXAXN,{'B8F8H7', 'Q7VNY0'}
XXYXALX,{'B8F8H7', 'Q7VNY0', 'B4S596'}
XXYSXXN,{'B8F8H7', 'Q7VNY0'}
XXYSXLX,{'B8F8H7', 'Q7VNY0', 'B4S596'}
XAXXXLN,{'P57947', 'B8F8H7'}
XAXXALX,{'P57947', 'B8F8H7', 'Q8EPM2'}
XAXSXLX,{'P57947', 'B8F8H7', 'Q8EPM2'}
XAYXXXN,{'B8F8H7'}
XAYXXLX,{'B8F8H7'}
XAYXAXX,{'B8F8H7'}
XAYSXXX,{'B8F8H7'}
EXXXXLN,{'P57947', 'B8F8H7', 'Q7VNY0'}
EXXXALX,{'Q0HPI0', 'P57947', 'B8F8H7', 'A1S1P8', 'Q8EPM2', 'Q7VNY0'}
EXXSXLX,{'Q0HPI0', 'P57947', 'B8F8H7', 'A1S1P8', 'Q8EPM2', 'Q7VNY0'}
EXYXXXN,{'B8F8H7', 'Q7VNY0'}
EXYXXLX,{'B8F8H7', 'Q7VNY0'}
EXYXAXX,{'B8F8H7', 'Q7VNY0'}
EXYSXXX,{'B8F8H7', 'Q7VNY0'}
EAXXXLX,{'P57947', 'B8F8H7', 'Q8EPM2'}
EAYXXXX,{'B8F8H7'}
XXXXAKR,{'Q18FK7'}
XXXSXKR,{'Q18FK7'}
XXIXXKR,{'Q18FK7'}
XXIXAXR,{'Q18FK7'}
XXISXXR,{'Q18FK7'}
XPXXXKR,{'Q18FK7'}
XPXXAXR,{'Q18FK7'}
XPXSXXR,{'Q18FK7'}
XPIXXXR,{'Q18FK7'}
AXXXXKR,{'Q18FK7'}
AXXXAXR,{'Q18FK7'}
AXXXAKX,{'Q5UZW0', 'Q46B95', 'Q0ASI7', 'Q18FK7', 'Q8PTK0'}
AXXSXXR,{'Q18FK7'}
AXXSXKX,{'Q5UZW0', 'Q46B95', 'Q0ASI7', 'Q18FK7', 'Q8PTK0'}
AXXSAXX,{'Q5UZW0', 'Q46B95', 'Q39YG6', 'Q0ASI7', 'Q18FK7', 'Q8PTK0', 'Q748I9'}
AXIXXXR,{'Q18FK7'}
AXIXXKX,{'Q46B95', 'Q8PTK0', 'Q18FK7', 'Q5UZW0'}
AXIXAXX,{'Q46B95', 'Q8PTK0', 'Q18FK7', 'Q5UZW0'}
AXISXXX,{'Q46B95', 'Q8PTK0', 'Q18FK7', 'Q5UZW0'}
APXXXXR,{'Q18FK7'}
APXXXKX,{'Q46B95', 'Q8PTK0', 'Q18FK7', 'Q5UZW0'}
APXXAXX,{'Q46B95', 'Q8PTK0', 'Q18FK7', 'Q5UZW0'}
APXSXXX,{'Q46B95', 'Q8PTK0', 'Q18FK7', 'Q5UZW0'}
APIXXXX,{'Q46B95', 'Q8PTK0', 'Q18FK7', 'Q5UZW0'}
XVXXXET,{'B0TFJ0'}
XVXXAXT,{'B0TFJ0', 'B8FLF0'}
XVXXAEX,{'B0TFJ0'}
XVXSXXT,{'B0TFJ0', 'B8FLF0'}
XVXSXEX,{'B0TFJ0'}
XVFXXXT,{'B0TFJ0', 'B8FLF0'}
XVFXXEX,{'B0TFJ0'}
IVXXXXT,{'B0TFJ0'}
IVXXXEX,{'B0TFJ0'}
IVXXAXX,{'B0TFJ0', 'Q8RC22'}
IVXSXXX,{'B0TFJ0', 'Q8RC22'}
IVFXXXX,{'B0TFJ0', 'Q8RC22'}
XXXXAKT,{'Q2LVW9', 'B8CY70', 'Q88VE3', 'C5CEL1', 'B8FLF0', 'P75303'}
XXXSXKT,{'Q2LVW9', 'B8CY70', 'Q88VE3', 'C5CEL1', 'B8FLF0', 'P75303'}
XXFXXKT,{'Q2LVW9', 'B8CY70', 'Q88VE3', 'C5CEL1', 'B8FLF0'}
XXFXAKX,{'Q2LVW9', 'Q1IRA2', 'B8CY70', 'Q88VE3', 'C5CEL1', 'B8FLF0'}
XXFSXKX,{'Q2LVW9', 'Q1IRA2', 'B8CY70', 'Q88VE3', 'C5CEL1', 'B8FLF0'}
XPXXXKT,{'C5CEL1'}
XPFXXKX,{'Q1IRA2', 'C5CEL1'}
IXXXXKT,{'Q88VE3', 'C5CEL1'}
IXFXXKX,{'Q88VE3', 'C5CEL1'}
IPXXXXT,{'B7IDZ1', 'C5CEL1'}
XMXXXPK,{'Q03QN8'}
XMXXAXK,{'Q0C548', 'B9MDD6', 'Q21PP0', 'Q03QN8'}
XMXXAPX,{'Q03QN8'}
XMXSXXK,{'Q0C548', 'B9MDD6', 'Q21PP0', 'Q03QN8'}
XMXSXPX,{'Q03QN8'}
XMXSAXX,{'B9MDD6', 'Q03F28', 'Q03QN8', 'Q21PP0', 'Q0C548'}
XMFXXXK,{'B9MDD6', 'Q21PP0', 'Q03QN8'}
XMFXXPX,{'Q03QN8'}
XMFXAXX,{'Q21PP0', 'Q03F28', 'B9MDD6', 'Q03QN8'}
XMFSXXX,{'Q21PP0', 'Q03F28', 'B9MDD6', 'Q03QN8'}
VXXXXPK,{'Q03QN8'}
VXXXAXK,{'Q03QN8'}
VXXXAPX,{'Q03QN8'}
VXXSXXK,{'Q03QN8'}
VXXSXPX,{'Q03QN8'}
VXFXXXK,{'Q03QN8'}
VXFXXPX,{'Q03QN8'}
VMXXXXK,{'Q03QN8'}
VMXXXPX,{'Q03QN8'}
VMXXAXX,{'Q03QN8'}
VMXSXXX,{'Q03QN8'}
VMFXXXX,{'Q03QN8'}
XXXXATE,{'A5VJ95', 'B2G6R5', 'A6H1A5'}
XXXSXTE,{'A5VJ95', 'B2G6R5', 'A6H1A5'}
XXXSAXE,{'A5VJ95', 'B2G6R5', 'A6H1A5', 'B0KBA1', 'O67679', 'B0K530', 'Q8RC22'}
XXFXXTE,{'A5VJ95', 'B2G6R5'}
XXFXAXE,{'A5VJ95', 'B2G6R5', 'B0KBA1', 'B0K530', 'Q8RC22'}
XXFSXXE,{'A5VJ95', 'B2G6R5', 'B0KBA1', 'B0K530', 'Q8RC22'}
XLXXXTE,{'A5VJ95', 'B2G6R5'}
XLXXAXE,{'O67679', 'A5VJ95', 'B2G6R5'}
XLXSXXE,{'O67679', 'A5VJ95', 'B2G6R5'}
XLFXXXE,{'A5VJ95', 'B2G6R5'}
IXXXXTE,{'A5VJ95', 'B2G6R5'}
IXXXAXE,{'A5VJ95', 'B2G6R5', 'B0KBA1', 'B0K530', 'Q8RC22'}
IXXXATX,{'A5VJ95', 'B3WE42', 'Q039K2', 'B2G6R5', 'B2GBC5'}
IXXSXXE,{'A5VJ95', 'B2G6R5', 'B0KBA1', 'B0K530', 'Q8RC22'}
IXXSXTX,{'A5VJ95', 'B3WE42', 'Q039K2', 'B2G6R5', 'B2GBC5'}
IXFXXXE,{'A5VJ95', 'B2G6R5', 'B0KBA1', 'B0K530', 'Q8RC22'}
IXFXXTX,{'A5VJ95', 'B3WE42', 'Q039K2', 'B2G6R5', 'B2GBC5'}
ILXXXXE,{'A5VJ95', 'B2G6R5'}
ILXXXTX,{'A5VJ95', 'B3WE42', 'Q039K2', 'B2G6R5', 'B2GBC5'}
ILXXAXX,{'A5VJ95', 'B3WE42', 'Q039K2', 'B2G6R5', 'C5D5L1', 'Q1WUI3', 'B2GBC5', 'Q5KWK2', 'Q04H41'}
ILXSXXX,{'A5VJ95', 'B3WE42', 'Q039K2', 'B2G6R5', 'C5D5L1', 'Q1WUI3', 'B2GBC5', 'Q5KWK2', 'Q04H41'}
ILFXXXX,{'A5VJ95', 'B3WE42', 'Q039K2', 'B2G6R5', 'C5D5L1', 'Q1WUI3', 'B2GBC5', 'Q5KWK2', 'Q04H41'}
XXXXALT,{'Q38WS0', 'Q3A0Y0'}
XXXSXLT,{'Q38WS0', 'Q3A0Y0'}
XXFXXLT,{'Q38WS0', 'Q3A0Y0'}
XCXXXLT,{'Q38WS0'}
XCXXAXT,{'Q38WS0'}
XCXXALX,{'Q38WS0'}
XCXSXXT,{'Q38WS0'}
XCXSXLX,{'Q38WS0'}
XCXSAXX,{'B5ZB76', 'Q8EX09', 'B1AIQ5', 'Q38WS0', 'Q9PQM5'}
XCFXXXT,{'Q38WS0'}
XCFXXLX,{'Q38WS0'}
XCFXAXX,{'Q38WS0'}
XCFSXXX,{'Q38WS0'}
VXXXXLT,{'Q38WS0'}
VXXXALX,{'Q38WS0', 'B4S596'}
VXXSXLX,{'Q38WS0', 'B4S596'}
VXFXXLX,{'Q38WS0'}
VCXXXXT,{'Q38WS0'}
VCXXXLX,{'Q38WS0'}
VCXXAXX,{'Q8EX09', 'Q38WS0'}
VCXSXXX,{'Q8EX09', 'Q38WS0'}
VCFXXXX,{'Q38WS0'}
XXVXXKT,{'P75303'}
XXVXAXT,{'P75303'}
XXVXAKX,{'Q8EX09', 'P75303'}
XXVSXXT,{'P75303'}
XXVSXKX,{'Q8EX09', 'P75303'}
XFXXXKT,{'P75303', 'B8CY70'}
XFXXAXT,{'Q3A0Y0', 'A5D451', 'P75303', 'B8CY70'}
XFXXAKX,{'P75303', 'B8CY70'}
XFXSXXT,{'Q3A0Y0', 'A5D451', 'P75303', 'B8CY70'}
XFXSXKX,{'P75303', 'B8CY70'}
XFVXXXT,{'P75303'}
XFVXXKX,{'P75303'}
XFVXAXX,{'P75303'}
XFVSXXX,{'P75303'}
LXXXXKT,{'Q2LVW9', 'P75303'}
LXXXAXT,{'Q2LVW9', 'P75303'}
LXXXAKX,{'Q2LVW9', 'P75303', 'Q7NAR6', 'Q4A7S3', 'Q4A9N9'}
LXXSXXT,{'Q2LVW9', 'P75303'}
LXXSXKX,{'Q2LVW9', 'P75303', 'Q7NAR6', 'Q4A7S3', 'Q4A9N9'}
LXVXXXT,{'P75303'}
LXVXXKX,{'P75303'}
LXVXAXX,{'B5ZB76', 'Q9PQM5', 'B1AIQ5', 'P75303'}
LXVSXXX,{'B5ZB76', 'Q9PQM5', 'B1AIQ5', 'P75303'}
LFXXXXT,{'P75303'}
LFXXXKX,{'P75303'}
LFXXAXX,{'P75303'}
LFXSXXX,{'P75303'}
LFVXXXX,{'P75303'}
XXXXAFQ,{'Q03F28'}
XXXSXFQ,{'Q03F28'}
XXXSAXQ,{'Q03F28', 'Q0ASI7'}
XXXSAFX,{'Q03F28'}
XXSXXFQ,{'Q03F28'}
XXSXAXQ,{'Q03F28', 'Q0ASI7'}
XXSXAFX,{'Q03F28'}
XXSSXXQ,{'Q03F28', 'Q0ASI7'}
XXSSXFX,{'Q03F28'}
XGXXXFQ,{'Q03F28'}
XGXXAXQ,{'Q03F28'}
XGXXAFX,{'Q03F28'}
XGXSXXQ,{'Q03F28'}
XGXSXFX,{'Q03F28'}
XGSXXXQ,{'Q03F28'}
XGSXXFX,{'Q03F28'}
XGSXAXX,{'Q03F28'}
XGSSXXX,{'Q03F28'}
DXXXXFQ,{'Q03F28'}
DXXXAXQ,{'Q03F28'}
DXXXAFX,{'Q03F28'}
DXXSXXQ,{'Q03F28'}
DXXSXFX,{'Q03F28'}
DXXSAXX,{'Q03F28', 'Q21PP0', 'C5BJZ8'}
DXSXXXQ,{'Q03F28'}
DXSXXFX,{'Q03F28'}
DXSXAXX,{'Q03F28'}
DXSSXXX,{'Q03F28'}
DGXXXXQ,{'Q03F28'}
DGXXXFX,{'Q03F28'}
DGXXAXX,{'Q03F28'}
DGXSXXX,{'Q03F28'}
DGSXXXX,{'Q03F28'}
XXXXAQT,{'Q03F28'}
XXXSXQT,{'Q03F28'}
XXFXXQT,{'Q03F28'}
XMXXXQT,{'Q03F28'}
XMXXAXT,{'Q03F28'}
XMXXAQX,{'Q03F28'}
XMXSXXT,{'Q03F28'}
XMXSXQX,{'Q03F28'}
XMFXXXT,{'Q03F28'}
XMFXXQX,{'Q03F28'}
QXXXXQT,{'Q03F28'}
QXXXAXT,{'Q03F28'}
QXXXAQX,{'Q03F28'}
QXXSXXT,{'Q03F28'}
QXXSXQX,{'Q03F28'}
QXFXXXT,{'Q03F28'}
QXFXXQX,{'Q03F28'}
QMXXXXT,{'Q03F28'}
QMXXXQX,{'Q03F28'}
QMXXAXX,{'Q03F28', 'Q21PP0'}
QMXSXXX,{'Q03F28', 'Q21PP0'}
QMFXXXX,{'Q03F28', 'Q21PP0'}
XPXXXLK,{'B8GTD2', 'Q0HPI0', 'A1S1P8'}
XPXXAXK,{'Q0HPI0', 'Q46B95', 'A1S1P8', 'B8GTD2', 'Q8PTK0'}
XPXXALX,{'Q026Q1', 'Q0HPI0', 'B8GTD2', 'A1S1P8'}
XPXSXXK,{'Q0HPI0', 'Q46B95', 'A1S1P8', 'B8GTD2', 'Q8PTK0'}
XPXSXLX,{'Q026Q1', 'Q0HPI0', 'B8GTD2', 'A1S1P8'}
XPFXXXK,{'B8GTD2', 'Q0HPI0', 'A1S1P8'}
XPFXXLX,{'Q026Q1', 'Q0HPI0', 'B8GTD2', 'A1S1P8'}
EXXXXLK,{'Q0HPI0', 'A1S1P8'}
EXXXAXK,{'Q0HPI0', 'A1S1P8'}
EXXSXXK,{'Q0HPI0', 'A1S1P8'}
EXFXXXK,{'Q0HPI0', 'A1S1P8'}
EXFXXLX,{'Q0HPI0', 'P57947', 'A1S1P8'}
EPXXXXK,{'Q0HPI0', 'A1S1P8'}
EPXXXLX,{'Q0HPI0', 'A1S1P8'}
EPXXAXX,{'Q0HPI0', 'A1S1P8'}
EPXSXXX,{'Q0HPI0', 'A1S1P8'}
EPFXXXX,{'Q0HPI0', 'A1S1P8'}
XXXXAIT,{'B7IDZ1'}
XXXSXIT,{'B7IDZ1'}
XXXSAIX,{'B3EP28', 'B7IDZ1', 'Q04H41'}
XXYXXIT,{'B7IDZ1'}
XXYXAIX,{'B3EP28', 'B7IDZ1'}
XXYSXIX,{'B3EP28', 'B7IDZ1'}
XPXXXIT,{'B7IDZ1'}
XPXXAIX,{'B7IDZ1'}
XPXSXIX,{'B7IDZ1'}
XPYXXXT,{'B7IDZ1'}
XPYXXIX,{'B7IDZ1'}
XPYXAXX,{'B7IDZ1'}
XPYSXXX,{'B7IDZ1'}
IXXXXIT,{'B7IDZ1'}
IXXXAIX,{'B7IDZ1', 'Q04H41'}
IXXSXIX,{'B7IDZ1', 'Q04H41'}
IXYXXIX,{'B7IDZ1'}
IPXXXIX,{'B7IDZ1'}
IPYXXXX,{'B7IDZ1'}
XXVXXQN,{'B1AIQ5', 'Q9PQM5'}
XXVXAXN,{'Q8EX09', 'B1AIQ5', 'Q9PQM5'}
XXVXAQX,{'B5ZB76', 'B1AIQ5', 'C5BJZ8', 'Q21PP0', 'Q9PQM5'}
XXVSXXN,{'Q8EX09', 'B1AIQ5', 'Q9PQM5'}
XXVSXQX,{'B5ZB76', 'B1AIQ5', 'C5BJZ8', 'Q21PP0', 'Q9PQM5'}
XCXXXQN,{'B1AIQ5', 'Q9PQM5'}
XCXXAXN,{'Q8EX09', 'B1AIQ5', 'Q9PQM5'}
XCXXAQX,{'B5ZB76', 'B1AIQ5', 'Q9PQM5'}
XCXSXXN,{'Q8EX09', 'B1AIQ5', 'Q9PQM5'}
XCXSXQX,{'B5ZB76', 'B1AIQ5', 'Q9PQM5'}
XCVXXXN,{'Q8EX09', 'B1AIQ5', 'Q9PQM5'}
XCVXXQX,{'B5ZB76', 'B1AIQ5', 'Q9PQM5'}
XCVXAXX,{'B5ZB76', 'Q8EX09', 'B1AIQ5', 'Q9PQM5'}
XCVSXXX,{'B5ZB76', 'Q8EX09', 'B1AIQ5', 'Q9PQM5'}
LXXXXQN,{'B1AIQ5', 'Q9PQM5'}
LXXXAXN,{'B1AIQ5', 'Q9PQM5', 'Q7NAR6', 'Q4A7S3', 'Q4A9N9'}
LXXSXXN,{'B1AIQ5', 'Q9PQM5', 'Q7NAR6', 'Q4A7S3', 'Q4A9N9'}
LXVXXXN,{'B1AIQ5', 'Q9PQM5'}
LXVXXQX,{'B5ZB76', 'B1AIQ5', 'Q9PQM5'}
LCXXXXN,{'B1AIQ5', 'Q9PQM5'}
LCXXXQX,{'B5ZB76', 'B1AIQ5', 'Q9PQM5'}
LCXXAXX,{'B5ZB76', 'B1AIQ5', 'Q9PQM5'}
LCXSXXX,{'B5ZB76', 'B1AIQ5', 'Q9PQM5'}
LCVXXXX,{'B5ZB76', 'B1AIQ5', 'Q9PQM5'}
XXXXAQK,{'B5ZB76'}
XXXSXQK,{'B5ZB76'}
XXVXXQK,{'B5ZB76'}
XCXXXQK,{'B5ZB76'}
XCXXAXK,{'B5ZB76'}
XCXSXXK,{'B5ZB76'}
XCVXXXK,{'B5ZB76'}
LXXXXQK,{'B5ZB76'}
LXXXAXK,{'B5ZB76', 'A1UTM1'}
LXXSXXK,{'B5ZB76', 'A1UTM1'}
LXVXXXK,{'B5ZB76'}
LCXXXXK,{'B5ZB76'}
XXXXAKN,{'Q8EX09', 'Q4A7S3', 'Q4A9N9', 'Q7NAR6'}
XXXSXKN,{'Q8EX09', 'Q4A7S3', 'Q4A9N9', 'Q7NAR6'}
XXVXXKN,{'Q8EX09'}
XCXXXKN,{'Q8EX09'}
XCXXAKX,{'Q8EX09'}
XCXSXKX,{'Q8EX09'}
XCVXXKX,{'Q8EX09'}
VXXXXKN,{'Q8EX09'}
VXXXAXN,{'Q8EX09'}
VXXXAKX,{'Q8EX09', 'Q1IRA2', 'O67679'}
VXXSXXN,{'Q8EX09'}
VXXSXKX,{'Q8EX09', 'Q1IRA2', 'O67679'}
VXVXXXN,{'Q8EX09'}
VXVXXKX,{'Q8EX09'}
VXVXAXX,{'Q8EX09'}
VXVSXXX,{'Q8EX09'}
VCXXXXN,{'Q8EX09'}
VCXXXKX,{'Q8EX09'}
VCVXXXX,{'Q8EX09'}
TXXXXTG,{'B2A1E8'}
TXXXAXG,{'B2A1E8'}
TXXXATX,{'B2A1E8'}
TXXSXXG,{'B2A1E8'}
TXXSXTX,{'B2A1E8'}
TXXSAXX,{'B8CY70', 'B2A1E8'}
TXSXXXG,{'B2A1E8'}
TXSXXTX,{'B2A1E8'}
TXSXAXX,{'B2A1E8'}
TXSSXXX,{'B2A1E8'}
TFXXXXG,{'B2A1E8'}
TFXXXTX,{'B2A1E8'}
TFXXAXX,{'B8CY70', 'B2A1E8'}
TFXSXXX,{'B8CY70', 'B2A1E8'}
TFSXXXX,{'B2A1E8'}
XXYXXLS,{'B4S596'}
XXYXAXS,{'B3EP28', 'B4S596'}
XXYSXXS,{'B3EP28', 'B4S596'}
XNXXXLS,{'B4S596'}
XNXXAXS,{'B3EP28', 'B4S596'}
XNXXALX,{'B4S596'}
XNXSXXS,{'B3EP28', 'B4S596'}
XNXSXLX,{'B4S596'}
XNXSAXX,{'B3EP28', 'B4S596'}
XNYXXXS,{'B3EP28', 'B4S596'}
XNYXXLX,{'B4S596'}
XNYXAXX,{'B3EP28', 'B4S596'}
XNYSXXX,{'B3EP28', 'B4S596'}
VXXXXLS,{'B4S596'}
VXXXAXS,{'B3EP28', 'B4S596'}
VXXSXXS,{'B3EP28', 'B4S596'}
VXYXXXS,{'B3EP28', 'B4S596'}
VXYXXLX,{'B4S596'}
VXYXAXX,{'B3EP28', 'B4S596'}
VXYSXXX,{'B3EP28', 'B4S596'}
VNXXXXS,{'B3EP28', 'B4S596'}
VNXXXLX,{'B4S596'}
VNXXAXX,{'B3EP28', 'B4S596'}
VNXSXXX,{'B3EP28', 'B4S596'}
VNYXXXX,{'B3EP28', 'B4S596'}
XXXXATK,{'Q97FU0', 'Q21TK4'}
XXXSXTK,{'Q97FU0', 'Q21TK4'}
XXFXXTK,{'Q21TK4'}
XLXXXTK,{'Q21TK4'}
RXXXXTK,{'Q21TK4'}
RXXXAXK,{'Q0C548', 'B9MDD6', 'Q21TK4'}
RXXXATX,{'Q21TK4'}
RXXSXXK,{'Q0C548', 'B9MDD6', 'Q21TK4'}
RXXSXTX,{'Q21TK4'}
RXXSAXX,{'Q0C548', 'B9MDD6', 'Q21TK4'}
RXFXXXK,{'B9MDD6', 'Q21TK4'}
RXFXXTX,{'Q21TK4'}
RXFXAXX,{'B9MDD6', 'Q21TK4'}
RXFSXXX,{'B9MDD6', 'Q21TK4'}
RLXXXXK,{'Q21TK4'}
RLXXXTX,{'Q21TK4'}
RLXXAXX,{'Q21TK4'}
RLXSXXX,{'Q21TK4'}
RLFXXXX,{'Q21TK4'}
XXXXAQI,{'C5BJZ8'}
XXXSXQI,{'C5BJZ8'}
XXXSAXI,{'C5BJZ8', 'Q8EPM2'}
XXVXXQI,{'C5BJZ8'}
XXVXAXI,{'C5BJZ8'}
XXVSXXI,{'C5BJZ8'}
XLXXXQI,{'C5BJZ8'}
XLXXAXI,{'C5BJZ8'}
XLXXAQX,{'C5BJZ8', 'Q21PP0'}
XLXSXXI,{'C5BJZ8'}
XLXSXQX,{'C5BJZ8', 'Q21PP0'}
XLVXXXI,{'C5BJZ8'}
XLVXXQX,{'C5BJZ8', 'Q21PP0'}
XLVXAXX,{'C5BJZ8', 'Q21PP0'}
XLVSXXX,{'C5BJZ8', 'Q21PP0'}
DXXXXQI,{'C5BJZ8'}
DXXXAXI,{'C5BJZ8'}
DXXXAQX,{'C5BJZ8', 'Q21PP0'}
DXXSXXI,{'C5BJZ8'}
DXXSXQX,{'C5BJZ8', 'Q21PP0'}
DXVXXXI,{'C5BJZ8'}
DXVXXQX,{'C5BJZ8', 'Q21PP0'}
DXVXAXX,{'C5BJZ8', 'Q21PP0'}
DXVSXXX,{'C5BJZ8', 'Q21PP0'}
DLXXXXI,{'C5BJZ8'}
DLXXXQX,{'C5BJZ8', 'Q21PP0'}
DLXXAXX,{'C5BJZ8', 'Q21PP0'}
DLXSXXX,{'C5BJZ8', 'Q21PP0'}
DLVXXXX,{'C5BJZ8', 'Q21PP0'}
XXXXAKE,{'O67679'}
XXXSXKE,{'O67679'}
XXSXXKE,{'O67679'}
XXSXAXE,{'O67679'}
XXSXAKX,{'O67679', 'Q0ASI7'}
XXSSXXE,{'O67679'}
XXSSXKX,{'O67679', 'Q0ASI7'}
XLXXXKE,{'O67679'}
XLXXAKX,{'O67679', 'Q4A7S3', 'Q4A9N9', 'Q7NAR6'}
XLXSXKX,{'O67679', 'Q4A7S3', 'Q4A9N9', 'Q7NAR6'}
XLSXXXE,{'O67679'}
XLSXXKX,{'O67679'}
XLSXAXX,{'O67679'}
XLSSXXX,{'O67679'}
VXXXXKE,{'O67679'}
VXXXAXE,{'O67679'}
VXXSXXE,{'O67679'}
VXSXXXE,{'O67679'}
VXSXXKX,{'O67679'}
VXSXAXX,{'O67679'}
VXSSXXX,{'O67679'}
VLXXXXE,{'O67679'}
VLXXXKX,{'O67679'}
VLXXAXX,{'Q67SJ6', 'O67679'}
VLXSXXX,{'Q67SJ6', 'O67679'}
VLSXXXX,{'O67679'}
XEXXXLK,{'O28943'}
XEXXAXK,{'O28943'}
XEXXALX,{'O28943'}
XEXSXXK,{'O28943'}
XEXSXLX,{'O28943'}
XEXSAXX,{'O28943'}
XEVXXXK,{'O28943'}
XEVXXLX,{'O28943'}
XEVXAXX,{'O28943'}
XEVSXXX,{'O28943'}
GXXXXLK,{'O28943'}
GXXXAXK,{'O28943'}
GXXXALX,{'O28943'}
GXXSXXK,{'O28943'}
GXXSXLX,{'O28943'}
GXXSAXX,{'O28943'}
GXVXXXK,{'O28943'}
GXVXXLX,{'O28943'}
GXVXAXX,{'O28943'}
GXVSXXX,{'O28943'}
GEXXXXK,{'O28943'}
GEXXXLX,{'O28943'}
GEXXAXX,{'O28943'}
GEXSXXX,{'O28943'}
GEVXXXX,{'O28943'}
XXXXASS,{'Q3YS22'}
XXXSXSS,{'Q3YS22'}
XXXSASX,{'B0SC16', 'Q3YS22', 'B1MXT9', 'Q0A4P0', 'B0SJA9'}
XXIXXSS,{'Q3YS22'}
XXIXAXS,{'Q3YS22'}
XXIXASX,{'Q3YS22', 'B0SC16', 'B0SJA9'}
XXISXXS,{'Q3YS22'}
XXISXSX,{'Q3YS22', 'B0SC16', 'B0SJA9'}
XVXXXSS,{'Q3YS22'}
XVXXASX,{'Q3YS22'}
XVXSXSX,{'Q3YS22'}
XVIXXXS,{'Q3YS22'}
XVIXXSX,{'Q3YS22'}
XVIXAXX,{'Q3YS22'}
XVISXXX,{'Q3YS22'}
PXXXXSS,{'Q3YS22'}
PXXXAXS,{'Q3YS22'}
PXXXASX,{'Q3YS22'}
PXXSXXS,{'Q3YS22'}
PXXSXSX,{'Q3YS22'}
PXXSAXX,{'Q3YS22'}
PXIXXXS,{'Q3YS22'}
PXIXXSX,{'Q3YS22'}
PXIXAXX,{'Q3YS22'}
PXISXXX,{'Q3YS22'}
PVXXXXS,{'Q3YS22'}
PVXXXSX,{'Q3YS22'}
PVXXAXX,{'Q3YS22'}
PVXSXXX,{'Q3YS22'}
PVIXXXX,{'Q3YS22'}
XFXXXLS,{'Q748I9', 'Q39YG6', 'A5G964'}
XFXXAXS,{'Q748I9', 'Q39YG6', 'A5G964'}
XFXSXXS,{'Q748I9', 'Q39YG6', 'A5G964'}
XFFXXXS,{'Q748I9', 'Q39YG6', 'A5G964'}
AXXXXLS,{'Q748I9', 'Q39YG6'}
AXXXAXS,{'Q748I9', 'Q39YG6'}
AXXXALX,{'Q748I9', 'Q39YG6'}
AXXSXXS,{'Q748I9', 'Q39YG6'}
AXXSXLX,{'Q748I9', 'Q39YG6'}
AXFXXXS,{'Q748I9', 'Q39YG6'}
AXFXXLX,{'Q748I9', 'Q39YG6'}
AXFXAXX,{'Q748I9', 'Q39YG6'}
AXFSXXX,{'Q748I9', 'Q39YG6'}
AFXXXXS,{'Q748I9', 'Q39YG6'}
AFXXXLX,{'Q748I9', 'Q39YG6'}
AFXXAXX,{'Q748I9', 'Q39YG6'}
AFXSXXX,{'Q748I9', 'Q39YG6'}
AFFXXXX,{'Q748I9', 'Q39YG6'}
XLXXXET,{'C5D5L1', 'Q5KWK2', 'Q67SJ6'}
XLXXAXT,{'B3WE42', 'Q039K2', 'C5D5L1', 'Q67SJ6', 'B2GBC5', 'Q5KWK2'}
XLXXAEX,{'C5D5L1', 'Q5KWK2', 'Q67SJ6'}
XLXSXXT,{'B3WE42', 'Q039K2', 'C5D5L1', 'Q67SJ6', 'B2GBC5', 'Q5KWK2'}
XLXSXEX,{'C5D5L1', 'Q5KWK2', 'Q67SJ6'}
XLFXXXT,{'B3WE42', 'Q039K2', 'C5D5L1', 'Q67SJ6', 'B2GBC5', 'Q5KWK2'}
XLFXXEX,{'C5D5L1', 'Q5KWK2', 'Q67SJ6'}
ILXXXXT,{'B3WE42', 'Q039K2', 'C5D5L1', 'B2GBC5', 'Q5KWK2'}
ILXXXEX,{'C5D5L1', 'Q5KWK2'}
NFXXXXS,{'A5G964'}
XXXXAKH,{'Q5UZW0'}
XXXSXKH,{'Q5UZW0'}
XXXSAXH,{'Q5UZW0'}
XXIXXKH,{'Q5UZW0'}
XXIXAXH,{'Q5UZW0'}
XXISXXH,{'Q5UZW0'}
XPXXXKH,{'Q5UZW0'}
XPXXAXH,{'Q5UZW0'}
XPXSXXH,{'Q5UZW0'}
XPIXXXH,{'Q5UZW0'}
AXXXXKH,{'Q5UZW0'}
AXXXAXH,{'Q5UZW0'}
AXXSXXH,{'Q5UZW0'}
AXIXXXH,{'Q5UZW0'}
APXXXXH,{'Q5UZW0'}
XXXXATT,{'B2GBC5', 'B3WE42', 'Q039K2'}
XXXSXTT,{'B2GBC5', 'B3WE42', 'Q039K2'}
XXFXXTT,{'B2GBC5', 'B3WE42', 'Q039K2'}
XLXXXTT,{'B2GBC5', 'B3WE42', 'Q039K2'}
IXXXXTT,{'B2GBC5', 'B3WE42', 'Q039K2'}
XXXXAKQ,{'Q0ASI7'}
XXXSXKQ,{'Q0ASI7'}
XXSXXKQ,{'Q0ASI7'}
XTXXXKQ,{'Q0ASI7'}
XTXXAXQ,{'Q0ASI7'}
XTXXAKX,{'Q0ASI7'}
XTXSXXQ,{'Q0ASI7'}
XTXSXKX,{'Q0ASI7'}
XTSXXXQ,{'Q0ASI7'}
XTSXXKX,{'Q0ASI7'}
XTSXAXX,{'Q0ASI7'}
XTSSXXX,{'Q0ASI7'}
AXXXXKQ,{'Q0ASI7'}
AXXXAXQ,{'Q0ASI7'}
AXXSXXQ,{'Q0ASI7'}
AXSXXXQ,{'Q0ASI7'}
AXSXXKX,{'Q0ASI7'}
AXSXAXX,{'Q0ASI7'}
AXSSXXX,{'Q0ASI7'}
ATXXXXQ,{'Q0ASI7'}
ATXXXKX,{'Q0ASI7'}
ATXXAXX,{'Q0ASI7'}
ATXSXXX,{'Q0ASI7'}
ATSXXXX,{'Q0ASI7'}
XXIXXKN,{'Q4A7S3', 'Q4A9N9', 'Q7NAR6'}
XXIXAXN,{'Q4A7S3', 'Q4A9N9', 'Q7NAR6'}
XXISXXN,{'Q4A7S3', 'Q4A9N9', 'Q7NAR6'}
XLXXXKN,{'Q4A7S3', 'Q4A9N9', 'Q7NAR6'}
XLIXXXN,{'Q4A7S3', 'Q4A9N9', 'Q7NAR6'}
XLIXXKX,{'Q4A7S3', 'Q4A9N9', 'Q7NAR6'}
XLIXAXX,{'Q4A7S3', 'Q4A9N9', 'Q7NAR6'}
XLISXXX,{'Q4A7S3', 'Q4A9N9', 'Q7NAR6'}
LXXXXKN,{'Q4A7S3', 'Q4A9N9', 'Q7NAR6'}
LXIXXXN,{'Q4A7S3', 'Q4A9N9', 'Q7NAR6'}
LXIXXKX,{'Q4A7S3', 'Q4A9N9', 'Q7NAR6'}
LXIXAXX,{'Q4A7S3', 'Q4A9N9', 'Q7NAR6'}
LXISXXX,{'Q4A7S3', 'Q4A9N9', 'Q7NAR6'}
LLXXXXN,{'Q4A7S3', 'Q4A9N9', 'Q7NAR6'}
LLXXXKX,{'Q4A7S3', 'Q4A9N9', 'Q7NAR6'}
LLXXAXX,{'Q4A7S3', 'Q4A9N9', 'Q7NAR6'}
LLXSXXX,{'Q4A7S3', 'Q4A9N9', 'Q7NAR6'}
LLIXXXX,{'Q4A7S3', 'Q4A9N9', 'Q7NAR6'}
XXXXAVN,{'Q3JDM3'}
XXXSXVN,{'Q3JDM3'}
XXFXXVN,{'Q3JDM3'}
XXFXAVX,{'Q1WUI3', 'Q3JDM3', 'Q8RC22'}
XXFSXVX,{'Q1WUI3', 'Q3JDM3', 'Q8RC22'}
XLXXXVN,{'Q3JDM3'}
XLXXAVX,{'Q1WUI3', 'Q3JDM3'}
XLXSXVX,{'Q1WUI3', 'Q3JDM3'}
XLFXXVX,{'Q1WUI3', 'Q3JDM3'}
QXXXXVN,{'Q3JDM3'}
QXXXAVX,{'Q3JDM3'}
QXXSXVX,{'Q3JDM3'}
QXFXXVX,{'Q3JDM3'}
QLXXXVX,{'Q3JDM3'}
XXXXAEI,{'Q8EPM2'}
XXXSXEI,{'Q8EPM2'}
XXFXXEI,{'Q8EPM2'}
XXFXAXI,{'Q8EPM2'}
XXFSXXI,{'Q8EPM2'}
XPXXXEI,{'Q8EPM2'}
XPXXAXI,{'Q8EPM2'}
XPXSXXI,{'Q8EPM2'}
XPFXXXI,{'Q8EPM2'}
IXXXXEI,{'Q8EPM2'}
IXXXAXI,{'Q8EPM2'}
IXXSXXI,{'Q8EPM2'}
IXFXXXI,{'Q8EPM2'}
IPXXXXI,{'Q8EPM2'}
XXWXXLS,{'Q8EPM2'}
XXWXAXS,{'Q8EPM2'}
XXWXALX,{'Q8EPM2'}
XXWSXXS,{'Q8EPM2'}
XXWSXLX,{'Q8EPM2'}
XXWSAXX,{'Q8EPM2'}
XAXXXLS,{'Q8EPM2'}
XAXXAXS,{'Q8EPM2'}
XAXSXXS,{'Q8EPM2'}
XAWXXXS,{'Q8EPM2'}
XAWXXLX,{'Q8EPM2'}
XAWXAXX,{'Q8EPM2'}
XAWSXXX,{'Q8EPM2'}
EXXXXLS,{'Q8EPM2'}
EXXXAXS,{'Q8EPM2'}
EXXSXXS,{'Q8EPM2'}
EXWXXXS,{'Q8EPM2'}
EXWXXLX,{'Q8EPM2'}
EXWXAXX,{'Q8EPM2'}
EXWSXXX,{'Q8EPM2'}
EAXXXXS,{'Q8EPM2'}
EAWXXXX,{'Q8EPM2'}
XAFXXLX,{'P57947'}
XXXXAYG,{'B2FTY5'}
XXXSXYG,{'B2FTY5'}
XXXSAYX,{'B2FTY5'}
XXQXXYG,{'B2FTY5'}
XXQXAXG,{'B2FTY5'}
XXQXAYX,{'B2FTY5'}
XXQSXXG,{'B2FTY5'}
XXQSXYX,{'B2FTY5'}
XXQSAXX,{'B2FTY5'}
XLXXXYG,{'B2FTY5'}
XLXXAXG,{'B2FTY5'}
XLXXAYX,{'B2FTY5'}
XLXSXXG,{'B2FTY5'}
XLXSXYX,{'B2FTY5'}
XLQXXXG,{'B2FTY5'}
XLQXXYX,{'B2FTY5'}
XLQXAXX,{'B2FTY5'}
XLQSXXX,{'B2FTY5'}
EXXXXYG,{'B2FTY5'}
EXXXAXG,{'B2FTY5'}
EXXXAYX,{'B2FTY5'}
EXXSXXG,{'B2FTY5'}
EXXSXYX,{'B2FTY5'}
EXQXXXG,{'B2FTY5'}
EXQXXYX,{'B2FTY5'}
EXQXAXX,{'B2FTY5'}
EXQSXXX,{'B2FTY5'}
ELXXXXG,{'B2FTY5'}
ELXXXYX,{'B2FTY5'}
ELXXAXX,{'B2FTY5'}
ELXSXXX,{'B2FTY5'}
ELQXXXX,{'B2FTY5'}
VXXXXET,{'Q67SJ6', 'C4L4J3', 'A5D451'}
VXXXAEX,{'Q67SJ6', 'C4L4J3', 'A5D451'}
VXXSXEX,{'Q67SJ6', 'C4L4J3', 'A5D451'}
VXFXXEX,{'Q67SJ6', 'C4L4J3', 'A5D451'}
VLXXXXT,{'Q67SJ6'}
VLXXXEX,{'Q67SJ6'}
VLFXXXX,{'Q67SJ6'}
XMXXXLK,{'B9MDD6', 'Q21PP0'}
XMXXALX,{'B9MDD6', 'Q21PP0'}
XMXSXLX,{'B9MDD6', 'Q21PP0'}
XMFXXLX,{'B9MDD6', 'Q21PP0'}
RXXXXLK,{'B9MDD6'}
RXXXALX,{'B9MDD6'}
RXXSXLX,{'B9MDD6'}
RXFXXLX,{'B9MDD6'}
RMXXXXK,{'Q0C548', 'B9MDD6'}
RMXXXLX,{'B9MDD6'}
RMXXAXX,{'Q0C548', 'B9MDD6'}
RMXSXXX,{'Q0C548', 'B9MDD6'}
RMFXXXX,{'B9MDD6'}
XXXXASD,{'B1MXT9'}
XXXSXSD,{'B1MXT9'}
XXXSAXD,{'B1MXT9', 'Q1WUI3'}
XXSXXSD,{'B1MXT9'}
XXSXAXD,{'B1MXT9'}
XXSXASX,{'B1MXT9'}
XXSSXXD,{'B1MXT9'}
XXSSXSX,{'B1MXT9'}
XDXXXSD,{'B1MXT9'}
XDXXAXD,{'B1MXT9'}
XDXXASX,{'B1MXT9'}
XDXSXXD,{'B1MXT9'}
XDXSXSX,{'B1MXT9'}
XDXSAXX,{'B1MXT9'}
XDSXXXD,{'B1MXT9'}
XDSXXSX,{'B1MXT9'}
XDSXAXX,{'B1MXT9'}
XDSSXXX,{'B1MXT9'}
FXXXXSD,{'B1MXT9'}
FXXXAXD,{'B1MXT9'}
FXXXASX,{'B1MXT9', 'B0SC16', 'B0SJA9'}
FXXSXXD,{'B1MXT9'}
FXXSXSX,{'B1MXT9', 'B0SC16', 'B0SJA9'}
FXSXXXD,{'B1MXT9'}
FXSXXSX,{'B1MXT9'}
FDXXXXD,{'B1MXT9'}
FDXXXSX,{'B1MXT9'}
FDXXAXX,{'B1MXT9'}
FDXSXXX,{'B1MXT9'}
FDSXXXX,{'B1MXT9'}
XXXXAKK,{'Q46B95', 'Q8PTK0'}
XXXSXKK,{'Q46B95', 'Q8PTK0'}
XXIXXKK,{'Q46B95', 'Q8PTK0'}
XXIXAXK,{'Q46B95', 'Q8PTK0'}
XXISXXK,{'Q46B95', 'Q8PTK0'}
XPXXXKK,{'Q46B95', 'Q8PTK0'}
XPIXXXK,{'Q46B95', 'Q8PTK0'}
AXXXXKK,{'Q46B95', 'Q8PTK0'}
AXXXAXK,{'Q46B95', 'Q8PTK0'}
AXXSXXK,{'Q46B95', 'Q8PTK0'}
AXIXXXK,{'Q46B95', 'Q8PTK0'}
APXXXXK,{'Q46B95', 'Q8PTK0'}
XFXXXET,{'A5D451'}
XFXXAEX,{'A5D451'}
XFXSXEX,{'A5D451'}
XFFXXXT,{'Q3A0Y0', 'A5D451', 'B8CY70'}
XFFXXEX,{'A5D451'}
VFXXXXT,{'A5D451'}
VFXXXEX,{'A5D451'}
VFXXAXX,{'A5D451'}
VFXSXXX,{'A5D451'}
VFFXXXX,{'A5D451'}
XPXXXLS,{'Q026Q1'}
XPXXAXS,{'Q026Q1'}
XPXSXXS,{'Q026Q1'}
XPFXXXS,{'Q026Q1'}
LXXXXLS,{'Q026Q1', 'A1AU48'}
LXXXALX,{'Q026Q1', 'A1AU48'}
LXXSXLX,{'Q026Q1', 'A1AU48'}
LXFXXLX,{'Q026Q1', 'A1AU48'}
LPXXXXS,{'Q026Q1'}
LPXXXLX,{'Q026Q1'}
LPXXAXX,{'Q026Q1'}
LPXSXXX,{'Q026Q1'}
LPFXXXX,{'Q026Q1'}
XXXXALE,{'B0K530', 'B0KBA1'}
XXXSXLE,{'B0K530', 'B0KBA1'}
XXFXXLE,{'B0K530', 'B0KBA1'}
XIXXXLE,{'B0K530', 'B0KBA1'}
XIXXAXE,{'B0K530', 'B0KBA1'}
XIXXALX,{'B0K530', 'Q7VNY0', 'B0KBA1'}
XIXSXXE,{'B0K530', 'B0KBA1'}
XIXSXLX,{'B0K530', 'Q7VNY0', 'B0KBA1'}
XIFXXXE,{'B0K530', 'B0KBA1'}
XIFXXLX,{'B0K530', 'B0KBA1'}
IXXXXLE,{'B0K530', 'B0KBA1'}
IIXXXXE,{'B0K530', 'B0KBA1'}
IIXXXLX,{'B0K530', 'B0KBA1'}
XXLXXQN,{'A6VLN4'}
XXLXAXN,{'A6VLN4'}
XXLXAQX,{'A6VLN4'}
XXLSXXN,{'A6VLN4'}
XXLSXQX,{'A6VLN4'}
XTXXXQN,{'A6VLN4'}
XTXXAXN,{'A6VLN4'}
XTXXAQX,{'A6VLN4'}
XTXSXXN,{'A6VLN4'}
XTXSXQX,{'A6VLN4'}
XTLXXXN,{'A6VLN4'}
XTLXXQX,{'A6VLN4'}
XTLXAXX,{'A6VLN4'}
XTLSXXX,{'A6VLN4'}
EXLXXXN,{'A6VLN4'}
EXLXXQX,{'A6VLN4'}
EXLXAXX,{'A6VLN4'}
EXLSXXX,{'A6VLN4'}
ETXXXXN,{'A6VLN4'}
ETXXXQX,{'A6VLN4'}
ETXXAXX,{'A6VLN4'}
ETXSXXX,{'A6VLN4'}
ETLXXXX,{'A6VLN4'}
XXXXASK,{'Q0A4P0'}
XXXSXSK,{'Q0A4P0'}
XXFXXSK,{'Q0A4P0'}
XXFXASX,{'Q0A4P0'}
XXFSXSX,{'Q0A4P0'}
XIXXXSK,{'Q0A4P0'}
XIXXAXK,{'Q0A4P0'}
XIXXASX,{'Q0A4P0'}
XIXSXXK,{'Q0A4P0'}
XIXSXSX,{'Q0A4P0'}
XIFXXXK,{'Q0A4P0'}
XIFXXSX,{'Q0A4P0'}
QXXXXSK,{'Q0A4P0'}
QXXXASX,{'Q0A4P0'}
QXXSXSX,{'Q0A4P0'}
QXFXXSX,{'Q0A4P0'}
QIXXXXK,{'Q0A4P0'}
QIXXXSX,{'Q0A4P0'}
QIXXAXX,{'Q0A4P0'}
QIXSXXX,{'Q0A4P0'}
QIFXXXX,{'Q0A4P0'}
XXXXAEK,{'A1UTM1', 'Q0C548'}
XXXSXEK,{'A1UTM1', 'Q0C548'}
XXTXXEK,{'A1UTM1', 'Q0C548'}
XXTXAXK,{'A1UTM1', 'Q0C548'}
XXTXAEX,{'A1UTM1', 'Q0C548'}
XXTSXXK,{'A1UTM1', 'Q0C548'}
XXTSXEX,{'A1UTM1', 'Q0C548'}
XTXXXEK,{'A1UTM1'}
XTXXAXK,{'A1UTM1'}
XTXSXXK,{'A1UTM1'}
XTTXXXK,{'A1UTM1'}
XTTXXEX,{'A1UTM1'}
XTTXAXX,{'A1UTM1'}
XTTSXXX,{'A1UTM1'}
LXXXXEK,{'A1UTM1'}
LXXXAEX,{'A1UTM1'}
LXXSXEX,{'A1UTM1'}
LXTXXXK,{'A1UTM1'}
LXTXXEX,{'A1UTM1'}
LXTXAXX,{'A1UTM1'}
LXTSXXX,{'A1UTM1'}
LTXXXXK,{'A1UTM1'}
LTXXXEX,{'A1UTM1'}
LTXXAXX,{'A1UTM1'}
LTXSXXX,{'A1UTM1'}
LTTXXXX,{'A1UTM1'}
XXRXXTG,{'Q89BP9'}
XXRXAXG,{'Q89BP9'}
XXRXATX,{'Q89BP9'}
XXRSXXG,{'Q89BP9'}
XXRSXTX,{'Q89BP9'}
XXRSAXX,{'Q89BP9'}
XSXXXTG,{'Q89BP9'}
XSXXAXG,{'Q89BP9'}
XSXXATX,{'Q89BP9'}
XSXSXXG,{'Q89BP9'}
XSXSXTX,{'Q89BP9'}
XSRXXXG,{'Q89BP9'}
XSRXXTX,{'Q89BP9'}
XSRXAXX,{'Q89BP9'}
XSRSXXX,{'Q89BP9'}
SXXXXTG,{'Q89BP9'}
SXXXAXG,{'Q89BP9'}
SXXXATX,{'Q89BP9'}
SXXSXXG,{'Q89BP9'}
SXXSXTX,{'Q89BP9'}
SXRXXXG,{'Q89BP9'}
SXRXXTX,{'Q89BP9'}
SXRXAXX,{'Q89BP9'}
SXRSXXX,{'Q89BP9'}
SSXXXXG,{'Q89BP9'}
SSXXXTX,{'Q89BP9'}
SSXXAXX,{'Q89BP9'}
SSXSXXX,{'Q89BP9'}
SSRXXXX,{'Q89BP9'}
XVXXXKT,{'B8FLF0'}
XVXXAKX,{'B8FLF0'}
XVXSXKX,{'B8FLF0'}
XVFXXKX,{'B8FLF0'}
HXXXXKT,{'B8FLF0'}
HXXXAXT,{'B8FLF0'}
HXXXAKX,{'B8FLF0'}
HXXSXXT,{'B8FLF0'}
HXXSXKX,{'B8FLF0'}
HXXSAXX,{'B8FLF0'}
HXFXXXT,{'B8FLF0'}
HXFXXKX,{'B8FLF0'}
HXFXAXX,{'B8FLF0'}
HXFSXXX,{'B8FLF0'}
HVXXXXT,{'B8FLF0'}
HVXXXKX,{'B8FLF0'}
HVXXAXX,{'B8FLF0'}
HVXSXXX,{'B8FLF0'}
HVFXXXX,{'B8FLF0'}
XXTXXTE,{'A6H1A5'}
XXTXAXE,{'A6H1A5'}
XXTSXXE,{'A6H1A5'}
XVXXXTE,{'A6H1A5'}
XVXXAXE,{'A6H1A5', 'Q8RC22'}
XVXXATX,{'A6H1A5'}
XVXSXXE,{'A6H1A5', 'Q8RC22'}
XVXSXTX,{'A6H1A5'}
XVTXXXE,{'A6H1A5'}
XVTXXTX,{'A6H1A5'}
XVTXAXX,{'A6H1A5'}
XVTSXXX,{'A6H1A5'}
FXXXXTE,{'A6H1A5'}
FXXXAXE,{'A6H1A5'}
FXXSXXE,{'A6H1A5'}
FXTXXXE,{'A6H1A5'}
FVXXXXE,{'A6H1A5'}
FVXXXTX,{'A6H1A5'}
FVXXAXX,{'A6H1A5'}
FVXSXXX,{'A6H1A5'}
FVTXXXX,{'A6H1A5'}
XFFXXKX,{'B8CY70'}
TXXXXKT,{'B8CY70'}
TXXXAXT,{'B8CY70'}
TXXXAKX,{'B8CY70'}
TXXSXXT,{'B8CY70'}
TXXSXKX,{'B8CY70'}
TXFXXXT,{'B8CY70'}
TXFXXKX,{'B8CY70'}
TXFXAXX,{'B8CY70'}
TXFSXXX,{'B8CY70'}
TFXXXXT,{'B8CY70'}
TFXXXKX,{'B8CY70'}
TFFXXXX,{'B8CY70'}
XXXXAKG,{'Q1IRA2'}
XXXSXKG,{'Q1IRA2'}
XXFXXKG,{'Q1IRA2'}
XXFXAXG,{'Q1IRA2'}
XXFSXXG,{'Q1IRA2'}
XPXXXKG,{'Q1IRA2'}
XPXXAXG,{'Q1IRA2'}
XPXSXXG,{'Q1IRA2'}
XPFXXXG,{'Q1IRA2'}
VXXXXKG,{'Q1IRA2'}
VXXXAXG,{'Q1IRA2'}
VXXSXXG,{'Q1IRA2'}
VXFXXXG,{'Q1IRA2'}
VXFXXKX,{'Q1IRA2'}
VPXXXXG,{'Q1IRA2'}
VPXXXKX,{'Q1IRA2'}
XAXXXKT,{'Q88VE3'}
XAXXAXT,{'C4L4J3', 'Q88VE3'}
XAXXAKX,{'Q88VE3'}
XAXSXXT,{'C4L4J3', 'Q88VE3'}
XAXSXKX,{'Q88VE3'}
XAFXXXT,{'C4L4J3', 'Q88VE3'}
XAFXXKX,{'Q88VE3'}
IAXXXXT,{'Q88VE3'}
IAXXXKX,{'Q88VE3'}
IAXXAXX,{'Q88VE3'}
IAXSXXX,{'Q88VE3'}
IAFXXXX,{'Q88VE3'}
XXXXAVD,{'Q1WUI3'}
XXXSXVD,{'Q1WUI3'}
XXFXXVD,{'Q1WUI3'}
XXFXAXD,{'Q1WUI3'}
XXFSXXD,{'Q1WUI3'}
XLXXXVD,{'Q1WUI3'}
XLXXAXD,{'Q1WUI3'}
XLXSXXD,{'Q1WUI3'}
XLFXXXD,{'Q1WUI3'}
IXXXXVD,{'Q1WUI3'}
IXXXAXD,{'Q1WUI3'}
IXXXAVX,{'Q1WUI3', 'Q8RC22'}
IXXSXXD,{'Q1WUI3'}
IXXSXVX,{'Q1WUI3', 'Q8RC22'}
IXFXXXD,{'Q1WUI3'}
IXFXXVX,{'Q1WUI3', 'Q8RC22'}
ILXXXXD,{'Q1WUI3'}
ILXXXVX,{'Q1WUI3'}
XXXXAST,{'B0SC16', 'B0SJA9'}
XXXSXST,{'B0SC16', 'B0SJA9'}
XXIXXST,{'B0SC16', 'B0SJA9'}
XXIXAXT,{'B0SC16', 'B0SJA9'}
XXISXXT,{'B0SC16', 'B0SJA9'}
XYXXXST,{'B0SC16', 'B0SJA9'}
XYXXAXT,{'B0SC16', 'B0SJA9'}
XYXXASX,{'B0SC16', 'B0SJA9'}
XYXSXXT,{'B0SC16', 'B0SJA9'}
XYXSXSX,{'B0SC16', 'B0SJA9'}
XYIXXXT,{'B0SC16', 'B0SJA9'}
XYIXXSX,{'B0SC16', 'B0SJA9'}
XYIXAXX,{'B0SC16', 'B0SJA9'}
XYISXXX,{'B0SC16', 'B0SJA9'}
FXXXXST,{'B0SC16', 'B0SJA9'}
FXXXAXT,{'B0SC16', 'B0SJA9'}
FXXSXXT,{'B0SC16', 'B0SJA9'}
FXIXXXT,{'B0SC16', 'B0SJA9'}
FXIXXSX,{'B0SC16', 'B0SJA9'}
FXIXAXX,{'B0SC16', 'B0SJA9'}
FXISXXX,{'B0SC16', 'B0SJA9'}
FYXXXXT,{'B0SC16', 'B0SJA9'}
FYXXXSX,{'B0SC16', 'B0SJA9'}
FYXXAXX,{'B0SC16', 'B0SJA9'}
FYXSXXX,{'B0SC16', 'B0SJA9'}
FYIXXXX,{'B0SC16', 'B0SJA9'}
XXXXAVE,{'Q8RC22'}
XXXSXVE,{'Q8RC22'}
XXFXXVE,{'Q8RC22'}
XVXXXVE,{'Q8RC22'}
XVXXAVX,{'Q8RC22'}
XVXSXVX,{'Q8RC22'}
XVFXXXE,{'Q8RC22'}
XVFXXVX,{'Q8RC22'}
IXXXXVE,{'Q8RC22'}
IVXXXXE,{'Q8RC22'}
IVXXXVX,{'Q8RC22'}
XXXXAIS,{'B3EP28'}
XXXSXIS,{'B3EP28'}
XXYXXIS,{'B3EP28'}
XNXXXIS,{'B3EP28'}
XNXXAIX,{'B3EP28'}
XNXSXIX,{'B3EP28'}
XNYXXIX,{'B3EP28'}
VXXXXIS,{'B3EP28'}
VXXXAIX,{'B3EP28'}
VXXSXIX,{'B3EP28'}
VXYXXIX,{'B3EP28'}
VNXXXIX,{'B3EP28'}
XXSXXTK,{'Q97FU0'}
XXSXAXK,{'Q97FU0'}
XXSSXXK,{'Q97FU0'}
XFXXXTK,{'Q97FU0'}
XFXXAXK,{'Q97FU0'}
XFXSXXK,{'Q97FU0'}
XFSXXXK,{'Q97FU0'}
FXXXXTK,{'Q97FU0'}
FXSXXXK,{'Q97FU0'}
FFXXXXK,{'Q97FU0'}
XAXXXET,{'C4L4J3'}
XAXXAEX,{'C4L4J3'}
XAXSXEX,{'C4L4J3'}
XAFXXEX,{'C4L4J3'}
VAXXXXT,{'C4L4J3'}
VAXXXEX,{'C4L4J3'}
VAXXAXX,{'C4L4J3'}
VAXSXXX,{'C4L4J3'}
VAFXXXX,{'C4L4J3'}
XIXXXLN,{'Q7VNY0'}
XIXXAXN,{'Q7VNY0'}
XIXSXXN,{'Q7VNY0'}
XIYXXXN,{'Q7VNY0'}
XIYXXLX,{'Q7VNY0'}
XIYXAXX,{'Q7VNY0'}
XIYSXXX,{'Q7VNY0'}
EIXXXXN,{'Q7VNY0'}
EIXXXLX,{'Q7VNY0'}
EIXXAXX,{'Q7VNY0'}
EIXSXXX,{'Q7VNY0'}
EIYXXXX,{'Q7VNY0'}
XMXXXEK,{'Q0C548'}
XMXXAEX,{'Q0C548'}
XMXSXEX,{'Q0C548'}
XMTXXXK,{'Q0C548'}
XMTXXEX,{'Q0C548'}
XMTXAXX,{'Q0C548'}
XMTSXXX,{'Q0C548'}
RXXXXEK,{'Q0C548'}
RXXXAEX,{'Q0C548'}
RXXSXEX,{'Q0C548'}
RXTXXXK,{'Q0C548'}
RXTXXEX,{'Q0C548'}
RXTXAXX,{'Q0C548'}
RXTSXXX,{'Q0C548'}
RMXXXEX,{'Q0C548'}
RMTXXXX,{'Q0C548'}
XXXXAIK,{'Q04H41'}
XXXSXIK,{'Q04H41'}
XXFXXIK,{'Q04H41'}
XXFXAIX,{'Q04H41'}
XXFSXIX,{'Q04H41'}
XLXXXIK,{'Q04H41'}
XLXXAIX,{'Q04H41'}
XLXSXIX,{'Q04H41'}
XLFXXIX,{'Q04H41'}
IXXXXIK,{'Q04H41'}
IXXXAXK,{'Q04H41'}
IXXSXXK,{'Q04H41'}
IXFXXXK,{'Q04H41'}
IXFXXIX,{'Q04H41'}
ILXXXXK,{'Q04H41'}
ILXXXIX,{'Q04H41'}
XFXXXLT,{'Q3A0Y0'}
SXXXXLT,{'Q3A0Y0'}
SXXXAXT,{'Q3A0Y0'}
SXXXALX,{'Q3A0Y0'}
SXXSXXT,{'Q3A0Y0'}
SXXSXLX,{'Q3A0Y0'}
SXFXXXT,{'Q3A0Y0'}
SXFXXLX,{'Q3A0Y0'}
SXFXAXX,{'Q3A0Y0'}
SXFSXXX,{'Q3A0Y0'}
SFXXXXT,{'Q3A0Y0'}
SFXXXLX,{'Q3A0Y0'}
SFXXAXX,{'Q3A0Y0'}
SFXSXXX,{'Q3A0Y0'}
SFFXXXX,{'Q3A0Y0'}
LHXXXXS,{'A1AU48'}
LHXXXLX,{'A1AU48'}
LHXXAXX,{'A1AU48'}
LHXSXXX,{'A1AU48'}
LHFXXXX,{'A1AU48'}
XXXXAQM,{'Q21PP0'}
XXXSXQM,{'Q21PP0'}
XXXSAXM,{'Q21PP0'}
XXVXXQM,{'Q21PP0'}
XXVXAXM,{'Q21PP0'}
XXVSXXM,{'Q21PP0'}
XLXXXQM,{'Q21PP0'}
XLXXAXM,{'Q21PP0'}
XLXSXXM,{'Q21PP0'}
XLVXXXM,{'Q21PP0'}
DXXXXQM,{'Q21PP0'}
DXXXAXM,{'Q21PP0'}
DXXSXXM,{'Q21PP0'}
DXVXXXM,{'Q21PP0'}
DLXXXXM,{'Q21PP0'}
QMXXXXK,{'Q21PP0'}
QMXXXLX,{'Q21PP0'}
XIXXXKT,{'Q2LVW9'}
XIXXAKX,{'Q2LVW9'}
XIXSXKX,{'Q2LVW9'}
XIFXXKX,{'Q2LVW9'}
LXFXXXT,{'Q2LVW9'}
LXFXXKX,{'Q2LVW9'}
LIXXXXT,{'Q2LVW9'}
LIXXXKX,{'Q2LVW9'}
LIXXAXX,{'Q2LVW9'}
LIXSXXX,{'Q2LVW9'}
LIFXXXX,{'Q2LVW9'}
QPXXXXK,{'B8GTD2'}
QPXXXLX,{'B8GTD2'}
QPXXAXX,{'B8GTD2'}
QPXSXXX,{'B8GTD2'}
QPFXXXX,{'B8GTD2'}
